name,date,INSOL,srad
alaskaRange,2019-06-01,2.0907698619613975E7,312.33172688331507
coastNorth,2019-06-01,1.7721158841726497E7,272.15129753902653
coastSouth,2019-06-01,2.1182795721247587E7,352.1775074689029
interiorNorth,2019-06-01,2.5187554219346073E7,382.50289883403656
interiorSouth,2019-06-01,4.0779415815823995E7,699.6877883888138
alaskaRange,2019-06-02,1.8172440406740353E7,269.078614478975
coastNorth,2019-06-02,2.2607952227082986E7,346.8631213722915
coastSouth,2019-06-02,2.3825622441835154E7,393.3460491183776
interiorNorth,2019-06-02,3.195109733419536E7,487.51193063604006
interiorSouth,2019-06-02,3.859016297543832E7,660.6148212918723
alaskaRange,2019-06-03,1.969747936516311E7,292.2891871481131
coastNorth,2019-06-03,1.8776955072885092E7,287.36425472763915
coastSouth,2019-06-03,2.2973674938013155E7,378.32744685765385
interiorNorth,2019-06-03,2.2026030326653358E7,332.9762198106298
interiorSouth,2019-06-03,3.01644117620671E7,516.2272155008195
alaskaRange,2019-06-04,2.9560671286682125E7,435.2333204369847
coastNorth,2019-06-04,2.5058064809939068E7,381.77335625665256
coastSouth,2019-06-04,2.1785954380556133E7,359.4687622515535
interiorNorth,2019-06-04,2.953827773691363E7,447.5853018418798
interiorSouth,2019-06-04,3.1736252797026645E7,541.8367012808945
alaskaRange,2019-06-05,2.3538512886722576E7,344.59862772520785
coastNorth,2019-06-05,2.474277777868324E7,375.82493644759376
coastSouth,2019-06-05,2.0113513160723094E7,326.6128655998293
interiorNorth,2019-06-05,2.6146511986655973E7,396.5938300846508
interiorSouth,2019-06-05,2.5001505493871562E7,424.8711316656639
alaskaRange,2019-06-06,1.7352146685428403E7,254.48360059233462
coastNorth,2019-06-06,1.986172638360226E7,301.53402391164326
coastSouth,2019-06-06,2.7134827702799868E7,440.27613029796254
interiorNorth,2019-06-06,2.3424986050593525E7,348.36664779950985
interiorSouth,2019-06-06,2.45158075294176E7,416.9970517592125
alaskaRange,2019-06-07,2.087845167992956E7,304.39022249608405
coastNorth,2019-06-07,2.3010734379873324E7,348.7565598993256
coastSouth,2019-06-07,2.7140674294989336E7,438.5143289050698
interiorNorth,2019-06-07,1.9930607360710736E7,303.93727684260915
interiorSouth,2019-06-07,2.2042260323931843E7,374.8416889409113
alaskaRange,2019-06-08,2.302935980139087E7,337.1089614866427
coastNorth,2019-06-08,1.7884273901412223E7,271.3650118008977
coastSouth,2019-06-08,2.650305194453906E7,432.5964842789182
interiorNorth,2019-06-08,2.624697549934694E7,388.1876037213787
interiorSouth,2019-06-08,2.64550899551818E7,448.5080202641582
alaskaRange,2019-06-09,1.835218234327307E7,266.0769992071759
coastNorth,2019-06-09,2.0532276338238303E7,310.68438004990867
coastSouth,2019-06-09,2.284756858621984E7,370.693242037186
interiorNorth,2019-06-09,2.2171217587412566E7,336.08277376042975
interiorSouth,2019-06-09,2.8868874563870665E7,489.03655382710787
alaskaRange,2019-06-10,2.4061087832379665E7,348.4635055945672
coastNorth,2019-06-10,2.1295715263505563E7,320.01175064891584
coastSouth,2019-06-10,1.7410141545899864E7,285.55134999816556
interiorNorth,2019-06-10,2.2593235667384308E7,343.11000643076386
interiorSouth,2019-06-10,2.5338462750178993E7,428.0372072884151
alaskaRange,2019-06-11,2.3935468178133897E7,346.93555159971356
coastNorth,2019-06-11,1.2738945646279383E7,190.80296140531323
coastSouth,2019-06-11,1.82897581501694E7,303.3224837675443
interiorNorth,2019-06-11,2.4955346822908066E7,372.65259109593035
interiorSouth,2019-06-11,3.0133161432576615E7,509.65548653848066
alaskaRange,2019-06-12,1.989874900346726E7,288.689986401983
coastNorth,2019-06-12,1.346007302471108E7,201.91569470946212
coastSouth,2019-06-12,1.9928841175145924E7,326.98192851009713
interiorNorth,2019-06-12,1.6879715673469104E7,256.42170423351746
interiorSouth,2019-06-12,3.537345339441781E7,597.6243036393923
alaskaRange,2019-06-13,1.9551944653650545E7,281.0294167951192
coastNorth,2019-06-13,2.3836229234855644E7,356.11149806668
coastSouth,2019-06-13,2.595163705502075E7,418.84482015636337
interiorNorth,2019-06-13,2.1219277681098696E7,310.8863081542201
interiorSouth,2019-06-13,2.7260533514616057E7,459.83007832795363
alaskaRange,2019-06-14,2.2017353024506282E7,315.4016964634692
coastNorth,2019-06-14,1.843669576245714E7,275.9670685575594
coastSouth,2019-06-14,3.423049971321941E7,551.5575982820145
interiorNorth,2019-06-14,3.1601382512979884E7,464.73884918404826
interiorSouth,2019-06-14,2.9690775278130427E7,500.84979814415715
alaskaRange,2019-06-15,1.7746318670685973E7,255.17526634537015
coastNorth,2019-06-15,1.205250895587815E7,179.4909765480275
coastSouth,2019-06-15,2.700231002757707E7,439.8622874000905
interiorNorth,2019-06-15,3.3522686569452632E7,496.77311278529135
interiorSouth,2019-06-15,3.791389122807428E7,638.1534704280244
alaskaRange,2019-06-16,1.6721420723444585E7,239.6892770807445
coastNorth,2019-06-16,1.783717361445518E7,264.6629001944735
coastSouth,2019-06-16,1.6638361000417443E7,274.5379887930424
interiorNorth,2019-06-16,2.226704425994736E7,331.18811349928757
interiorSouth,2019-06-16,4.073876335394445E7,685.4666453566573
alaskaRange,2019-06-17,1.998650846824927E7,288.6004233840046
coastNorth,2019-06-17,1.1559664827593975E7,171.8277225835005
coastSouth,2019-06-17,1.9335160933735847E7,316.5880367957056
interiorNorth,2019-06-17,2.374470239162567E7,350.76282996411595
interiorSouth,2019-06-17,3.303140842091003E7,556.0896040513766
alaskaRange,2019-06-18,1.5541142457674868E7,222.38776324195598
coastNorth,2019-06-18,2.101697353877796E7,313.0147210458409
coastSouth,2019-06-18,1.8718779950818207E7,304.4094260915602
interiorNorth,2019-06-18,1.7459083110910546E7,258.645748527095
interiorSouth,2019-06-18,2.3678682134965353E7,398.5487744167595
alaskaRange,2019-06-19,2.917511142353796E7,418.9491117738786
coastNorth,2019-06-19,2.42120061438089E7,360.4471876345626
coastSouth,2019-06-19,2.5436786415612E7,407.0794625475128
interiorNorth,2019-06-19,2.112506922351919E7,308.0925787583837
interiorSouth,2019-06-19,2.3135156727088865E7,389.46461376651837
alaskaRange,2019-06-20,2.3460928892315168E7,334.8224785308012
coastNorth,2019-06-20,2.2122187856426265E7,330.14328221488074
coastSouth,2019-06-20,2.8691726055143557E7,456.90334867281297
interiorNorth,2019-06-20,2.592378902587891E7,378.8750313141061
interiorSouth,2019-06-20,1.0618561643785447E7,178.6650758656151
alaskaRange,2019-06-21,2.428366654088238E7,347.677670563966
coastNorth,2019-06-21,2.3055056248189844E7,343.370295268983
coastSouth,2019-06-21,3.0400696395713884E7,485.59086778951985
interiorNorth,2019-06-21,2.7068569656603612E7,399.6279244093025
interiorSouth,2019-06-21,2.2278277581430793E7,374.96691856305284
alaskaRange,2019-06-22,2.326060942857479E7,334.8345815213885
coastNorth,2019-06-22,1.7850499357894138E7,265.74700157006123
coastSouth,2019-06-22,1.245046606829423E7,204.70285659769294
interiorNorth,2019-06-22,2.5400312814356986E7,374.82193092010306
interiorSouth,2019-06-22,2.7233938912852697E7,457.8242002096484
alaskaRange,2019-06-23,1.6984638666860927E7,244.49097577672524
coastNorth,2019-06-23,1.998153806511558E7,296.9515607311156
coastSouth,2019-06-23,1.791921945851635E7,288.9364825775984
interiorNorth,2019-06-23,2.1917215904367622E7,320.7207108791519
interiorSouth,2019-06-23,2.6035777454839926E7,437.20457072010504
alaskaRange,2019-06-24,1.9366433016968977E7,279.7525145280668
coastNorth,2019-06-24,2.2620112731286336E7,337.1751277050692
coastSouth,2019-06-24,3.0316560038409013E7,486.91518352329865
interiorNorth,2019-06-24,1.8718400002855238E7,268.6742449394562
interiorSouth,2019-06-24,3.032983491064372E7,510.10305712746407
alaskaRange,2019-06-25,2.1763508000452716E7,312.09557383553357
coastNorth,2019-06-25,1.9567199718509335E7,292.10013702736825
coastSouth,2019-06-25,2.907979559021398E7,463.4046786817452
interiorNorth,2019-06-25,2.7833982815863166E7,408.66899990825533
interiorSouth,2019-06-25,2.288331279399518E7,386.1277068045796
alaskaRange,2019-06-26,2.187958088457974E7,312.7967786418933
coastNorth,2019-06-26,2.0185507893206697E7,301.1542196884858
coastSouth,2019-06-26,2.89979767934063E7,462.95158427569663
interiorNorth,2019-06-26,3.050723577607784E7,451.0688171962522
interiorSouth,2019-06-26,2.9115098920289613E7,489.9325645744793
alaskaRange,2019-06-27,2.6557092905163683E7,381.7039116647128
coastNorth,2019-06-27,2.4109540862406977E7,359.44706197717954
coastSouth,2019-06-27,2.4506165706848197E7,392.2969524183917
interiorNorth,2019-06-27,2.3899276296743583E7,346.33450953885443
interiorSouth,2019-06-27,1.6484380063227506E7,277.1200242001351
alaskaRange,2019-06-28,2.3926977165924422E7,344.46504081715653
coastNorth,2019-06-28,2.401787777420862E7,359.4420458079394
coastSouth,2019-06-28,2.4756683495071165E7,391.98942367011875
interiorNorth,2019-06-28,1.812428088558916E7,277.2240939614158
interiorSouth,2019-06-28,1.4242654846864E7,240.65460626570194
alaskaRange,2019-06-29,2.5479817089838173E7,367.3647528420728
coastNorth,2019-06-29,2.4388557630738992E7,365.00333601643564
coastSouth,2019-06-29,2.8299161847709835E7,452.5726074306615
interiorNorth,2019-06-29,3.081997949112E7,455.63906929447967
interiorSouth,2019-06-29,1.8330296659709502E7,309.3460488417871
alaskaRange,2019-06-30,2.482475964983376E7,358.3679224493121
coastNorth,2019-06-30,2.0905492763931617E7,313.175002645349
coastSouth,2019-06-30,2.9607249930445142E7,476.90331562993396
interiorNorth,2019-06-30,2.633442906924992E7,388.0235097441283
interiorSouth,2019-06-30,3.83611722981387E7,647.4071027039096
alaskaRange,2019-07-01,1.1728504506271554E7,171.51432496577922
coastNorth,2019-07-01,2.2168395057824027E7,332.8685861729561
coastSouth,2019-07-01,2.9343080121555306E7,472.59825707920925
interiorNorth,2019-07-01,3.185477329990191E7,474.00444032681065
interiorSouth,2019-07-01,2.85309844482381E7,482.06941620982747
alaskaRange,2019-07-02,1.68859530815715E7,244.5291638233224
coastNorth,2019-07-02,1.6240331442861244E7,244.33109425921396
coastSouth,2019-07-02,2.9889715661651656E7,485.3954301313273
interiorNorth,2019-07-02,2.329650349326095E7,350.72971698113207
interiorSouth,2019-07-02,3.577591056592847E7,603.9359793794836
alaskaRange,2019-07-03,2.2874069426215574E7,331.82002383842894
coastNorth,2019-07-03,1.5144261170337185E7,227.64005756926
coastSouth,2019-07-03,2.7112867154393997E7,442.4197594900768
interiorNorth,2019-07-03,2.4027552955440044E7,355.2127292848983
interiorSouth,2019-07-03,2.599944087311348E7,440.3142552673443
alaskaRange,2019-07-04,2.0666751391529266E7,301.8878886243921
coastNorth,2019-07-04,1.903361925482172E7,287.4552354321816
coastSouth,2019-07-04,2.3926128190829474E7,384.1628608421917
interiorNorth,2019-07-04,2.5459124038548484E7,378.89229566466133
interiorSouth,2019-07-04,1.2079808645408347E7,204.70932646332025
alaskaRange,2019-07-05,2.419893575318626E7,352.07620510487436
coastNorth,2019-07-05,2.338105520715247E7,353.6659496450627
coastSouth,2019-07-05,2.436234758152735E7,389.11167521424755
interiorNorth,2019-07-05,2.8406216078046985E7,423.8566537341232
interiorSouth,2019-07-05,1.6929612019690238E7,287.65964861572917
alaskaRange,2019-07-06,2.565407736562518E7,374.76105263022254
coastNorth,2019-07-06,2.1260876162408914E7,321.4470621891044
coastSouth,2019-07-06,2.1579201335502204E7,348.10542907413827
interiorNorth,2019-07-06,2.2291494587144747E7,333.4270002257149
interiorSouth,2019-07-06,1.846901225265872E7,314.5909882245691
alaskaRange,2019-07-07,2.4880086283499572E7,364.93964846899166
coastNorth,2019-07-07,1.92959479811044E7,292.4343558098531
coastSouth,2019-07-07,2.5606241886312537E7,415.79807978534956
interiorNorth,2019-07-07,2.4251785058996372E7,364.0379241847392
interiorSouth,2019-07-07,1.5554568150440756E7,265.88200402244155
alaskaRange,2019-07-08,2.3731854710416995E7,348.784508550913
coastNorth,2019-07-08,1.9831879550782327E7,302.11484843065256
coastSouth,2019-07-08,2.5921108055801038E7,425.46250207950885
interiorNorth,2019-07-08,2.327153851792616E7,348.6202200451737
interiorSouth,2019-07-08,3.2667884894491218E7,557.0028523837809
alaskaRange,2019-07-09,2.0475915859931145E7,299.99453945739765
coastNorth,2019-07-09,1.6578914293012073E7,252.49024541665815
coastSouth,2019-07-09,2.362833589643232E7,387.6054322752053
interiorNorth,2019-07-09,2.460604707760402E7,369.4350250675993
interiorSouth,2019-07-09,3.0264114344447017E7,517.6760599861893
alaskaRange,2019-07-10,2.54642271670974E7,376.91869253636827
coastNorth,2019-07-10,1.943722589021928E7,297.6725817480844
coastSouth,2019-07-10,2.4610828349213142E7,399.3513639210631
interiorNorth,2019-07-10,2.0337933716059648E7,301.6544843421792
interiorSouth,2019-07-10,2.240947307688765E7,382.8095607984127
alaskaRange,2019-07-11,1.1654149834369082E7,172.7135383590134
coastNorth,2019-07-11,1.2572750879965026E7,193.01612808197825
coastSouth,2019-07-11,2.064212115431511E7,343.8816291333351
interiorNorth,2019-07-11,2.7035506935773853E7,414.78452865312687
interiorSouth,2019-07-11,2.6123351822156683E7,447.6244913593913
alaskaRange,2019-07-12,1.0413258100410221E7,156.45678337562597
coastNorth,2019-07-12,1.474719383719936E7,227.47246162021608
coastSouth,2019-07-12,2.0360619158795714E7,340.58308129812605
interiorNorth,2019-07-12,1.9045542370834477E7,292.14513824270955
interiorSouth,2019-07-12,3.4634367959602505E7,594.4151679743762
alaskaRange,2019-07-13,1.115624381176376E7,165.71680406829682
coastNorth,2019-07-13,1.3469392749435697E7,208.2695184151047
coastSouth,2019-07-13,1.8524489602126863E7,310.316955524406
interiorNorth,2019-07-13,1.3874184977138884E7,207.4212138841737
interiorSouth,2019-07-13,3.0142079848824494E7,518.4268405092641
alaskaRange,2019-07-14,1.0091783628921272E7,149.3717967343141
coastNorth,2019-07-14,1.3141774732814368E7,203.8904509772881
coastSouth,2019-07-14,1.8959494550010245E7,314.94409994420437
interiorNorth,2019-07-14,2.3097883065391734E7,354.3957673558649
interiorSouth,2019-07-14,2.478229171979812E7,426.998426279196
alaskaRange,2019-07-15,8388425.2087742835,126.30578025147516
coastNorth,2019-07-15,1.02524855031092E7,160.0280012907704
coastSouth,2019-07-15,2.1570689413797166E7,359.93481618398124
interiorNorth,2019-07-15,2.486037356967353E7,383.95560363193727
interiorSouth,2019-07-15,2.77229881263475E7,478.77323191295767
alaskaRange,2019-07-16,1.591051367604389E7,241.10817344600306
coastNorth,2019-07-16,1.0230616963059383E7,159.20872544333616
coastSouth,2019-07-16,1.4702023489705253E7,247.4267225746268
interiorNorth,2019-07-16,2.3438898751546584E7,360.5911574429686
interiorSouth,2019-07-16,3.0905582613058466E7,535.4270689529535
alaskaRange,2019-07-17,1.489140962583843E7,225.19362943507366
coastNorth,2019-07-17,1.8269944280418158E7,286.02256193495293
coastSouth,2019-07-17,1.7357958963278566E7,289.914139641475
interiorNorth,2019-07-17,2.054509083011718E7,316.72881110809135
interiorSouth,2019-07-17,1.963164996847986E7,339.94992545115224
alaskaRange,2019-07-18,1.6110351193293016E7,245.21685618670193
coastNorth,2019-07-18,1.5547561498115286E7,243.64097914806484
coastSouth,2019-07-18,1.2214563179484146E7,208.24400574238538
interiorNorth,2019-07-18,1.4105251714172198E7,213.90927048689164
interiorSouth,2019-07-18,1.808878996034498E7,315.02385219650597
alaskaRange,2019-07-19,1.396494513220121E7,215.34667870666607
coastNorth,2019-07-19,1.1020124138395516E7,173.33545752948422
coastSouth,2019-07-19,1.772598684588017E7,304.69395941179846
interiorNorth,2019-07-19,2.0510806089316733E7,319.6616856988871
interiorSouth,2019-07-19,8321711.886937699,145.19819626091888
alaskaRange,2019-07-20,1.1527253316904575E7,176.5266543632514
coastNorth,2019-07-20,8680322.751768325,136.9945875297213
coastSouth,2019-07-20,1.729804906705991E7,296.26982463694196
interiorNorth,2019-07-20,1.6251306736760836E7,252.79149678548177
interiorSouth,2019-07-20,2.9982290114736486E7,524.671031885673
alaskaRange,2019-07-21,1.9432078607165255E7,299.8913758894557
coastNorth,2019-07-21,1.1843055539466765E7,187.866849755516
coastSouth,2019-07-21,2.73303530352455E7,462.028808917955
interiorNorth,2019-07-21,2.0933933967693776E7,330.6558553539732
interiorSouth,2019-07-21,3.8805468277064115E7,680.9762453499509
alaskaRange,2019-07-22,2.087640436834E7,323.3708108310255
coastNorth,2019-07-22,1.542198663825029E7,246.41821468175036
coastSouth,2019-07-22,2.726790135614164E7,464.8080425004653
interiorNorth,2019-07-22,2.012794176425911E7,320.03378650977174
interiorSouth,2019-07-22,3.741924421926513E7,658.4920374540587
alaskaRange,2019-07-23,1.6852277697577756E7,261.9659699234448
coastNorth,2019-07-23,1.3153767948685097E7,211.02376655208627
coastSouth,2019-07-23,2.0921805486437593E7,360.57343316277127
interiorNorth,2019-07-23,2.502179973206957E7,399.3917100438532
interiorSouth,2019-07-23,2.897944616576296E7,511.45573483131324
alaskaRange,2019-07-24,6580439.899197602,103.32823361139135
coastNorth,2019-07-24,9755794.047257349,156.94553970437485
coastSouth,2019-07-24,1.77686372614206E7,306.84611901781597
interiorNorth,2019-07-24,1.570056739365191E7,250.8341825665168
interiorSouth,2019-07-24,1.9266539591644377E7,341.424811928592
alaskaRange,2019-07-25,8185225.067155781,129.94026605369794
coastNorth,2019-07-25,1.1016254702742081E7,178.1139780806715
coastSouth,2019-07-25,2.081963248045071E7,359.7182084643111
interiorNorth,2019-07-25,2.1095745541447602E7,340.4412833543694
interiorSouth,2019-07-25,3.182676503109549E7,564.94703191393
alaskaRange,2019-07-26,9964021.614687743,158.04798882309947
coastNorth,2019-07-26,1.3431316769045103E7,217.29228527742728
coastSouth,2019-07-26,1.62064683775409E7,280.9255069699005
interiorNorth,2019-07-26,1.8006457030653805E7,292.1037987954961
interiorSouth,2019-07-26,3.233772756849305E7,576.2818118535934
alaskaRange,2019-07-27,7753147.359317078,123.75822953610061
coastNorth,2019-07-27,1.0276385376805454E7,167.05209992266106
coastSouth,2019-07-27,1.642813676297876E7,286.9524341956576
interiorNorth,2019-07-27,1.5566007749906782E7,252.57669178704796
interiorSouth,2019-07-27,2.1256026106474925E7,379.9602405579192
alaskaRange,2019-07-28,6585677.131875322,105.46537354138512
coastNorth,2019-07-28,1.144600061030446E7,187.65526971383352
coastSouth,2019-07-28,2.087835523146846E7,366.7462176773219
interiorNorth,2019-07-28,1.773307183690982E7,292.0733017639544
interiorSouth,2019-07-28,3.0761599371861536E7,551.3703611718369
alaskaRange,2019-07-29,1.0945620488539983E7,176.48698055478243
coastNorth,2019-07-29,1.155345748913165E7,189.57636829707698
coastSouth,2019-07-29,1.9391485087685328E7,341.5513271579822
interiorNorth,2019-07-29,1.7114573201382805E7,283.0901258456632
interiorSouth,2019-07-29,3.396514311595945E7,610.914740518331
alaskaRange,2019-07-30,1.3395232311227547E7,216.5511361397635
coastNorth,2019-07-30,1.5089764583589073E7,249.73420641873855
coastSouth,2019-07-30,1.967653604486148E7,340.42572870559854
interiorNorth,2019-07-30,2.220653893243503E7,367.54489938987876
interiorSouth,2019-07-30,2.155582727117614E7,389.16030575311265
alaskaRange,2019-07-31,1.2461860184339065E7,201.43353685738617
coastNorth,2019-07-31,1.71486711264371E7,285.50029984238023
coastSouth,2019-07-31,2.542835540209054E7,445.4400191292195
interiorNorth,2019-07-31,2.4396887037095815E7,403.3412326644802
interiorSouth,2019-07-31,2.8894617518650725E7,523.6911612707034
alaskaRange,2019-08-01,1.0197095541698653E7,166.88475547762354
coastNorth,2019-08-01,1.656238998698161E7,277.09092482281255
coastSouth,2019-08-01,2.1041354445200652E7,366.69643536581646
interiorNorth,2019-08-01,2.154363240127884E7,356.4359058883955
interiorSouth,2019-08-01,3.1932146043570414E7,580.4447925031534
alaskaRange,2019-08-02,1.0960896062877633E7,179.6787682500026
coastNorth,2019-08-02,1.9696479794684634E7,331.0179906658932
coastSouth,2019-08-02,2.3117122977810774E7,404.321791773823
interiorNorth,2019-08-02,1.3669259722552469E7,225.04259734123758
interiorSouth,2019-08-02,2.5068275212746352E7,457.2218133269209
alaskaRange,2019-08-03,1.1014322628300559E7,182.3515817909563
coastNorth,2019-08-03,2.2241059929064106E7,374.9505110764252
coastSouth,2019-08-03,2.8409853036446642E7,504.23919865270915
interiorNorth,2019-08-03,2.275209270356727E7,383.39966030480724
interiorSouth,2019-08-03,2.409880962867212E7,441.1588556363075
alaskaRange,2019-08-04,7663941.41210105,127.5388704396698
coastNorth,2019-08-04,1.6876695863073718E7,286.4705658184574
coastSouth,2019-08-04,2.8104835165661518E7,501.659740132132
interiorNorth,2019-08-04,2.182707051294495E7,369.858874262204
interiorSouth,2019-08-04,3.3613229605585344E7,617.5868841413711
alaskaRange,2019-08-05,8346349.444029922,139.41464967451242
coastNorth,2019-08-05,1.6539744720858905E7,282.3227623946483
coastSouth,2019-08-05,2.672033715469401E7,478.3895089841843
interiorNorth,2019-08-05,1.6510393595822014E7,279.9854903407067
interiorSouth,2019-08-05,3.3773082905329145E7,622.841141643486
alaskaRange,2019-08-06,7376937.325859994,123.87700690675128
coastNorth,2019-08-06,1.5118121372683952E7,259.06196549980024
coastSouth,2019-08-06,2.5182644188519105E7,454.2521212432065
interiorNorth,2019-08-06,1.226570012201648E7,205.9801261110126
interiorSouth,2019-08-06,1.9251786671371456E7,357.4856630493514
alaskaRange,2019-08-07,8177056.371524818,138.04387224345874
coastNorth,2019-08-07,1.1505333973854013E7,198.10796812468203
coastSouth,2019-08-07,2.356030627216756E7,427.149156890826
interiorNorth,2019-08-07,1.3621038037718637E7,234.72677990415562
interiorSouth,2019-08-07,2.8563891506597638E7,531.291520848289
alaskaRange,2019-08-08,1.519138306859199E7,256.9451843497906
coastNorth,2019-08-08,1.4979928103226226E7,259.66994477933264
coastSouth,2019-08-08,1.975604693180243E7,360.4606515616381
interiorNorth,2019-08-08,1.0837431981231699E7,184.7570254679746
interiorSouth,2019-08-08,2.598182734324674E7,485.18777916928957
alaskaRange,2019-08-09,1.2673930044543779E7,216.8746254594031
coastNorth,2019-08-09,1.8527089652450588E7,322.7098469447298
coastSouth,2019-08-09,2.3480502215986792E7,429.01057685442623
interiorNorth,2019-08-09,2.416282154369907E7,420.0768870611611
interiorSouth,2019-08-09,1.827285271010875E7,343.1398640655614
alaskaRange,2019-08-10,1.0781045224196225E7,185.3561095594184
coastNorth,2019-08-10,1.552842011868691E7,272.1365342288831
coastSouth,2019-08-10,1.9913786638876777E7,365.1561180038068
interiorNorth,2019-08-10,2.227913020708288E7,390.6117860710096
interiorSouth,2019-08-10,1.788683228979078E7,336.5910365091879
alaskaRange,2019-08-11,1.7484263741462722E7,302.00762605857665
coastNorth,2019-08-11,1.627677197677539E7,287.0203656041079
coastSouth,2019-08-11,2.096592549576442E7,383.773100964094
interiorNorth,2019-08-11,2.2281693816292174E7,391.8587925173202
interiorSouth,2019-08-11,1.0078163529343514E7,190.4827583978722
alaskaRange,2019-08-12,1.8546977262388412E7,322.03071681824457
coastNorth,2019-08-12,1.834246757462888E7,324.7571423679609
coastSouth,2019-08-12,2.365934749123843E7,436.7588272751679
interiorNorth,2019-08-12,2.098835488411438E7,370.927056769605
interiorSouth,2019-08-12,1.411093747417534E7,267.78032081959725
alaskaRange,2019-08-13,9892316.119654866,173.3120481349357
coastNorth,2019-08-13,1.3574034617903445E7,241.68870498463536
coastSouth,2019-08-13,2.2907720473400787E7,426.00452662212166
interiorNorth,2019-08-13,2.0231448817447342E7,359.97028898802944
interiorSouth,2019-08-13,2.085277256225885E7,396.81866711162553
alaskaRange,2019-08-14,9006845.75174789,158.89269662847698
coastNorth,2019-08-14,1.5018910551340235E7,269.1363596962596
coastSouth,2019-08-14,1.934888921945314E7,362.8451274692741
interiorNorth,2019-08-14,1.0921288355680555E7,194.4512075460182
interiorSouth,2019-08-14,2.6136711961615577E7,499.544872067574
alaskaRange,2019-08-15,9717356.869155372,172.820478508605
coastNorth,2019-08-15,1.2993816166226512E7,234.49546078704816
coastSouth,2019-08-15,1.7468997921624616E7,329.57189468695384
interiorNorth,2019-08-15,1.0230585507016577E7,184.21596249754325
interiorSouth,2019-08-15,2.5040665257389598E7,481.2716528914421
alaskaRange,2019-08-16,9906721.163856635,176.34492842393348
coastNorth,2019-08-16,1.2978440337219264E7,235.14231843930102
coastSouth,2019-08-16,1.6663503218035197E7,313.54777773670276
interiorNorth,2019-08-16,1.2120387277168423E7,219.81093073431052
interiorSouth,2019-08-16,1.897220797205006E7,366.03400232460865
alaskaRange,2019-08-17,1.5401903001256824E7,276.62970404880855
coastNorth,2019-08-17,8640790.226918163,157.38188118395564
coastSouth,2019-08-17,1.1244421641439505E7,216.118654225268
interiorNorth,2019-08-17,1.235046199428611E7,225.98771705867358
interiorSouth,2019-08-17,2.2661861681218866E7,439.3227170993266
alaskaRange,2019-08-18,1.3236119530524531E7,238.93015482935957
coastNorth,2019-08-18,1.210541951638306E7,222.13912766416814
coastSouth,2019-08-18,1.2929153283878865E7,247.64406234925482
interiorNorth,2019-08-18,6826332.406599177,123.09486175033281
interiorSouth,2019-08-18,2.0586645952867195E7,401.1322806104341
alaskaRange,2019-08-19,1.6962616362720072E7,307.86421722154694
coastNorth,2019-08-19,1.2336109523300862E7,227.7747319712638
coastSouth,2019-08-19,2.000428530047448E7,384.17340812806157
interiorNorth,2019-08-19,1.2226977281139815E7,223.6185346303496
interiorSouth,2019-08-19,2.6955808206116907E7,527.1163969037478
alaskaRange,2019-08-20,1.4382469217399934E7,262.56747080225813
coastNorth,2019-08-20,1.1051285582888741E7,205.36295789126407
coastSouth,2019-08-20,1.4511307742559286E7,280.3157548562468
interiorNorth,2019-08-20,1.3878235187798064E7,257.2761698213013
interiorSouth,2019-08-20,3.0360420259544093E7,596.4146809664719
alaskaRange,2019-08-21,1.5164123894185834E7,279.40692597143726
coastNorth,2019-08-21,1.4969226009404344E7,280.00134489541904
coastSouth,2019-08-21,1.497901734679704E7,289.04662976447116
interiorNorth,2019-08-21,1.1580560936565883E7,215.3470062159892
interiorSouth,2019-08-21,2.256807514441635E7,445.41820897340716
alaskaRange,2019-08-22,1.2209649892803352E7,226.43333193661138
coastNorth,2019-08-22,1.1753281105621269E7,220.8433837376589
coastSouth,2019-08-22,1.4529774406214584E7,283.86159979000155
interiorNorth,2019-08-22,1.660227007759321E7,310.35281745622746
interiorSouth,2019-08-22,2.5894623734878995E7,513.2971979129192
alaskaRange,2019-08-23,8647264.975391451,160.90783801221832
coastNorth,2019-08-23,9068157.195180777,171.52047193198055
coastSouth,2019-08-23,9568086.979359245,186.74321587713501
interiorNorth,2019-08-23,9934534.78919102,185.16399998454926
interiorSouth,2019-08-23,1.8813757134789146E7,374.526935535585
alaskaRange,2019-08-24,9678362.75775999,181.50423638938477
coastNorth,2019-08-24,9034965.402429184,171.91663806308725
coastSouth,2019-08-24,9381958.311317505,186.03810484059562
interiorNorth,2019-08-24,1.0702822786573851E7,203.1238995198184
interiorSouth,2019-08-24,1.8751097390264902E7,375.17791272013085
alaskaRange,2019-08-25,1.1554252298049757E7,218.07566231063757
coastNorth,2019-08-25,8391553.894851679,160.81694743283924
coastSouth,2019-08-25,1.5731012117041355E7,311.9236337744574
interiorNorth,2019-08-25,1.6211499647705644E7,310.12073576345387
interiorSouth,2019-08-25,1.9509033920536198E7,392.26076034304265
alaskaRange,2019-08-26,9211233.16615546,175.47543172061071
coastNorth,2019-08-26,1.0829520624413343E7,208.75482537723417
coastSouth,2019-08-26,1.4785936010614142E7,295.80078457574564
interiorNorth,2019-08-26,1.4083743672359802E7,271.1576225880557
interiorSouth,2019-08-26,2.0905280433804475E7,422.3278750796849
alaskaRange,2019-08-27,9591401.163968656,183.8362391149276
coastNorth,2019-08-27,1.1000779082949428E7,213.5610385581534
coastSouth,2019-08-27,1.521567891883557E7,305.1425563140761
interiorNorth,2019-08-27,1.3709487973570447E7,265.37757219998343
interiorSouth,2019-08-27,2.704712201473266E7,549.270159734486
alaskaRange,2019-08-28,1.124461993763419E7,217.044935994532
coastNorth,2019-08-28,1.3564817916384026E7,265.1933005983964
coastSouth,2019-08-28,2.067286687235791E7,414.6867837722069
interiorNorth,2019-08-28,1.2694193986562887E7,246.22417032253819
interiorSouth,2019-08-28,2.1104112765440892E7,430.41110963264885
alaskaRange,2019-08-29,1.1667568965451771E7,226.50359754771262
coastNorth,2019-08-29,1.4148173262081934E7,278.2139113869276
coastSouth,2019-08-29,1.9798859249432504E7,399.0905768750989
interiorNorth,2019-08-29,1.6724768609764192E7,328.82467946946247
interiorSouth,2019-08-29,2.535129717824026E7,519.8839502207152
alaskaRange,2019-08-30,1.0922832986912558E7,213.2291881981554
coastNorth,2019-08-30,1.6804754607503258E7,332.6089570322402
coastSouth,2019-08-30,1.9972068661080904E7,405.1148473191943
interiorNorth,2019-08-30,1.717158087422541E7,340.4787423187832
interiorSouth,2019-08-30,2.241531477871531E7,461.8207306807706
alaskaRange,2019-08-31,8360360.9164549615,164.6812463530074
coastNorth,2019-08-31,1.1899917784545526E7,237.22915179706078
coastSouth,2019-08-31,1.7283283047665942E7,351.76996533612834
interiorNorth,2019-08-31,1.9527979509516567E7,389.0675282796224
interiorSouth,2019-08-31,1.585761610238234E7,328.2489002233669
alaskaRange,2020-06-01,8752630.165484374,131.05549348499954
coastNorth,2020-06-01,2.3878138532005038E7,364.7436022151467
coastSouth,2020-06-01,2.1464849660259854E7,355.86195762276105
interiorNorth,2020-06-01,2.4779751214276314E7,378.53750924164393
interiorSouth,2020-06-01,2.7214508920342244E7,465.84735555749285
alaskaRange,2020-06-02,1.322102093071716E7,193.76532394939443
coastNorth,2020-06-02,1.5210020057158278E7,232.25742626735524
coastSouth,2020-06-02,1.831865633694646E7,299.4553470298859
interiorNorth,2020-06-02,2.255983734168222E7,336.08052207898794
interiorSouth,2020-06-02,2.503732108495417E7,427.80915702188656
alaskaRange,2020-06-03,1.0768474719976129E7,158.26901916649786
coastNorth,2020-06-03,1.8949621088585198E7,289.0069533201239
coastSouth,2020-06-03,2.8842372767480206E7,474.5914209045555
interiorNorth,2020-06-03,9908454.48902849,151.6061131459362
interiorSouth,2020-06-03,2.94831312094526E7,502.43464236281267
alaskaRange,2020-06-04,1.5351575779826626E7,223.60780674416617
coastNorth,2020-06-04,2.546214893175008E7,386.7603170575245
coastSouth,2020-06-04,2.51257036240191E7,411.13895471948183
interiorNorth,2020-06-04,2.08106973993725E7,321.31822646518924
interiorSouth,2020-06-04,3.8157354719066665E7,649.7960015904887
alaskaRange,2020-06-05,2.1682134198041905E7,316.05787029842355
coastNorth,2020-06-05,2.7241843126394503E7,413.04009391456816
coastSouth,2020-06-05,2.871582542485219E7,465.28126573563895
interiorNorth,2020-06-05,3.2015851577737767E7,480.1270437372556
interiorSouth,2020-06-05,3.035637725598202E7,515.9781631254085
alaskaRange,2020-06-06,2.7707461372356635E7,402.5587652722502
coastNorth,2020-06-06,2.186398824900964E7,330.2026710668266
coastSouth,2020-06-06,2.3191251997410353E7,378.2909261755305
interiorNorth,2020-06-06,3.2129447664239146E7,479.2455036859092
interiorSouth,2020-06-06,2.4443543791842353E7,414.98089152113926
alaskaRange,2020-06-07,2.3430589811936714E7,338.93989721816615
coastNorth,2020-06-07,1.5991162333103731E7,241.0989207010259
coastSouth,2020-06-07,2.3943410982858405E7,395.1899082073702
interiorNorth,2020-06-07,2.2307530699833132E7,328.0371764560915
interiorSouth,2020-06-07,1.5568020411286386E7,264.2115389786384
alaskaRange,2020-06-08,2.1304970128583718E7,308.5646719277686
coastNorth,2020-06-08,1.4400121548846941E7,216.77798895028363
coastSouth,2020-06-08,2.068234770758832E7,338.1870117807842
interiorNorth,2020-06-08,2.5717381665628687E7,378.8082955702296
interiorSouth,2020-06-08,2.937844268623172E7,497.4150910777599
alaskaRange,2020-06-09,1.8438305195500646E7,264.4835070208151
coastNorth,2020-06-09,3.0685468139176577E7,460.49949587317997
coastSouth,2020-06-09,2.6025233614152953E7,421.96474400386825
interiorNorth,2020-06-09,2.971783438815701E7,445.22224551986596
interiorSouth,2020-06-09,3.1804871790026847E7,537.3473379951473
alaskaRange,2020-06-10,3.3092232570016082E7,477.0354414015633
coastNorth,2020-06-10,1.7579890626661938E7,263.9002566992677
coastSouth,2020-06-10,2.7598315871396806E7,445.948500956199
interiorNorth,2020-06-10,3.8714124504344285E7,575.2302705968701
interiorSouth,2020-06-10,3.538134123665647E7,597.864187528035
alaskaRange,2020-06-11,1.9970341948913172E7,287.36307190804337
coastNorth,2020-06-11,2.4013223168041322E7,360.264972794494
coastSouth,2020-06-11,2.149066755766481E7,345.57343551163063
interiorNorth,2020-06-11,3.3134288143558156E7,490.17450874376595
interiorSouth,2020-06-11,2.7896417323488813E7,470.33839834623296
alaskaRange,2020-06-12,2.6323681027872324E7,378.7544715353013
coastNorth,2020-06-12,2.2067984598322347E7,330.7482507859005
coastSouth,2020-06-12,2.5780249572453134E7,414.81382588080965
interiorNorth,2020-06-12,3.367298362420332E7,498.9716532965126
interiorSouth,2020-06-12,3.0466231398532763E7,513.5132487291862
alaskaRange,2020-06-13,2.2731750126890216E7,325.2922160227591
coastNorth,2020-06-13,1.9655722598119035E7,293.65629516839374
coastSouth,2020-06-13,2.2003255567694433E7,357.9142739841886
interiorNorth,2020-06-13,2.573788600975751E7,374.7479372900237
interiorSouth,2020-06-13,2.7431918704210345E7,461.9203731009539
alaskaRange,2020-06-14,1.9428996097852588E7,279.47391223786866
coastNorth,2020-06-14,2.1153229990441248E7,314.53517292721983
coastSouth,2020-06-14,2.3473510976597283E7,381.0666663317904
interiorNorth,2020-06-14,2.8444025732763797E7,416.2396602414689
interiorSouth,2020-06-14,2.1117492402219538E7,355.7561890681744
alaskaRange,2020-06-15,3.174969220356082E7,455.1098442187626
coastNorth,2020-06-15,2.1562618825513825E7,321.977410193449
coastSouth,2020-06-15,2.3634213581344865E7,382.2359078156532
interiorNorth,2020-06-15,4495945.098322765,65.33233960469563
interiorSouth,2020-06-15,3.1438378725560278E7,528.997785311427
alaskaRange,2020-06-16,2.5654732277062066E7,364.2736754161984
coastNorth,2020-06-16,1.6129308722622538E7,240.12459265397408
coastSouth,2020-06-16,2.13390109879568E7,350.23546135522497
interiorNorth,2020-06-16,2.620360055637102E7,381.8786604203518
interiorSouth,2020-06-16,3.706005624808353E7,622.9218866774911
alaskaRange,2020-06-17,1.5409037766422618E7,219.88290506733694
coastNorth,2020-06-17,1.1522311552321931E7,171.27180485963228
coastSouth,2020-06-17,2.82903941110509E7,459.83809434697986
interiorNorth,2020-06-17,1.5310780402607732E7,232.46652193609273
interiorSouth,2020-06-17,3.4948912532214575E7,587.4083683524095
alaskaRange,2020-06-18,1.6494481230039682E7,234.77610756926524
coastNorth,2020-06-18,1.1276267088672262E7,167.63852574090475
coastSouth,2020-06-18,2.3711604337368786E7,386.3039135458132
interiorNorth,2020-06-18,3.631668223675178E7,534.6480377965004
interiorSouth,2020-06-18,3.936851747285741E7,661.6520911546957
alaskaRange,2020-06-19,1.4461138488432534E7,205.16014971046383
coastNorth,2020-06-19,2.355121177271176E7,349.438792634151
coastSouth,2020-06-19,2.1588269820173398E7,348.6354434887007
interiorNorth,2020-06-19,2.9371932468492262E7,435.02349112648636
interiorSouth,2020-06-19,3.6312179872809686E7,610.5515996360807
alaskaRange,2020-06-20,9777290.138491258,139.88579997083377
coastNorth,2020-06-20,1.5476961813318692E7,230.51117090926658
coastSouth,2020-06-20,1.9011523742505968E7,303.8176294967311
interiorNorth,2020-06-20,2.0583162629204243E7,294.8388616477918
interiorSouth,2020-06-20,2.7865618617000666E7,467.45957365207215
alaskaRange,2020-06-21,1.9488084194657434E7,278.49507812047693
coastNorth,2020-06-21,1.817846941897592E7,271.4212552513958
coastSouth,2020-06-21,2.4504007735805493E7,394.65009544465914
interiorNorth,2020-06-21,1.0976820710624294E7,160.01506909064526
interiorSouth,2020-06-21,2.9266176346486397E7,491.6228582820334
alaskaRange,2020-06-22,1.4185247921133257E7,203.05059027113427
coastNorth,2020-06-22,2.401481390553605E7,358.3648235647603
coastSouth,2020-06-22,2.3294510627494626E7,372.3610890222649
interiorNorth,2020-06-22,1.374941630543499E7,206.63738984641788
interiorSouth,2020-06-22,3.06309501310871E7,515.280822898392
alaskaRange,2020-06-23,6474064.006873165,92.74393142352089
coastNorth,2020-06-23,2.2934025941766366E7,341.99638426450605
coastSouth,2020-06-23,2.5483925902064748E7,406.9233874860249
interiorNorth,2020-06-23,1.1705907526701821E7,169.1822640472988
interiorSouth,2020-06-23,1.32000808591111E7,222.09607896589822
alaskaRange,2020-06-24,1.2141861809818558E7,172.55900141086798
coastNorth,2020-06-24,1.4985408557158774E7,223.21037055005365
coastSouth,2020-06-24,2.9241303235892307E7,469.292175575377
interiorNorth,2020-06-24,2.7045670222445197E7,404.3926413098221
interiorSouth,2020-06-24,2.494953422366714E7,418.8465391465818
alaskaRange,2020-06-25,1.5293379816721583E7,217.3641610260141
coastNorth,2020-06-25,1.5705360856069181E7,233.66656891130805
coastSouth,2020-06-25,2.2819238111099336E7,372.5197630017318
interiorNorth,2020-06-25,3.2760927857647825E7,482.0735536107477
interiorSouth,2020-06-25,3.788708835153888E7,637.4199051590372
alaskaRange,2020-06-26,2.147985848540597E7,305.5775001149986
coastNorth,2020-06-26,1.874327933633198E7,279.8443554253156
coastSouth,2020-06-26,1.7291258768777892E7,278.48594154812895
interiorNorth,2020-06-26,2.782754113569822E7,407.10486145979206
interiorSouth,2020-06-26,1.8465869848456416E7,310.6576488444264
alaskaRange,2020-06-27,2.8035138173881613E7,401.49256764840834
coastNorth,2020-06-27,2.5797965230487693E7,385.94940358018437
coastSouth,2020-06-27,3.0114914809359156E7,483.25486319372277
interiorNorth,2020-06-27,2.146846652534203E7,311.72582392902495
interiorSouth,2020-06-27,2.7388926661080603E7,461.2961682400311
alaskaRange,2020-06-28,2.1397845465665378E7,307.2928847816996
coastNorth,2020-06-28,1.7251087061674356E7,257.9601627030401
coastSouth,2020-06-28,2.7048235182435915E7,434.5603107535681
interiorNorth,2020-06-28,3.5392359417723246E7,525.0472135723762
interiorSouth,2020-06-28,1.5415987155011836E7,260.9726195282185
alaskaRange,2020-06-29,1.930358197066022E7,276.57013804894837
coastNorth,2020-06-29,2.4548534131334826E7,367.6283105700481
coastSouth,2020-06-29,2.5796177807599388E7,420.044060840593
interiorNorth,2020-06-29,2.106619428049209E7,307.92384272641357
interiorSouth,2020-06-29,3.023052689795266E7,510.42658136378077
alaskaRange,2020-06-30,2.299765147159277E7,332.8958935762454
coastNorth,2020-06-30,2.0425596399264134E7,306.70840712903316
coastSouth,2020-06-30,2.7066182711589754E7,434.08519003248955
interiorNorth,2020-06-30,2.5072162412692506E7,375.87238344396434
interiorSouth,2020-06-30,2.3854832231609438E7,403.1323952075461
alaskaRange,2020-07-01,2.095432711550685E7,303.01274714348585
coastNorth,2020-07-01,2.114829534662274E7,317.46713079922154
coastSouth,2020-07-01,2.495071600933627E7,398.9257700584688
interiorNorth,2020-07-01,1.910068435092873E7,281.876654179891
interiorSouth,2020-07-01,9458588.167615384,160.03677242477139
alaskaRange,2020-07-02,1.8085250730923705E7,260.905992190413
coastNorth,2020-07-02,2.4944910228776608E7,375.2622602633476
coastSouth,2020-07-02,1.8606291303221673E7,298.42702355669195
interiorNorth,2020-07-02,1.765958301047938E7,262.33139640760123
interiorSouth,2020-07-02,2.051907556538582E7,347.13678733028496
alaskaRange,2020-07-03,1.524592259001839E7,219.75882296060732
coastNorth,2020-07-03,2.510580146774922E7,379.0309776459394
coastSouth,2020-07-03,3.1737786907531563E7,514.5007922696354
interiorNorth,2020-07-03,2.6093884782163814E7,385.372924718317
interiorSouth,2020-07-03,2.8542750877847683E7,483.54154539154297
alaskaRange,2020-07-04,2.6172390470586773E7,380.30905652339266
coastNorth,2020-07-04,2.0965323783372935E7,316.9414358278044
coastSouth,2020-07-04,2.8572399580371328E7,463.8199920731585
interiorNorth,2020-07-04,3.202796433642542E7,480.10362297393993
interiorSouth,2020-07-04,2.3392741665951215E7,396.51190900710156
alaskaRange,2020-07-05,2.2739342181212444E7,330.67700341849053
coastNorth,2020-07-05,2.2011282096810147E7,334.1500584992827
coastSouth,2020-07-05,3.1495670590493515E7,513.3426965381618
interiorNorth,2020-07-05,2.8826469444399342E7,434.3093397608343
interiorSouth,2020-07-05,2.7192573740968004E7,462.56053002980576
alaskaRange,2020-07-06,1.9718340991893724E7,286.35797006777926
coastNorth,2020-07-06,1.2213006697169155E7,185.57929911326943
coastSouth,2020-07-06,2.6471103537598774E7,431.8832329868053
interiorNorth,2020-07-06,2.13767655988474E7,326.28248412894004
interiorSouth,2020-07-06,3.1227538319576282E7,531.4122722177872
alaskaRange,2020-07-07,1.2982552658478094E7,189.99600888895358
coastNorth,2020-07-07,1.5099337784691434E7,229.32600523216783
coastSouth,2020-07-07,2.2311070449128333E7,362.21101786562696
interiorNorth,2020-07-07,2.2832164892889902E7,344.81406259596724
interiorSouth,2020-07-07,2.4937188334331557E7,425.1406426575275
alaskaRange,2020-07-08,1.6144264112006474E7,235.5694283777704
coastNorth,2020-07-08,1.0380945459452372E7,158.51268279357896
coastSouth,2020-07-08,2.080268822234548E7,343.5123760927833
interiorNorth,2020-07-08,1.742812359300417E7,267.74185548218543
interiorSouth,2020-07-08,2.3529467711302005E7,402.23957769298465
alaskaRange,2020-07-09,1.3607829596274365E7,199.60347219217564
coastNorth,2020-07-09,1.655103656097697E7,251.97354079989114
coastSouth,2020-07-09,1.9183646256438475E7,317.75166748541926
interiorNorth,2020-07-09,1.7080713043779675E7,267.03976729051124
interiorSouth,2020-07-09,2.6975365576939285E7,460.9472479036699
alaskaRange,2020-07-10,7709306.236496309,114.17619146560946
coastNorth,2020-07-10,1.0637044011811191E7,162.59935300317986
coastSouth,2020-07-10,1.6593909935145782E7,276.9470917894256
interiorNorth,2020-07-10,2.4245410398651443E7,370.50550336537873
interiorSouth,2020-07-10,3.358835431137468E7,575.6210270318516
alaskaRange,2020-07-11,2.095235912905304E7,309.1647508106871
coastNorth,2020-07-11,1.546244416425646E7,238.4277903362079
coastSouth,2020-07-11,2.0720660581566516E7,339.61726137888223
interiorNorth,2020-07-11,1.3657395958404023E7,213.7569498913843
interiorSouth,2020-07-11,2.636428888928689E7,452.7402079522673
alaskaRange,2020-07-12,1.193825387765223E7,177.96294804343964
coastNorth,2020-07-12,1.7470296856000226E7,269.887753089181
coastSouth,2020-07-12,2.248397593494112E7,372.7120708009879
interiorNorth,2020-07-12,1.247970498931963E7,189.47402516730926
interiorSouth,2020-07-12,2.2050408894338354E7,380.05783494139837
alaskaRange,2020-07-13,1.2166888849407904E7,181.0998487270405
coastNorth,2020-07-13,1.5932721434786182E7,246.69266001444748
coastSouth,2020-07-13,2.4050247421072062E7,404.3039337858478
interiorNorth,2020-07-13,2.8069548248392493E7,431.7776921494202
interiorSouth,2020-07-13,2.605570586393886E7,449.74704942279214
alaskaRange,2020-07-14,2.0043947394773245E7,300.4828949248618
coastNorth,2020-07-14,1.4308171231032552E7,222.43101029160593
coastSouth,2020-07-14,2.0213389717640802E7,341.88331634665076
interiorNorth,2020-07-14,2.2489489590357803E7,344.90667283639965
interiorSouth,2020-07-14,3.2336296545519877E7,559.4899400829828
alaskaRange,2020-07-15,1.757088130561388E7,263.6909120077187
coastNorth,2020-07-15,1.8016354891444135E7,280.6101033784579
coastSouth,2020-07-15,1.9012808866608217E7,319.2621518643268
interiorNorth,2020-07-15,1.928056554983515E7,304.9418680538921
interiorSouth,2020-07-15,2.330634837828577E7,404.30449079432714
alaskaRange,2020-07-16,1.4815625192604763E7,225.32265422685393
coastNorth,2020-07-16,1.5997350890764939E7,250.6920270652844
coastSouth,2020-07-16,1.6678603080461053E7,275.1688614254654
interiorNorth,2020-07-16,2.218983302266606E7,345.04972296180966
interiorSouth,2020-07-16,2.1188981716740318E7,368.29472325563665
alaskaRange,2020-07-17,1.3537762569387898E7,204.6730552949085
coastNorth,2020-07-17,1.3187090063256308E7,206.82550427776118
coastSouth,2020-07-17,2.396972800844074E7,405.5715112396579
interiorNorth,2020-07-17,2.0008183709789973E7,314.10644057411815
interiorSouth,2020-07-17,2.7890364989637822E7,485.4491005599237
alaskaRange,2020-07-18,9935425.980156997,151.57594472115304
coastNorth,2020-07-18,1.4629768520689832E7,230.29744574394803
coastSouth,2020-07-18,1.881671595285726E7,322.674247558139
interiorNorth,2020-07-18,1.9394823827353805E7,302.85370473801714
interiorSouth,2020-07-18,2.9890280560433768E7,522.5261957166393
alaskaRange,2020-07-19,2.0407310961377848E7,310.8581243671605
coastNorth,2020-07-19,9698694.34169756,153.0957654494445
coastSouth,2020-07-19,2.439351187482665E7,415.7975106005038
interiorNorth,2020-07-19,2.6017809685765333E7,407.64613213689074
interiorSouth,2020-07-19,2.819746390860213E7,493.5849025724548
alaskaRange,2020-07-20,8421946.06124318,129.49488190486872
coastNorth,2020-07-20,1.755262899483897E7,277.9059556270453
coastSouth,2020-07-20,2.1779922392600916E7,374.2935203659433
interiorNorth,2020-07-20,2.4304755376587026E7,387.2677105981599
interiorSouth,2020-07-20,3.501746078562261E7,614.5441611632725
alaskaRange,2020-07-21,1.9874454469652195E7,308.0119296741616
coastNorth,2020-07-21,1.5340154597350774E7,245.00845958735903
coastSouth,2020-07-21,2.3369854791733723E7,395.85277167320226
interiorNorth,2020-07-21,1.551637218344877E7,241.77241520431807
interiorSouth,2020-07-21,2.7437006607067462E7,483.28264824662887
alaskaRange,2020-07-22,9176061.437308563,141.6973488918777
coastNorth,2020-07-22,9979966.207406107,159.79178570172482
coastSouth,2020-07-22,2.3192217178668253E7,398.40866678598985
interiorNorth,2020-07-22,1.9455967850488756E7,312.3046541897756
interiorSouth,2020-07-22,2.5210801648787666E7,444.7663489107107
alaskaRange,2020-07-23,1.2783632340618182E7,199.58583791110385
coastNorth,2020-07-23,1.690706804955986E7,271.4331835349884
coastSouth,2020-07-23,2.0697834652091026E7,356.49225001645186
interiorNorth,2020-07-23,1.737817795793099E7,280.50720163981117
interiorSouth,2020-07-23,2.092698111896992E7,370.8046178729597
alaskaRange,2020-07-24,1.4385145301153898E7,225.8704238709058
coastNorth,2020-07-24,1.0326204393878562E7,167.70576297975512
coastSouth,2020-07-24,2.4225861302172456E7,416.714412108223
interiorNorth,2020-07-24,1.2658849233974913E7,203.09818233513982
interiorSouth,2020-07-24,2.3296915743106514E7,413.6569552861824
alaskaRange,2020-07-25,7343554.634731197,116.09019369748349
coastNorth,2020-07-25,1.0837214342127312E7,175.5303691633654
coastSouth,2020-07-25,2.0589042406096105E7,360.57914857711074
interiorNorth,2020-07-25,1.6395559566905431E7,269.0207738072617
interiorSouth,2020-07-25,3.172160744765881E7,565.1208803664898
alaskaRange,2020-07-26,1.709564574986821E7,271.25084573183335
coastNorth,2020-07-26,1.1567758471846744E7,188.01807555057192
coastSouth,2020-07-26,2.1230080110769376E7,373.1992882268939
interiorNorth,2020-07-26,1.3904472366196992E7,226.48494329392534
interiorSouth,2020-07-26,3.7338132704173885E7,667.0774943258717
alaskaRange,2020-07-27,8139808.185327251,130.8625398146991
coastNorth,2020-07-27,1.76155169388607E7,288.4501513371215
coastSouth,2020-07-27,2.710288802859017E7,473.14655405731867
interiorNorth,2020-07-27,2.2046688243384335E7,363.0281006291228
interiorSouth,2020-07-27,3.613465890472076E7,647.5482300489514
alaskaRange,2020-07-28,2.0593662157215193E7,329.9003631668596
coastNorth,2020-07-28,1.9056684881472666E7,313.827541470523
coastSouth,2020-07-28,2.784756067021369E7,481.87976411613676
interiorNorth,2020-07-28,1.7696265306522675E7,288.6854024659163
interiorSouth,2020-07-28,3.3743146077660464E7,606.7787453824851
alaskaRange,2020-07-29,2.3916931173114292E7,384.7681567863446
coastNorth,2020-07-29,2.008619839164873E7,332.2103397497931
coastSouth,2020-07-29,3.1685232565318834E7,554.7800253495669
interiorNorth,2020-07-29,2.081056982974927E7,345.06541516286023
interiorSouth,2020-07-29,3.1195744494516917E7,562.9484980008949
alaskaRange,2020-07-30,1.2705664359751629E7,205.04646067706398
coastNorth,2020-07-30,1.9465902325800575E7,323.76383042416563
coastSouth,2020-07-30,3.1812345279687725E7,558.4497382802217
interiorNorth,2020-07-30,2.7584392174572695E7,455.6410440121057
interiorSouth,2020-07-30,2.7770932026514485E7,503.1790596270185
alaskaRange,2020-07-31,1.244613646683997E7,201.46573073725654
coastNorth,2020-07-31,2.0166229301463783E7,336.83297783931783
coastSouth,2020-07-31,2.374742141869678E7,416.6278200272842
interiorNorth,2020-07-31,2.7421222393858608E7,455.80852175538644
interiorSouth,2020-07-31,2.9194381557562392E7,530.1744281671953
alaskaRange,2020-08-01,1.5261562965671906E7,248.58496284851495
coastNorth,2020-08-01,1.3708733215551509E7,230.1555378159807
coastSouth,2020-08-01,1.7267903584021367E7,309.0127954878373
interiorNorth,2020-08-01,2.053519953182667E7,339.4708429348544
interiorSouth,2020-08-01,3.1103407567826025E7,567.1829816862843
alaskaRange,2020-08-02,9134305.151331002,150.31341141326348
coastNorth,2020-08-02,8867727.760301165,149.03423233241915
coastSouth,2020-08-02,1.8971560713267595E7,339.54019246405574
interiorNorth,2020-08-02,1.99582286829204E7,335.7977613149199
interiorSouth,2020-08-02,3.0113003649342246E7,551.2022325845137
alaskaRange,2020-08-03,6580131.990682301,108.51915323895287
coastNorth,2020-08-03,9598996.625272311,162.88619766178707
coastSouth,2020-08-03,1.587942437781851E7,285.50995257160685
interiorNorth,2020-08-03,1.839152003558079E7,310.60330799030805
interiorSouth,2020-08-03,2.517951411790688E7,462.34806266705147
alaskaRange,2020-08-04,1.1399066820743091E7,190.44442761980943
coastNorth,2020-08-04,1.185851372446008E7,202.07846505980663
coastSouth,2020-08-04,1.993751630640188E7,361.3316051688274
interiorNorth,2020-08-04,1.9983011230228573E7,342.83735165865914
interiorSouth,2020-08-04,3.1213099184457272E7,575.4273819757968
alaskaRange,2020-08-05,2.1850176866278928E7,365.3566037838506
coastNorth,2020-08-05,1.4059170887508024E7,240.82842986812994
coastSouth,2020-08-05,1.9406279050235197E7,350.612953812479
interiorNorth,2020-08-05,2.532108653085932E7,432.2300001420315
interiorSouth,2020-08-05,3.3328888375612278E7,616.8520514127192
alaskaRange,2020-08-06,1.754272946193368E7,293.51062020469647
coastNorth,2020-08-06,1.0018441841871276E7,172.9274471967578
coastSouth,2020-08-06,1.8222228356990397E7,328.3128082587799
interiorNorth,2020-08-06,1.5899309971674893E7,273.72066641753577
interiorSouth,2020-08-06,2.1346376245655812E7,396.6728123410331
alaskaRange,2020-08-07,1.1699007941091403E7,197.30584956168212
coastNorth,2020-08-07,9754187.142085535,168.74677352350244
coastSouth,2020-08-07,1.5953852790472021E7,290.17432114444347
interiorNorth,2020-08-07,1.829406353443655E7,317.1963268831841
interiorSouth,2020-08-07,2.0590738055351336E7,384.28900729593056
alaskaRange,2020-08-08,8384073.748754367,142.5900409880258
coastNorth,2020-08-08,1.0813710004551327E7,188.43419833996393
coastSouth,2020-08-08,1.9712194179899957E7,361.6770235392003
interiorNorth,2020-08-08,1.2732892109506456E7,224.33754705513047
interiorSouth,2020-08-08,2.092868635953604E7,392.0657415814571
alaskaRange,2020-08-09,7864104.624255485,134.74509686167997
coastNorth,2020-08-09,7850361.922159848,136.84707231138128
coastSouth,2020-08-09,1.7923681368689053E7,332.70841332958554
interiorNorth,2020-08-09,1.4687306598455964E7,257.9492894970396
interiorSouth,2020-08-09,2.6071589672562703E7,490.6192629593777
alaskaRange,2020-08-10,4796451.5138222715,82.89021952550601
coastNorth,2020-08-10,9971930.079869345,175.319484172757
coastSouth,2020-08-10,1.695033576787539E7,315.28158643766824
interiorNorth,2020-08-10,1.1047692865705907E7,192.85949687837805
interiorSouth,2020-08-10,2.195122791769299E7,414.6015896575093
alaskaRange,2020-08-11,1.3053327650208997E7,226.42755066246778
coastNorth,2020-08-11,1.1765304403052859E7,208.3524948259794
coastSouth,2020-08-11,2.127916524406093E7,393.67050147559337
interiorNorth,2020-08-11,1.01824034271535E7,180.85753468447513
interiorSouth,2020-08-11,2.426888708973595E7,460.446350306422
alaskaRange,2020-08-12,6330560.283343514,110.72649959714913
coastNorth,2020-08-12,8864831.66587574,157.42986560590526
coastSouth,2020-08-12,1.777414473365708E7,333.67815229989407
interiorNorth,2020-08-12,1.2371200560993712E7,218.93081771082848
interiorSouth,2020-08-12,2.3961462059154935E7,456.32771760255014
alaskaRange,2020-08-13,1.7995536347650025E7,316.27199558592076
coastNorth,2020-08-13,1.0661308427975377E7,190.77314051636944
coastSouth,2020-08-13,2.047936229271776E7,384.5860554935461
interiorNorth,2020-08-13,6436133.275256768,116.09986153248721
interiorSouth,2020-08-13,2.518098300036483E7,481.70466627090286
alaskaRange,2020-08-14,1.4690755863755986E7,259.6609986033303
coastNorth,2020-08-14,9789168.734323636,175.9031259073614
coastSouth,2020-08-14,1.6935656531965703E7,319.03594978686215
interiorNorth,2020-08-14,1.6079871131670762E7,289.2866540297022
interiorSouth,2020-08-14,2.2495556176592443E7,432.20621882333546
alaskaRange,2020-08-15,1.3134937195734536E7,234.383533839397
coastNorth,2020-08-15,1.0996401870372133E7,199.22180531442353
coastSouth,2020-08-15,1.2955219391946586E7,246.75782065678703
interiorNorth,2020-08-15,9889907.214432871,178.31163515294872
interiorSouth,2020-08-15,2.619500953945173E7,505.40491603887875
alaskaRange,2020-08-16,1.6958616530668132E7,303.79113908117705
coastNorth,2020-08-16,1.178689246992146E7,214.67546615914125
coastSouth,2020-08-16,1.7286518973469034E7,330.7969702297869
interiorNorth,2020-08-16,1.230383433340346E7,225.04896220561093
interiorSouth,2020-08-16,2.9978455550946567E7,580.7718413707046
alaskaRange,2020-08-17,1.9347750800041415E7,348.3657868861115
coastNorth,2020-08-17,7464023.541218247,136.67891926448735
coastSouth,2020-08-17,1.687085913519225E7,323.69613125539655
interiorNorth,2020-08-17,1.4474693594482295E7,266.573037513397
interiorSouth,2020-08-17,2.1021023376086716E7,409.0205677824047
alaskaRange,2020-08-18,1.3772608447215207E7,249.10458091978202
coastNorth,2020-08-18,1.2152366605604256E7,224.4201536564799
coastSouth,2020-08-18,1.5779292841864137E7,302.5084980483158
interiorNorth,2020-08-18,1.5504321619111989E7,285.3562641935528
interiorSouth,2020-08-18,2.6477310623995733E7,517.7135760644844
alaskaRange,2020-08-19,1.3438414778791113E7,244.3381293982462
coastNorth,2020-08-19,1.2261674779182209E7,227.5180774032623
coastSouth,2020-08-19,2.0026811056808084E7,384.80065789954546
interiorNorth,2020-08-19,1.638076708857825E7,304.48015747070315
interiorSouth,2020-08-19,2.4093593635515224E7,473.39433706733996
alaskaRange,2020-08-20,1.0676043139215514E7,196.3166680486269
coastNorth,2020-08-20,1.2735620617851753E7,237.7415350997119
coastSouth,2020-08-20,1.2556378653991694E7,242.84571860162066
interiorNorth,2020-08-20,1.4949569146933487E7,276.82185543708084
interiorSouth,2020-08-20,1.9699010004103854E7,388.6892151812661
alaskaRange,2020-08-21,1.6801877211356014E7,310.9399843198093
coastNorth,2020-08-21,1.0919607961755479E7,205.0625549958193
coastSouth,2020-08-21,1.1006713479837582E7,213.7344328585978
interiorNorth,2020-08-21,1.3160552260137826E7,246.9345973560645
interiorSouth,2020-08-21,1.89318175776376E7,375.2452758311662
alaskaRange,2020-08-22,1.4689874155358128E7,273.0514376228005
coastNorth,2020-08-22,1.1986448206812814E7,226.96311809931197
coastSouth,2020-08-22,1.3256668813712109E7,259.4930423056128
interiorNorth,2020-08-22,1.2678840726247348E7,237.3422641322298
interiorSouth,2020-08-22,2.1670395168777235E7,431.654094929035
alaskaRange,2020-08-23,1.1457239692539737E7,214.78611664321224
coastNorth,2020-08-23,8938170.661488382,170.26889371983128
coastSouth,2020-08-23,1.6414619709930817E7,324.3294041938616
interiorNorth,2020-08-23,1.4134425337349586E7,268.5047989467405
interiorSouth,2020-08-23,2.5534081645661015E7,510.8635327470367
alaskaRange,2020-08-24,4132469.4444221444,78.07326316254606
coastNorth,2020-08-24,6385597.399192095,122.42443906013848
coastSouth,2020-08-24,1.4331018857796326E7,285.86672770048733
interiorNorth,2020-08-24,9154407.355756426,174.24409438799012
interiorSouth,2020-08-24,1.6515638323103659E7,332.1211058212545
alaskaRange,2020-08-25,7060456.9865420135,134.09401742081414
coastNorth,2020-08-25,8304612.61180135,160.1462957360314
coastSouth,2020-08-25,1.341725138940627E7,268.91409213643806
interiorNorth,2020-08-25,1.2780716826155048E7,247.04383009184832
interiorSouth,2020-08-25,2.3918560038633555E7,483.15768425404457
alaskaRange,2020-08-26,2914026.8154560523,55.767971073358844
coastNorth,2020-08-26,1.0181284911504874E7,197.48917985908113
coastSouth,2020-08-26,1.7986748562012136E7,360.29395062669636
interiorNorth,2020-08-26,1.802391176041735E7,349.33763516024226
interiorSouth,2020-08-26,2.2608324156070776E7,459.01923301514495
alaskaRange,2020-08-27,6204225.603421417,119.37457945273385
coastNorth,2020-08-27,7861430.2330507105,153.35573955330722
coastSouth,2020-08-27,1.7517231033672556E7,353.2684180368595
interiorNorth,2020-08-27,1.4306489147320412E7,280.1809369357127
interiorSouth,2020-08-27,2.4987470225804657E7,509.72577370303645
alaskaRange,2020-08-28,9118668.433669325,177.01439827940183
coastNorth,2020-08-28,8248132.371428341,161.95974563820943
coastSouth,2020-08-28,1.021742553733115E7,207.932810112832
interiorNorth,2020-08-28,1.3867588665979877E7,272.3556665048659
interiorSouth,2020-08-28,2.5905886919760652E7,531.1655028825377
alaskaRange,2020-08-29,1.304709706145951E7,254.4476113693505
coastNorth,2020-08-29,8842023.612858936,175.1661481322767
coastSouth,2020-08-29,1.906024191658562E7,387.5306481916672
interiorNorth,2020-08-29,1.0423065968455609E7,206.80176727486855
interiorSouth,2020-08-29,1.2969784361434853E7,267.3824814356804
alaskaRange,2020-08-30,7919217.893607072,156.08083464503682
coastNorth,2020-08-30,7926830.524580726,158.0060745234587
coastSouth,2020-08-30,9187750.776482021,188.80201191195505
interiorNorth,2020-08-30,9793934.357601453,195.68637125866968
interiorSouth,2020-08-30,1.7218903583849438E7,356.7958320746067
alaskaRange,2020-08-31,7704883.946702572,152.96205169957145
coastNorth,2020-08-31,7726794.405960092,155.12844926262406
coastSouth,2020-08-31,1.6072838106969872E7,330.6566303323649
interiorNorth,2020-08-31,1.2298583088733984E7,248.00867958068847
interiorSouth,2020-08-31,1.7027483417462923E7,354.31805332725304
alaskaRange,2021-06-01,1.6558710373328194E7,245.86014670501729
coastNorth,2021-06-01,1.1975366031532228E7,184.5944664235104
coastSouth,2021-06-01,2.5003274456527736E7,414.80749385860486
interiorNorth,2021-06-01,2.253301925713015E7,345.2956415020445
interiorSouth,2021-06-01,3.5366430050179005E7,607.0042194880455
alaskaRange,2021-06-02,1.69212161534696E7,248.0364504475545
coastNorth,2021-06-02,1.4294415548519067E7,218.92281784937813
coastSouth,2021-06-02,2.184979106501278E7,360.8170982406196
interiorNorth,2021-06-02,3.2831284665502872E7,501.0444528447757
interiorSouth,2021-06-02,3.967846061324655E7,679.5059370352019
alaskaRange,2021-06-03,1.9192623886230268E7,280.22841570034717
coastNorth,2021-06-03,1.873987909041616E7,285.72532697440766
coastSouth,2021-06-03,1.865351447305843E7,310.5751501948141
interiorNorth,2021-06-03,2.760179344604886E7,415.71777329594835
interiorSouth,2021-06-03,3.3587269616157785E7,573.840555848344
alaskaRange,2021-06-04,1.7040733260134615E7,250.62717180253523
coastNorth,2021-06-04,2.9055262202899754E7,440.888232391326
coastSouth,2021-06-04,1.7413697791213777E7,282.79411558009025
interiorNorth,2021-06-04,3.409408440888811E7,513.8781886574607
interiorSouth,2021-06-04,2.962997186698745E7,505.8696381767302
alaskaRange,2021-06-05,1.625342352432031E7,236.41043760674128
coastNorth,2021-06-05,1.866788268874443E7,283.5617428284808
coastSouth,2021-06-05,1.820422025329685E7,298.11157392702324
interiorNorth,2021-06-05,2.0965772731021162E7,306.1372833755781
interiorSouth,2021-06-05,2.39223158291406E7,407.3637434777365
alaskaRange,2021-06-06,2.421434801833466E7,354.43062913859825
coastNorth,2021-06-06,1.7897783316378504E7,270.4782871786411
coastSouth,2021-06-06,1.7139150455763564E7,275.8237148826033
interiorNorth,2021-06-06,3.681237548805086E7,552.6228613127703
interiorSouth,2021-06-06,2.3318503923266854E7,396.20622503854435
alaskaRange,2021-06-07,2.9475473395980675E7,429.0771546542081
coastNorth,2021-06-07,2.0680154597199894E7,313.4364990434325
coastSouth,2021-06-07,2.6974366936483562E7,432.63162121217636
interiorNorth,2021-06-07,3.0361889135903805E7,457.4175722662008
interiorSouth,2021-06-07,1.2692511220785186E7,215.55455736016086
alaskaRange,2021-06-08,2.354080082017621E7,339.96722645904066
coastNorth,2021-06-08,1.9792724732229125E7,299.93732920018584
coastSouth,2021-06-08,2.8760708933794744E7,462.40370458891874
interiorNorth,2021-06-08,2.052350717269739E7,306.45386178598466
interiorSouth,2021-06-08,2.4379698892517034E7,413.7119559806679
alaskaRange,2021-06-09,1.1834273940673636E7,171.0554341697278
coastNorth,2021-06-09,1.841057681507492E7,277.7301378922543
coastSouth,2021-06-09,2.3272499896863673E7,377.05481563512285
interiorNorth,2021-06-09,3.0702045183013197E7,452.6490435066463
interiorSouth,2021-06-09,2.4261557731796466E7,410.9166113070468
alaskaRange,2021-06-10,1.5983992295367377E7,229.6710658098752
coastNorth,2021-06-10,2.4605235738731965E7,370.36675597073827
coastSouth,2021-06-10,2.6827109222655006E7,433.7671830516792
interiorNorth,2021-06-10,3.38182046676432E7,500.8876539314318
interiorSouth,2021-06-10,2.6334209840500608E7,445.08142398346723
alaskaRange,2021-06-11,2.3492545850354716E7,337.7465936524824
coastNorth,2021-06-11,2.5772095259964343E7,387.0448818851506
coastSouth,2021-06-11,2.830453379006576E7,457.53746361353797
interiorNorth,2021-06-11,1.9168040824958693E7,277.3575219664184
interiorSouth,2021-06-11,3.506842884059464E7,591.9075220139491
alaskaRange,2021-06-12,3.500268994723949E7,502.41303787856646
coastNorth,2021-06-12,2.5093512251002453E7,375.6111682891796
coastSouth,2021-06-12,1.9632908136399325E7,315.7960347227997
interiorNorth,2021-06-12,1.3597601263671707E7,196.52197518018806
interiorSouth,2021-06-12,3.3699193563340984E7,568.4220805602267
alaskaRange,2021-06-13,3.3577316871751934E7,483.45179462370146
coastNorth,2021-06-13,2.5361004965321843E7,380.49071316599117
coastSouth,2021-06-13,3.0286937954534195E7,484.51691548124074
interiorNorth,2021-06-13,3.8782214086737916E7,577.5590065818163
interiorSouth,2021-06-13,3.27213376240461E7,551.4817356342663
alaskaRange,2021-06-14,3.687144737280924E7,528.9043928033768
coastNorth,2021-06-14,2.172025076345703E7,323.8468678689295
coastSouth,2021-06-14,2.1319239502922073E7,345.02313861438614
interiorNorth,2021-06-14,2.800330748377344E7,410.04425815366346
interiorSouth,2021-06-14,2.9984747856874462E7,504.6143105778749
alaskaRange,2021-06-15,3.5407802960096225E7,508.0406176578511
coastNorth,2021-06-15,2.309436498269482E7,344.08704009439134
coastSouth,2021-06-15,2.098493554923128E7,339.1637273655587
interiorNorth,2021-06-15,2.2636376334246602E7,326.0995600838331
interiorSouth,2021-06-15,2.5894059859563984E7,436.14284867486583
alaskaRange,2021-06-16,2.2414717556546316E7,320.92002933507405
coastNorth,2021-06-16,2.2983761590279654E7,344.4729557876854
coastSouth,2021-06-16,3.207634898809539E7,517.8339408155932
interiorNorth,2021-06-16,3.3880778673982315E7,496.7972772754213
interiorSouth,2021-06-16,2.4533013265707985E7,413.1012471017246
alaskaRange,2021-06-17,2.224812056544841E7,318.4367403812573
coastNorth,2021-06-17,3.0231360770499457E7,450.25412952062203
coastSouth,2021-06-17,3.074885957120327E7,497.4165052970367
interiorNorth,2021-06-17,3.568516974566397E7,526.4600690349843
interiorSouth,2021-06-17,3.5914221134091444E7,603.6823733627251
alaskaRange,2021-06-18,2.040363489193777E7,289.4564565992107
coastNorth,2021-06-18,1.8879585351928674E7,281.73396854897777
coastSouth,2021-06-18,2.2794597589903224E7,368.5210789170504
interiorNorth,2021-06-18,2.3911756100298703E7,345.36501271469785
interiorSouth,2021-06-18,4.109174807717151E7,691.1446519941957
alaskaRange,2021-06-19,1.5631588359413704E7,223.23871214677197
coastNorth,2021-06-19,2.394810122275898E7,357.8940604485514
coastSouth,2021-06-19,3.1593612410636928E7,502.1016448468573
interiorNorth,2021-06-19,3.755426694594112E7,556.2800944010417
interiorSouth,2021-06-19,1.6115520892300379E7,271.3763373153859
alaskaRange,2021-06-20,1.3645847505984796E7,192.51896910440928
coastNorth,2021-06-20,1.3092836368341627E7,195.2227253538539
coastSouth,2021-06-20,3.1370466818355385E7,509.4429441612044
interiorNorth,2021-06-20,3.492272470192223E7,512.2729625893838
interiorSouth,2021-06-20,4.0259628223161295E7,676.3775136628212
alaskaRange,2021-06-21,2.0091842285283178E7,287.1172239600849
coastNorth,2021-06-21,2.435459266575206E7,361.51207235809125
coastSouth,2021-06-21,2.550193287096927E7,414.6908027537264
interiorNorth,2021-06-21,2.2768712951031126E7,340.00062888763233
interiorSouth,2021-06-21,4.180343787076536E7,702.6027213087763
alaskaRange,2021-06-22,2.1461363322845154E7,303.00782842875867
coastNorth,2021-06-22,2.864958628585258E7,425.8884609054114
coastSouth,2021-06-22,3.4501530820401624E7,555.4292695989027
interiorNorth,2021-06-22,3.1227825315664586E7,464.22220121179737
interiorSouth,2021-06-22,3.859141850510215E7,648.4093474962015
alaskaRange,2021-06-23,1.9383952632422715E7,273.77982245524413
coastNorth,2021-06-23,1.5964401676315999E7,237.0006994665895
coastSouth,2021-06-23,2.648241898449487E7,429.01039399282314
interiorNorth,2021-06-23,3.782238228518531E7,559.398930694772
interiorSouth,2021-06-23,2.9007082154695142E7,487.3746327099624
alaskaRange,2021-06-24,1.831170950662547E7,262.4711522021263
coastNorth,2021-06-24,1.6210046151764698E7,240.6754080504612
coastSouth,2021-06-24,1.8487431569698203E7,304.81900327252885
interiorNorth,2021-06-24,1.4881425490958879E7,221.15730797869605
interiorSouth,2021-06-24,2.7640654502378646E7,463.7408939306646
alaskaRange,2021-06-25,1.6853948653912693E7,238.02212957327882
coastNorth,2021-06-25,1.196467467175641E7,178.07980633995643
coastSouth,2021-06-25,2.5727868241478644E7,421.02192145392314
interiorNorth,2021-06-25,2.849879025320298E7,423.6663712219622
interiorSouth,2021-06-25,3.860889631393299E7,649.5900534525452
alaskaRange,2021-06-26,1.2634623327808462E7,181.05666243278043
coastNorth,2021-06-26,1.8994584639956955E7,283.956452375839
coastSouth,2021-06-26,3.444757368592448E7,556.2001999389302
interiorNorth,2021-06-26,3.107392852338989E7,458.5882771234092
interiorSouth,2021-06-26,4.022197152317658E7,676.7133827342817
alaskaRange,2021-06-27,2.3633395623644073E7,337.8135222105464
coastNorth,2021-06-27,2.45605897521345E7,367.16393322518616
coastSouth,2021-06-27,3.564782735862961E7,574.3084471754619
interiorNorth,2021-06-27,2.9993504677614734E7,445.03108792095065
interiorSouth,2021-06-27,4.196202229001493E7,706.2771171697168
alaskaRange,2021-06-28,1.4956568241853874E7,215.9269083933763
coastNorth,2021-06-28,2.3044324409900367E7,345.1942234767503
coastSouth,2021-06-28,3.604888239138057E7,581.6211784858863
interiorNorth,2021-06-28,3.602569652231954E7,535.4299620430425
interiorSouth,2021-06-28,4.173220963531797E7,702.8865148243437
alaskaRange,2021-06-29,1.7694803590392884E7,255.32679750773534
coastNorth,2021-06-29,2.30757005329451E7,344.9554218871564
coastSouth,2021-06-29,3.501969247596018E7,566.6880366774949
interiorNorth,2021-06-29,3.575553661174342E7,530.8835408336712
interiorSouth,2021-06-29,4.085481857696881E7,688.569567566243
alaskaRange,2021-06-30,3.447689696226566E7,495.5247983049204
coastNorth,2021-06-30,2.1559996327623323E7,322.42127243832846
coastSouth,2021-06-30,3.243675740574222E7,524.1019879664237
interiorNorth,2021-06-30,2.8499539978396952E7,429.4666416768008
interiorSouth,2021-06-30,4.071275632372849E7,686.9156219124294
alaskaRange,2021-07-01,2.5065756510273E7,358.4583321721428
coastNorth,2021-07-01,2.6499529974037994E7,396.63691745825685
coastSouth,2021-07-01,2.9088364576981734E7,471.20849348038087
interiorNorth,2021-07-01,2.686882506243379E7,397.8053962083733
interiorSouth,2021-07-01,3.0760572324128356E7,519.6962634795511
alaskaRange,2021-07-02,2.5833489372557424E7,373.5442456479825
coastNorth,2021-07-02,1.6321400306014426E7,244.62691914064908
coastSouth,2021-07-02,3.0243708639320057E7,492.7534438791184
interiorNorth,2021-07-02,2.741195979928729E7,406.7543331506117
interiorSouth,2021-07-02,2.932540603579734E7,495.8012894871777
alaskaRange,2021-07-03,2.2441177431781262E7,324.53921041257576
coastNorth,2021-07-03,1.809492628233814E7,272.4443413408139
coastSouth,2021-07-03,3.338875549817258E7,541.482095706638
interiorNorth,2021-07-03,2.7353796965782918E7,404.946930852926
interiorSouth,2021-07-03,3.832766429542021E7,648.3976158536752
alaskaRange,2021-07-04,2.17059602204916E7,314.2354140661092
coastNorth,2021-07-04,2.6788015570179585E7,403.29963266398744
coastSouth,2021-07-04,3.376158047405927E7,548.1556909139172
interiorNorth,2021-07-04,2.665684334349566E7,400.31264768156615
interiorSouth,2021-07-04,1.9827781518814404E7,336.5919899726325
alaskaRange,2021-07-05,2.131055726694285E7,307.39794783288545
coastNorth,2021-07-05,2.01986741871877E7,305.18735359559497
coastSouth,2021-07-05,3.274997653558136E7,531.1641153518267
interiorNorth,2021-07-05,2.9804908187126257E7,447.4942952857827
interiorSouth,2021-07-05,2.157426251218845E7,365.8514162839265
alaskaRange,2021-07-06,1.1832543842145698E7,172.92829533174202
coastNorth,2021-07-06,1.6756405662401242E7,253.78345375554449
coastSouth,2021-07-06,3.225664393019683E7,527.9110841693387
interiorNorth,2021-07-06,3.1923377577741526E7,479.79428269488255
interiorSouth,2021-07-06,3.422124854269026E7,581.5811582357367
alaskaRange,2021-07-07,1.3167914430602517E7,192.97636144611914
coastNorth,2021-07-07,1.3859607783661144E7,210.17397340702314
coastSouth,2021-07-07,3.073603884885155E7,502.9745114866403
interiorNorth,2021-07-07,2.844119388909799E7,430.82176733436825
interiorSouth,2021-07-07,3.8109305633344E7,648.3121464647658
alaskaRange,2021-07-08,1.1871003900869984E7,173.7658530854752
coastNorth,2021-07-08,1.5635801249698872E7,237.28475801798552
coastSouth,2021-07-08,2.6243664779153503E7,433.11866133433784
interiorNorth,2021-07-08,3.1690801230165686E7,478.25410033411947
interiorSouth,2021-07-08,3.6487679067326576E7,621.8044438612772
alaskaRange,2021-07-09,1.0778548365935918E7,157.43381858770496
coastNorth,2021-07-09,1.465689534797028E7,223.2736534659719
coastSouth,2021-07-09,2.5132808073414546E7,416.4690974333849
interiorNorth,2021-07-09,1.6500733375422271E7,252.8389810022318
interiorSouth,2021-07-09,3.0698294789150137E7,525.01291158115
alaskaRange,2021-07-10,1.7689015153457545E7,260.5430623616559
coastNorth,2021-07-10,1.1675928478084354E7,178.95914733888608
coastSouth,2021-07-10,2.2791113866852187E7,377.2380115966358
interiorNorth,2021-07-10,1.3323475068712952E7,203.07590565231612
interiorSouth,2021-07-10,2.8686405997080058E7,491.24574472484534
alaskaRange,2021-07-11,1.737381683097917E7,255.79872020538312
coastNorth,2021-07-11,2.0077503880170643E7,307.0120359466168
coastSouth,2021-07-11,2.8447194294800434E7,470.5897806157484
interiorNorth,2021-07-11,2.1889508024917603E7,341.19103826846714
interiorSouth,2021-07-11,3.006862305811502E7,515.3465693436099
alaskaRange,2021-07-12,3.1207571010067236E7,462.4646456967995
coastNorth,2021-07-12,1.1938477816211106E7,183.17303382419473
coastSouth,2021-07-12,2.0891734707779024E7,352.78903783158705
interiorNorth,2021-07-12,2.8778123847685233E7,439.444849064665
interiorSouth,2021-07-12,3.8111485438727476E7,654.2684331285528
alaskaRange,2021-07-13,1.468838658648946E7,218.43361061791245
coastNorth,2021-07-13,1.4977355649232265E7,231.11574892372838
coastSouth,2021-07-13,2.2201531421682835E7,370.7769975793673
interiorNorth,2021-07-13,1.3751605976871658E7,213.8963081527806
interiorSouth,2021-07-13,3.577310213029967E7,615.2298217414553
alaskaRange,2021-07-14,1.5130939246088715E7,228.97971372552752
coastNorth,2021-07-14,1.0455818448390264E7,161.72245811294653
coastSouth,2021-07-14,2.2462641933966596E7,377.04714425909106
interiorNorth,2021-07-14,2.2379454725844335E7,347.8949815762118
interiorSouth,2021-07-14,3.4447215082061335E7,594.1054761587425
alaskaRange,2021-07-15,1.8010946005536046E7,270.8399493118912
coastNorth,2021-07-15,2.136046557782208E7,331.1518072895573
coastSouth,2021-07-15,2.2486446213316705E7,376.0583242515179
interiorNorth,2021-07-15,2.253268491116283E7,351.12382984281334
interiorSouth,2021-07-15,3.457744526445148E7,597.6019654216351
alaskaRange,2021-07-16,3.111513788199803E7,469.38725423439
coastNorth,2021-07-16,1.8725381611877758E7,291.3019914693783
coastSouth,2021-07-16,1.837840204058923E7,305.94073147662004
interiorNorth,2021-07-16,2.1524179527591735E7,329.8895091122801
interiorSouth,2021-07-16,1.6471957859285466E7,286.3238655405406
alaskaRange,2021-07-17,2.9106916499493662E7,440.3270584454552
coastNorth,2021-07-17,2.2997228844053194E7,359.81353766076165
coastSouth,2021-07-17,1.8518710268138748E7,312.9946653998584
interiorNorth,2021-07-17,1.9024836413589586E7,287.52179218988
interiorSouth,2021-07-17,2.4780985583123755E7,431.16613872248604
alaskaRange,2021-07-18,2.407348198963253E7,366.8624174299524
coastNorth,2021-07-18,2.069038154326362E7,325.18148983864467
coastSouth,2021-07-18,1.9808515908200104E7,336.5399541949181
interiorNorth,2021-07-18,2.099787631809607E7,323.34509437129185
interiorSouth,2021-07-18,2.6718741884152472E7,465.4937547499704
alaskaRange,2021-07-19,2.655234186909045E7,403.7780115227036
coastNorth,2021-07-19,2.0764282969636925E7,327.35268201315085
coastSouth,2021-07-19,2.8602432993023116E7,480.4249323316373
interiorNorth,2021-07-19,2.5578020550825894E7,397.46563517972356
interiorSouth,2021-07-19,2.962516203770277E7,517.3680299625782
alaskaRange,2021-07-20,1.8163081027385697E7,277.31162527828127
coastNorth,2021-07-20,2.034448897983066E7,322.1294430623423
coastSouth,2021-07-20,2.439545643622383E7,409.86397923027704
interiorNorth,2021-07-20,2.200321732468149E7,342.96796879558445
interiorSouth,2021-07-20,3.101778774624727E7,542.7700625751831
alaskaRange,2021-07-21,1.153211866199156E7,176.24797158533372
coastNorth,2021-07-21,1.3732585271942427E7,218.63648979864874
coastSouth,2021-07-21,1.6804634155955274E7,283.9275809730883
interiorNorth,2021-07-21,2.1740969695118163E7,338.9576034929767
interiorSouth,2021-07-21,2.2639086293948773E7,397.7956545906882
alaskaRange,2021-07-22,2.1685333427587885E7,334.6959634725214
coastNorth,2021-07-22,2.6941197766190775E7,429.20248751311067
coastSouth,2021-07-22,1.9392122123798966E7,332.4309020713991
interiorNorth,2021-07-22,1.8215790907452013E7,285.1382136914715
interiorSouth,2021-07-22,2.3950735953877058E7,420.9634570398806
alaskaRange,2021-07-23,1.075336151167658E7,168.9258935340674
coastNorth,2021-07-23,1.6078974478196774E7,257.29035013421486
coastSouth,2021-07-23,1.68151111791216E7,288.829892794842
interiorNorth,2021-07-23,2.3509066445390765E7,375.2470063887302
interiorSouth,2021-07-23,2.1315178985028103E7,376.0826932288084
alaskaRange,2021-07-24,1.141505606935487E7,180.43885121955043
coastNorth,2021-07-24,1.9519500818752367E7,314.61560471973945
coastSouth,2021-07-24,2.18661637864525E7,375.8648146221306
interiorNorth,2021-07-24,2.361725857818469E7,381.64803774851674
interiorSouth,2021-07-24,3.067717211208302E7,543.4191819047546
alaskaRange,2021-07-25,1.3900106320135308E7,219.1525615908451
coastNorth,2021-07-25,1.5369201381348344E7,249.65983534917015
coastSouth,2021-07-25,2.1067667003761977E7,361.58181750573215
interiorNorth,2021-07-25,1.3402669346233286E7,218.58548426598122
interiorSouth,2021-07-25,3.03422482136741E7,539.0152591127076
alaskaRange,2021-07-26,1.1215394917476393E7,177.3007653119791
coastNorth,2021-07-26,1.1218881788431108E7,181.64506104661064
coastSouth,2021-07-26,2.223868282854995E7,385.0786046797489
interiorNorth,2021-07-26,2.178096568641748E7,354.3240315179405
interiorSouth,2021-07-26,3.056688183655877E7,544.1785880188326
alaskaRange,2021-07-27,1.5740766147534996E7,249.63201624808408
coastNorth,2021-07-27,1.1754219844910407E7,191.79961754887498
coastSouth,2021-07-27,2.3269813601511337E7,407.01018228622667
interiorNorth,2021-07-27,2.2155648744891193E7,359.94928939147565
interiorSouth,2021-07-27,3.1556039792088486E7,563.4546089016463
alaskaRange,2021-07-28,1.2708111431857098E7,203.93880122287652
coastNorth,2021-07-28,1.381023074926205E7,226.32536947553447
coastSouth,2021-07-28,2.7536624899614323E7,478.9242367984574
interiorNorth,2021-07-28,1.9184234597682036E7,316.8650882481029
interiorSouth,2021-07-28,3.5436801589867845E7,635.015330159898
alaskaRange,2021-07-29,1.7031259584571995E7,271.9436066622823
coastNorth,2021-07-29,2.1034898180255152E7,346.43414202645886
coastSouth,2021-07-29,3.0431595069533654E7,529.7789586486109
interiorNorth,2021-07-29,1.8333364636977587E7,303.3214278431059
interiorSouth,2021-07-29,3.391586745174204E7,609.7431123887727
alaskaRange,2021-07-30,2.0563026386825506E7,329.93298442751234
coastNorth,2021-07-30,2.064735901314514E7,341.94055549360314
coastSouth,2021-07-30,3.2413938233449407E7,566.9525901398025
interiorNorth,2021-07-30,2.5202883737706702E7,417.48703123848395
interiorSouth,2021-07-30,3.364873730478276E7,607.0257369894654
alaskaRange,2021-07-31,2.2398490442764882E7,361.92907883300967
coastNorth,2021-07-31,2.490073523544023E7,413.32170312542615
coastSouth,2021-07-31,2.9755784321376204E7,522.43668201576
interiorNorth,2021-07-31,2.66773217577863E7,441.6269311676985
interiorSouth,2021-07-31,3.262860617061042E7,590.4554701791326
alaskaRange,2021-08-01,1.5480163628883697E7,251.55369362056126
coastNorth,2021-08-01,2.1559550263012283E7,359.8407439854119
coastSouth,2021-08-01,2.7626903836114317E7,486.3490591517756
interiorNorth,2021-08-01,2.0871213816088166E7,343.8755912396893
interiorSouth,2021-08-01,2.4772511046659198E7,450.02415084245854
alaskaRange,2021-08-02,2.4695333300267946E7,404.63090046254484
coastNorth,2021-08-02,1.9192300892994985E7,321.787070234937
coastSouth,2021-08-02,2.3263465075486626E7,412.5783895232366
interiorNorth,2021-08-02,1.439815252273235E7,235.44632067290493
interiorSouth,2021-08-02,1.6775884703701073E7,306.11432565145645
alaskaRange,2021-08-03,2.1486584534463536E7,354.08804592229245
coastNorth,2021-08-03,1.5843316380556187E7,267.0833810988212
coastSouth,2021-08-03,2.1847232571020164E7,390.38518440189836
interiorNorth,2021-08-03,1.7177592654416926E7,292.21378005405643
interiorSouth,2021-08-03,3.159053366390961E7,578.2400327113025
alaskaRange,2021-08-04,2.3256112709731106E7,384.1814391862533
coastNorth,2021-08-04,1.543764984241725E7,261.0686092886273
coastSouth,2021-08-04,1.865804021728664E7,337.0968660480361
interiorNorth,2021-08-04,1.782010725495807E7,300.1947170137609
interiorSouth,2021-08-04,3.343192637170336E7,614.093618293524
alaskaRange,2021-08-05,1.3114109032914985E7,216.59072591837673
coastNorth,2021-08-05,1.4159254586146448E7,240.83132890406463
coastSouth,2021-08-05,1.4991439203840956E7,270.6798918175083
interiorNorth,2021-08-05,2.0347745654480465E7,344.421163479787
interiorSouth,2021-08-05,3.2002257994025826E7,590.2321473205137
alaskaRange,2021-08-06,7369264.264779068,122.95306035584568
coastNorth,2021-08-06,5990128.454853657,102.46921700968295
coastSouth,2021-08-06,1.0014690957164753E7,182.1492239147753
interiorNorth,2021-08-06,1.2952540216619108E7,217.64322652037038
interiorSouth,2021-08-06,1.9551825157709558E7,361.97481018099745
alaskaRange,2021-08-07,1.3995992681652848E7,236.80369212470748
coastNorth,2021-08-07,1.0020337790927164E7,172.26954138907686
coastSouth,2021-08-07,1.7070663766400598E7,309.65619333042514
interiorNorth,2021-08-07,1.3983529136802679E7,238.09819505319655
interiorSouth,2021-08-07,1.851137113784665E7,343.7448041943889
alaskaRange,2021-08-08,1.0430801833585327E7,176.4013896018615
coastNorth,2021-08-08,1.0110245614366524E7,174.59722591695848
coastSouth,2021-08-08,1.6302805089563081E7,299.66693739634144
interiorNorth,2021-08-08,1.4763905589456808E7,256.5369241870424
interiorSouth,2021-08-08,2.0064849985084314E7,373.99923437941504
alaskaRange,2021-08-09,1.200399435166544E7,204.9836850768126
coastNorth,2021-08-09,1.0221268865768716E7,177.96966563902046
coastSouth,2021-08-09,1.959696011596541E7,360.3592343430172
interiorNorth,2021-08-09,8005124.329971001,136.874823902538
interiorSouth,2021-08-09,2.925625400863577E7,548.0258011009226
alaskaRange,2021-08-10,1.0727856421911212E7,184.1329495707233
coastNorth,2021-08-10,1.343630479404963E7,235.0482726658534
coastSouth,2021-08-10,1.869061902272733E7,344.7968766445168
interiorNorth,2021-08-10,8494021.829645036,150.45922025164717
interiorSouth,2021-08-10,9498934.685401402,178.5465304771556
alaskaRange,2021-08-11,1.184681996104489E7,204.0539941904945
coastNorth,2021-08-11,9798843.13458966,172.22543603496823
coastSouth,2021-08-11,1.884789689161643E7,349.6139511142365
interiorNorth,2021-08-11,7327266.852361404,128.57612583472294
interiorSouth,2021-08-11,2.1259660084158797E7,401.3445895167806
alaskaRange,2021-08-12,7419120.361530156,128.05107745490383
coastNorth,2021-08-12,9781543.341929825,173.39265554679304
coastSouth,2021-08-12,2.202418620499589E7,409.0312326992684
interiorNorth,2021-08-12,1.4726742813556427E7,262.33799359423557
interiorSouth,2021-08-12,3.1495539461111356E7,597.2593131800426
alaskaRange,2021-08-13,8467732.624349227,147.80021395990343
coastNorth,2021-08-13,6293478.211236647,112.01450756624698
coastSouth,2021-08-13,1.70852121434216E7,321.54914098575233
interiorNorth,2021-08-13,7427075.148010982,133.39584268893836
interiorSouth,2021-08-13,3.2826378580668222E7,625.2080005280583
alaskaRange,2021-08-14,1.0680767042791538E7,187.61701700431612
coastNorth,2021-08-14,9233482.604966702,165.71152768724696
coastSouth,2021-08-14,1.787245862809197E7,335.5045456200483
interiorNorth,2021-08-14,1.2656050583827147E7,228.55780507213663
interiorSouth,2021-08-14,2.795067437971757E7,534.8090936454156
alaskaRange,2021-08-15,1.4354556337380182E7,252.88378020103292
coastNorth,2021-08-15,1.2082457099810835E7,217.75914097062088
coastSouth,2021-08-15,1.1828612617493983E7,221.12538369228017
interiorNorth,2021-08-15,1.1769803895607563E7,212.55152846522302
interiorSouth,2021-08-15,1.2155390604868889E7,233.68494797829075
alaskaRange,2021-08-16,1.2825191357333519E7,228.8566796469082
coastNorth,2021-08-16,1.2384399048479252E7,224.52822928709332
coastSouth,2021-08-16,1.7088280816746235E7,320.9330057565845
interiorNorth,2021-08-16,1.4829857683085794E7,269.492811668444
interiorSouth,2021-08-16,1.3644534394912513E7,263.24117536688425
alaskaRange,2021-08-17,2999295.420195558,53.85982294992947
coastNorth,2021-08-17,1.2672933972726349E7,230.8362943380945
coastSouth,2021-08-17,1.6830440324086167E7,321.22304178520477
interiorNorth,2021-08-17,1.6352649661573859E7,298.74096831555636
interiorSouth,2021-08-17,1.6836469262057386E7,325.7496899580765
alaskaRange,2021-08-18,9223021.865605647,166.1867196245496
coastNorth,2021-08-18,9055767.726481615,166.2202851436005
coastSouth,2021-08-18,1.3262945837259062E7,255.2571850936563
interiorNorth,2021-08-18,8845607.964986652,160.11176723384258
interiorSouth,2021-08-18,2.780605649657257E7,541.4576145738091
alaskaRange,2021-08-19,9325620.515247542,168.92922395417406
coastNorth,2021-08-19,9731076.16448831,179.5145702345166
coastSouth,2021-08-19,1.5257929262508133E7,293.91565881651684
interiorNorth,2021-08-19,1.3150654906362386E7,242.07191192818888
interiorSouth,2021-08-19,1.9312900651221585E7,377.4374545452058
alaskaRange,2021-08-20,4864865.781488546,88.7083322270409
coastNorth,2021-08-20,1.1340167839741457E7,210.10559562410012
coastSouth,2021-08-20,1.9483870579930898E7,375.0990381509575
interiorNorth,2021-08-20,1.9517395780898474E7,362.5264338847226
interiorSouth,2021-08-20,2.049313580937194E7,402.1587065870052
alaskaRange,2021-08-21,1.5247259170186639E7,280.61318318146397
coastNorth,2021-08-21,1.2545819892557606E7,233.88883653361418
coastSouth,2021-08-21,1.9299474361952465E7,375.3616430167626
interiorNorth,2021-08-21,1.016184833831021E7,189.93928290792982
interiorSouth,2021-08-21,1.8164057558981575E7,358.2661242580924
alaskaRange,2021-08-22,1.6051306331903622E7,296.5265319299744
coastNorth,2021-08-22,1.7692424366170373E7,332.41911572453887
coastSouth,2021-08-22,1.650038017505798E7,320.55857502710865
interiorNorth,2021-08-22,3454691.619606359,64.25127044653743
interiorSouth,2021-08-22,1.1677468667589227E7,231.63674592587955
alaskaRange,2021-08-23,6814459.897711462,126.91539935572652
coastNorth,2021-08-23,1.1666369638847467E7,220.57003708945118
coastSouth,2021-08-23,1.883650058349797E7,368.28711344566466
interiorNorth,2021-08-23,1.1023873230403787E7,205.99742122866073
interiorSouth,2021-08-23,5993359.878687117,119.44354481804578
alaskaRange,2021-08-24,4585041.364542783,85.8490788329865
coastNorth,2021-08-24,5257291.912156885,99.97962591022669
coastSouth,2021-08-24,1.7957386084100533E7,355.1027443873015
interiorNorth,2021-08-24,1.9649710449635733E7,373.2449495903351
interiorSouth,2021-08-24,2.471943137913974E7,494.8068310955884
alaskaRange,2021-08-25,7348588.542749034,138.1415145256926
coastNorth,2021-08-25,6448825.273061568,123.1991781925497
coastSouth,2021-08-25,1.285791056010041E7,255.84965691476594
interiorNorth,2021-08-25,1.1718007255025962E7,222.2103082836799
interiorSouth,2021-08-25,2.7813380399974745E7,559.328154158781
alaskaRange,2021-08-26,9264643.3906897,176.19451868135496
coastNorth,2021-08-26,1.0293391123136522E7,198.21467597919587
coastSouth,2021-08-26,1.0360297507111985E7,205.6436463654723
interiorNorth,2021-08-26,9298591.27973763,178.3471195244939
interiorSouth,2021-08-26,2.1662732243086576E7,437.8327888263344
alaskaRange,2021-08-27,7230626.382914766,138.600283312408
coastNorth,2021-08-27,7088004.079144281,137.34172788881037
coastSouth,2021-08-27,1.0023281697173309E7,201.83846047442537
interiorNorth,2021-08-27,8492042.740103269,163.16534583733517
interiorSouth,2021-08-27,1.8467143540024374E7,374.68265577424535
alaskaRange,2021-08-28,1.0218876886733636E7,197.3259047210545
coastNorth,2021-08-28,8000774.772734601,156.20224161338504
coastSouth,2021-08-28,1.6783763360430088E7,338.22153707267677
interiorNorth,2021-08-28,8592964.567844963,166.40231446200198
interiorSouth,2021-08-28,2.5182197850603312E7,513.8804394328408
alaskaRange,2021-08-29,1.2007197734368924E7,233.0937938328379
coastNorth,2021-08-29,1.0297419470303785E7,202.26603283904316
coastSouth,2021-08-29,1.4940507817611607E7,303.6627203491928
interiorNorth,2021-08-29,9245094.21154517,180.26713822082903
interiorSouth,2021-08-29,2.5456790581884824E7,522.0391934994594
alaskaRange,2021-08-30,1.4295095274144871E7,279.86449246365794
coastNorth,2021-08-30,1.3859621912986225E7,274.24252310610495
coastSouth,2021-08-30,1.6315516630411306E7,330.64119735372617
interiorNorth,2021-08-30,1.4692828878885569E7,290.3644904274611
interiorSouth,2021-08-30,1.9118100058172893E7,393.9547400622568
alaskaRange,2021-08-31,1.2427171316169208E7,244.99459405287644
coastNorth,2021-08-31,1.459007779444245E7,290.77068647450307
coastSouth,2021-08-31,1.7397905355232134E7,353.5334778612035
interiorNorth,2021-08-31,1.1336619563894961E7,225.09603116737222
interiorSouth,2021-08-31,7939819.500553382,164.5542033812012
