name,date,ALGAL_RGND_mean,ALGAL_RGND_stdDev,ALGAL_RGND_count,ALGAL_RGND_ALGAEMASK_mean,ALGAL_RGND_ALGAEMASK_stdDev,ALGAL_RGND_ALGAEMASK_count
alaskaRange,2019-06-01,4.741740024473269E-6,1.3895965542470715E-4,164857,4.741740024473269E-6,1.3895965542470715E-4,164857
coastNorth,2019-06-01,5.494615319468446E-9,2.2862552271170052E-6,173132,5.494615319468446E-9,2.2862552271170052E-6,173132
coastSouth,2019-06-01,0.0,0.0,25203,0.0,0.0,25203
interiorNorth,2019-06-01,,,0,,,0
interiorSouth,2019-06-01,8.993677728529163E-7,9.389847084219096E-5,10928,8.993677728529163E-7,9.389847084219096E-5,10928
alaskaRange,2019-06-06,1.7907653952053267E-6,7.527327228745796E-5,249037,1.7907653952053267E-6,7.527327228745796E-5,249037
coastNorth,2019-06-06,2.5242679059126277E-6,1.505020907612613E-4,313257,2.5242679059126277E-6,1.505020907612613E-4,313257
coastSouth,2019-06-06,1.3778522188844856E-6,6.699518222639427E-5,13298,1.3778522188844856E-6,6.699518222639427E-5,13298
interiorNorth,2019-06-06,5.540978218301583E-6,7.634542760257954E-5,507,5.540978218301583E-6,7.634542760257954E-5,507
interiorSouth,2019-06-06,0.0,0.0,625,0.0,0.0,625
alaskaRange,2019-06-11,5.746172582992184E-5,5.992038672256079E-4,168338,5.746172582992184E-5,5.992038672256079E-4,168338
coastNorth,2019-06-11,7.787743596829067E-6,3.5375645170607656E-4,234214,7.787743596829067E-6,3.5375645170607656E-4,234214
coastSouth,2019-06-11,1.453952435331169E-5,3.0466054397360016E-4,97389,1.453952435331169E-5,3.0466054397360016E-4,97389
interiorNorth,2019-06-11,0.0,0.0,46,0.0,0.0,46
interiorSouth,2019-06-11,3.3904173928348184E-5,5.770440595804714E-4,54761,3.3904173928348184E-5,5.770440595804714E-4,54761
alaskaRange,2019-06-16,3.82573129817169E-6,1.5691857605854337E-4,53009,3.82573129817169E-6,1.5691857605854337E-4,53009
coastNorth,2019-06-16,9.146479009048096E-6,2.9665386740422686E-4,241953,9.146479009048096E-6,2.9665386740422686E-4,241953
coastSouth,2019-06-16,1.3958385803219286E-4,0.0012728187327312327,62098,1.3958385803219286E-4,0.0012728187327312327,62098
interiorNorth,2019-06-16,0.0,0.0,815,0.0,0.0,815
interiorSouth,2019-06-16,2.2053656433206583E-5,3.837225097685157E-4,30111,2.2053656433206583E-5,3.837225097685157E-4,30111
alaskaRange,2019-06-21,2.792737487449613E-5,5.21455539885773E-4,167306,2.792737487449613E-5,5.21455539885773E-4,167306
coastNorth,2019-06-21,2.9645839267487984E-5,5.453982783817443E-4,326169,2.9645839267487984E-5,5.453982783817443E-4,326169
coastSouth,2019-06-21,1.6387061336386967E-4,0.0014090643702904184,214392,1.6387061336386967E-4,0.0014090643702904184,214392
interiorNorth,2019-06-21,0.0,0.0,1376,0.0,0.0,1376
interiorSouth,2019-06-21,1.341485053491042E-4,8.309457412015131E-4,3243,1.341485053491042E-4,8.309457412015131E-4,3243
alaskaRange,2019-06-26,2.5059461919656705E-5,4.298658691667675E-4,281440,2.5059461919656705E-5,4.298658691667675E-4,281440
coastNorth,2019-06-26,1.0339520241263926E-4,0.0011620661099714733,327218,1.0339520241263926E-4,0.0011620661099714733,327218
coastSouth,2019-06-26,3.5309089503367095E-4,0.002107233210987432,128658,3.5309089503367095E-4,0.002107233210987432,128658
interiorNorth,2019-06-26,6.927814974046465E-4,0.003892534999473919,2680,6.927814974046465E-4,0.003892534999473919,2680
interiorSouth,2019-06-26,7.951017981008739E-4,0.0035954466835868646,6587,7.951017981008739E-4,0.0035954466835868646,6587
alaskaRange,2019-07-01,8.606782509274807E-5,8.738875731211936E-4,213114,8.606782509274807E-5,8.738875731211936E-4,213114
coastNorth,2019-07-01,5.511263545747803E-5,7.477940806071583E-4,245815,5.511263545747803E-5,7.477940806071583E-4,245815
coastSouth,2019-07-01,8.013968658936493E-4,0.0038347051662492413,97625,8.013968658936493E-4,0.0038347051662492413,97625
interiorNorth,2019-07-01,0.003722459918135274,0.008409190680586685,22203,0.003722459918135274,0.008409190680586685,22203
interiorSouth,2019-07-01,0.003442784630357558,0.008829257737781293,26222,0.003442784630357558,0.008829257737781293,26222
alaskaRange,2019-07-06,2.6080676286788107E-5,6.908052463754138E-4,69889,2.6080676286788107E-5,6.908052463754138E-4,69889
coastNorth,2019-07-06,1.9262342827030282E-4,0.0019444002933899738,302945,1.9262342827030282E-4,0.0019444002933899738,302945
coastSouth,2019-07-06,9.499776338572931E-4,0.003759350034356318,131028,9.499776338572931E-4,0.003759350034356318,131028
interiorNorth,2019-07-06,0.0024038089359772544,0.006909798235053298,8089,0.0024038089359772544,0.006909798235053298,8089
interiorSouth,2019-07-06,0.003056692118535234,0.00891951956343001,2243,0.003056692118535234,0.00891951956343001,2243
alaskaRange,2019-07-11,3.7394277405045236E-4,0.0023905350793574916,3764,3.7394277405045236E-4,0.0023905350793574916,3764
coastNorth,2019-07-11,9.80591592728722E-6,3.7339815398698277E-4,2902,9.80591592728722E-6,3.7339815398698277E-4,2902
coastSouth,2019-07-11,0.0,0.0,17,0.0,0.0,17
interiorNorth,2019-07-11,0.005550326716790985,0.011022215069679136,3127,0.005550326716790985,0.011022215069679136,3127
interiorSouth,2019-07-11,0.0076301674872531365,0.01598712116185159,1272,0.0076301674872531365,0.01598712116185159,1272
alaskaRange,2019-07-16,7.40408337327553E-5,0.001184950556104768,13200,7.40408337327553E-5,0.001184950556104768,13200
coastNorth,2019-07-16,5.399088036840384E-4,0.003127856699066531,208876,5.399088036840384E-4,0.003127856699066531,208876
coastSouth,2019-07-16,4.377042200114726E-4,0.002589822417283992,8564,4.377042200114726E-4,0.002589822417283992,8564
interiorNorth,2019-07-16,3.004533561229242E-4,0.002476140516888408,257,3.004533561229242E-4,0.002476140516888408,257
interiorSouth,2019-07-16,,,0,,,0
alaskaRange,2019-07-21,4.788026459041357E-4,0.002881740649994787,242719,4.788026459041357E-4,0.002881740649994787,242719
coastNorth,2019-07-21,2.4896008338161254E-4,0.002232673206962843,96849,2.4896008338161254E-4,0.002232673206962843,96849
coastSouth,2019-07-21,9.869570414876051E-4,0.003930457026867975,163781,9.869570414876051E-4,0.003930457026867975,163781
interiorNorth,2019-07-21,,,0,,,0
interiorSouth,2019-07-21,0.0017474408285393988,0.006865397414066451,81086,0.0017474408285393988,0.006865397414066451,81086
alaskaRange,2019-07-26,0.0,0.0,8,0.0,0.0,8
coastNorth,2019-07-26,0.001650385704844492,0.00573098785166977,84283,0.001650385704844492,0.00573098785166977,84283
coastSouth,2019-07-26,0.0013435639965024414,0.005281105385052173,46227,0.0013435639965024414,0.005281105385052173,46227
interiorNorth,2019-07-26,,,0,,,0
interiorSouth,2019-07-26,0.003395490950108625,0.010860938746926296,25751,0.003395490950108625,0.010860938746926296,25751
alaskaRange,2019-07-31,,,0,,,0
coastNorth,2019-07-31,2.9753813010154225E-4,0.0023482933933819546,165384,2.9753813010154225E-4,0.0023482933933819546,165384
coastSouth,2019-07-31,7.126727843951551E-4,0.0034888779176659914,163817,7.126727843951551E-4,0.0034888779176659914,163817
interiorNorth,2019-07-31,,,0,,,0
interiorSouth,2019-07-31,0.002248502591456701,0.008299114811173418,6719,0.002248502591456701,0.008299114811173418,6719
alaskaRange,2019-08-05,1.1319523611983549E-4,0.0016839730677120082,209399,1.1319523611983549E-4,0.0016839730677120082,209399
coastNorth,2019-08-05,2.0480365109880653E-4,0.002034402586191229,326418,2.0480365109880653E-4,0.002034402586191229,326418
coastSouth,2019-08-05,4.0762917197911195E-4,0.0024430270534640895,281107,4.0762917197911195E-4,0.0024430270534640895,281107
interiorNorth,2019-08-05,6.057203611306629E-7,5.4302416538069014E-5,8038,6.057203611306629E-7,5.4302416538069014E-5,8038
interiorSouth,2019-08-05,4.895074151401972E-4,0.0032559837536694086,74606,4.895074151401972E-4,0.0032559837536694086,74606
alaskaRange,2019-08-10,7.13926238408949E-5,0.0014343557189301925,209655,7.13926238408949E-5,0.0014343557189301925,209655
coastNorth,2019-08-10,4.5801149790968297E-4,0.0033662938057137663,215544,4.5801149790968297E-4,0.0033662938057137663,215544
coastSouth,2019-08-10,6.172201764080322E-4,0.0031516215543179005,130135,6.172201764080322E-4,0.0031516215543179005,130135
interiorNorth,2019-08-10,6.439479363080813E-5,0.0014696272261491838,20213,6.439479363080813E-5,0.0014696272261491838,20213
interiorSouth,2019-08-10,1.5121443357374187E-4,0.0017086069756687265,1385,1.5121443357374187E-4,0.0017086069756687265,1385
alaskaRange,2019-08-15,7.608142894751062E-6,4.91404317346383E-4,107650,7.608142894751062E-6,4.91404317346383E-4,107650
coastNorth,2019-08-15,3.183498489422722E-5,9.475746634899731E-4,211371,3.183498489422722E-5,9.475746634899731E-4,211371
coastSouth,2019-08-15,1.8314411407680081E-4,0.0017203171895412268,58669,1.8314411407680081E-4,0.0017203171895412268,58669
interiorNorth,2019-08-15,0.0,0.0,25,0.0,0.0,25
interiorSouth,2019-08-15,4.940867807241948E-5,8.622522805047894E-4,29495,4.940867807241948E-5,8.622522805047894E-4,29495
alaskaRange,2019-08-20,2.093185843813685E-5,6.942078310081674E-4,191364,2.093185843813685E-5,6.942078310081674E-4,191364
coastNorth,2019-08-20,3.3044855165551624E-5,8.498779552131231E-4,191176,3.3044855165551624E-5,8.498779552131231E-4,191176
coastSouth,2019-08-20,1.3961792202529894E-4,0.001504898186566341,55420,1.3961792202529894E-4,0.001504898186566341,55420
interiorNorth,2019-08-20,0.0,0.0,1689,0.0,0.0,1689
interiorSouth,2019-08-20,1.0399092503120747E-4,0.0010937806864667987,5906,1.0399092503120747E-4,0.0010937806864667987,5906
alaskaRange,2019-08-25,1.1560711534616452E-5,4.752092459475896E-4,108796,1.1560711534616452E-5,4.752092459475896E-4,108796
coastNorth,2019-08-25,1.7252302112059335E-5,6.965808821125122E-4,344343,1.7252302112059335E-5,6.965808821125122E-4,344343
coastSouth,2019-08-25,2.6051320731342918E-5,5.847491993274771E-4,278582,2.6051320731342918E-5,5.847491993274771E-4,278582
interiorNorth,2019-08-25,4.2469897346074327E-7,5.749457939110547E-5,18328,4.2469897346074327E-7,5.749457939110547E-5,18328
interiorSouth,2019-08-25,7.709919179195675E-6,3.6508763318118283E-4,73274,7.709919179195675E-6,3.6508763318118283E-4,73274
alaskaRange,2019-08-30,0.0,0.0,4439,0.0,0.0,4439
coastNorth,2019-08-30,1.869136584298986E-5,7.661341387435334E-4,155908,1.869136584298986E-5,7.661341387435334E-4,155908
coastSouth,2019-08-30,4.7269532122908404E-5,8.278736623462975E-4,119807,4.7269532122908404E-5,8.278736623462975E-4,119807
interiorNorth,2019-08-30,0.0,0.0,8585,0.0,0.0,8585
interiorSouth,2019-08-30,,,0,,,0
alaskaRange,2020-05-31,3.2760687243642133E-7,4.432267947144067E-5,36610,3.2760687243642133E-7,4.432267947144067E-5,36610
coastNorth,2020-05-31,6.824373936670381E-8,1.6148983692175346E-5,55998,6.824373936670381E-8,1.6148983692175346E-5,55998
coastSouth,2020-05-31,0.0,0.0,782,0.0,0.0,782
interiorNorth,2020-05-31,0.0,0.0,7132,0.0,0.0,7132
interiorSouth,2020-05-31,0.0,0.0,743,0.0,0.0,743
alaskaRange,2020-06-05,9.92749993366268E-7,1.0532065912443354E-4,177242,9.92749993366268E-7,1.0532065912443354E-4,177242
coastNorth,2020-06-05,3.095512309127289E-7,4.2328561339863235E-5,205157,3.095512309127289E-7,4.2328561339863235E-5,205157
coastSouth,2020-06-05,6.083805601233495E-7,7.379622828723788E-5,95234,6.083805601233495E-7,7.379622828723788E-5,95234
interiorNorth,2020-06-05,0.0,0.0,9250,0.0,0.0,9250
interiorSouth,2020-06-05,0.0,0.0,3768,0.0,0.0,3768
alaskaRange,2020-06-10,2.6807487659012627E-5,4.4148820199194116E-4,171720,2.6807487659012627E-5,4.4148820199194116E-4,171720
coastNorth,2020-06-10,3.0893480378570083E-6,1.615582359382184E-4,243483,3.0893480378570083E-6,1.615582359382184E-4,243483
coastSouth,2020-06-10,5.067234532617958E-7,1.0837387814118673E-4,55465,5.067234532617958E-7,1.0837387814118673E-4,55465
interiorNorth,2020-06-10,0.0,0.0,25626,0.0,0.0,25626
interiorSouth,2020-06-10,0.0,0.0,639,0.0,0.0,639
alaskaRange,2020-06-15,1.7232767650329767E-5,4.666769099787041E-4,59264,1.7232767650329767E-5,4.666769099787041E-4,59264
coastNorth,2020-06-15,1.3915586205830513E-5,3.018255311373831E-4,40955,1.3915586205830513E-5,3.018255311373831E-4,40955
coastSouth,2020-06-15,5.05873282267609E-6,2.3514633231733843E-4,95684,5.05873282267609E-6,2.3514633231733843E-4,95684
interiorNorth,2020-06-15,,,0,,,0
interiorSouth,2020-06-15,1.23808675950981E-5,3.6628621152583646E-4,36848,1.23808675950981E-5,3.6628621152583646E-4,36848
alaskaRange,2020-06-20,,,0,,,0
coastNorth,2020-06-20,2.0957812419049315E-4,0.0013534041109642082,22437,2.0957812419049315E-4,0.0013534041109642082,22437
coastSouth,2020-06-20,4.6071883640138755E-7,3.915974934007021E-5,50347,4.6071883640138755E-7,3.915974934007021E-5,50347
interiorNorth,2020-06-20,0.0,0.0,92,0.0,0.0,92
interiorSouth,2020-06-20,4.227742946751129E-4,0.0025363732491299694,2292,4.227742946751129E-4,0.0025363732491299694,2292
alaskaRange,2020-06-25,3.6091315595507305E-4,0.003054744900298615,42169,3.6091315595507305E-4,0.003054744900298615,42169
coastNorth,2020-06-25,5.299696193627944E-4,0.002572232979194777,257955,5.299696193627944E-4,0.002572232979194777,257955
coastSouth,2020-06-25,7.797808699558415E-5,0.0010412105475257685,109188,7.797808699558415E-5,0.0010412105475257685,109188
interiorNorth,2020-06-25,0.0,0.0,29,0.0,0.0,29
interiorSouth,2020-06-25,2.5406182161748263E-4,0.0020402954919465153,7009,2.5406182161748263E-4,0.0020402954919465153,7009
alaskaRange,2020-06-30,0.0032271448924594106,0.00820166821901286,213349,0.0032271448924594106,0.00820166821901286,213349
coastNorth,2020-06-30,4.475313464656376E-4,0.00234846807977131,275030,4.475313464656376E-4,0.00234846807977131,275030
coastSouth,2020-06-30,1.508831528380021E-4,0.001134971828437023,65818,1.508831528380021E-4,0.001134971828437023,65818
interiorNorth,2020-06-30,8.430158906787105E-5,6.808133923162495E-4,845,8.430158906787105E-5,6.808133923162495E-4,845
interiorSouth,2020-06-30,0.0,0.0,678,0.0,0.0,678
alaskaRange,2020-07-05,0.0037445482914451214,0.008600319893858078,218804,0.0037445482914451214,0.008600319893858078,218804
coastNorth,2020-07-05,0.0013265701543576168,0.004471994406408784,51506,0.0013265701543576168,0.004471994406408784,51506
coastSouth,2020-07-05,3.4858940083147614E-4,0.002441176857469961,21736,3.4858940083147614E-4,0.002441176857469961,21736
interiorNorth,2020-07-05,,,0,,,0
interiorSouth,2020-07-05,8.44000355195106E-4,0.00395763218284879,2062,8.44000355195106E-4,0.00395763218284879,2062
alaskaRange,2020-07-10,0.004910539337553597,0.00991561323914719,215323,0.004910539337553597,0.00991561323914719,215323
coastNorth,2020-07-10,0.0046488139745220515,0.010270674928412583,6408,0.0046488139745220515,0.010270674928412583,6408
coastSouth,2020-07-10,4.054734168176616E-4,0.0028271269303874135,19608,4.054734168176616E-4,0.0028271269303874135,19608
interiorNorth,2020-07-10,,,0,,,0
interiorSouth,2020-07-10,0.0012648991417250185,0.00528660071328992,25261,0.0012648991417250185,0.00528660071328992,25261
alaskaRange,2020-07-15,0.0024779219069487354,0.0072176070165994605,89666,0.0024779219069487354,0.0072176070165994605,89666
coastNorth,2020-07-15,0.0020554284753574992,0.0061629480507728335,230567,0.0020554284753574992,0.0061629480507728335,230567
coastSouth,2020-07-15,0.0015033630688179793,0.005228704750490214,55333,0.0015033630688179793,0.005228704750490214,55333
interiorNorth,2020-07-15,0.0,0.0,79,0.0,0.0,79
interiorSouth,2020-07-15,0.005409483798861892,0.01384510523018394,22260,0.005409483798861892,0.01384510523018394,22260
alaskaRange,2020-07-20,0.004060801659947528,0.010333994595517001,60145,0.004060801659947528,0.010333994595517001,60145
coastNorth,2020-07-20,0.0018608914280968667,0.006649883439403618,43641,0.0018608914280968667,0.006649883439403618,43641
coastSouth,2020-07-20,0.001601521489752369,0.005346414376649651,60895,0.001601521489752369,0.005346414376649651,60895
interiorNorth,2020-07-20,4.426146014815285E-4,0.0013830871759023373,21,4.426146014815285E-4,0.0013830871759023373,21
interiorSouth,2020-07-20,0.0042526372629842135,0.01180199757675425,10539,0.0042526372629842135,0.01180199757675425,10539
alaskaRange,2020-07-25,6.817311550699499E-4,0.0035603368103379086,135640,6.817311550699499E-4,0.0035603368103379086,135640
coastNorth,2020-07-25,9.248749967085457E-4,0.004884860669853156,178243,9.248749967085457E-4,0.004884860669853156,178243
coastSouth,2020-07-25,9.40422577942215E-4,0.004518743147339485,238397,9.40422577942215E-4,0.004518743147339485,238397
interiorNorth,2020-07-25,0.0,0.0,45,0.0,0.0,45
interiorSouth,2020-07-25,0.005680519103554027,0.013976395858791867,83085,0.005680519103554027,0.013976395858791867,83085
alaskaRange,2020-07-30,0.0013405834370174843,0.005700023052887949,9054,0.0013405834370174843,0.005700023052887949,9054
coastNorth,2020-07-30,0.0021747933631499237,0.008126122140852423,154449,0.0021747933631499237,0.008126122140852423,154449
coastSouth,2020-07-30,0.0013067410676190952,0.004912109675363226,232048,0.0013067410676190952,0.004912109675363226,232048
interiorNorth,2020-07-30,0.0023926680085021874,0.005694594893809692,31982,0.0023926680085021874,0.005694594893809692,31982
interiorSouth,2020-07-30,0.004167109233703328,0.01251457551477102,92714,0.004167109233703328,0.01251457551477102,92714
alaskaRange,2020-08-04,0.0025393788003814414,0.008129061856657852,197849,0.0025393788003814414,0.008129061856657852,197849
coastNorth,2020-08-04,0.00133466951034633,0.005444345422602207,130718,0.00133466951034633,0.005444345422602207,130718
coastSouth,2020-08-04,5.858015521526392E-4,0.0035921333648144278,27357,5.858015521526392E-4,0.0035921333648144278,27357
interiorNorth,2020-08-04,,,0,,,0
interiorSouth,2020-08-04,0.0035683395894310584,0.011222768867355959,73475,0.0035683395894310584,0.011222768867355959,73475
alaskaRange,2020-08-09,9.164986862099764E-4,0.004396970310066635,102558,9.164986862099764E-4,0.004396970310066635,102558
coastNorth,2020-08-09,0.0013297384313656706,0.004839745790502123,96237,0.0013297384313656706,0.004839745790502123,96237
coastSouth,2020-08-09,6.45191842090603E-4,0.0037471623058452437,34830,6.45191842090603E-4,0.0037471623058452437,34830
interiorNorth,2020-08-09,,,0,,,0
interiorSouth,2020-08-09,0.002892193747670904,0.01090339343843506,56434,0.002892193747670904,0.01090339343843506,56434
alaskaRange,2020-08-14,0.0013984162405501796,0.005969071969719356,220901,0.0013984162405501796,0.005969071969719356,220901
coastNorth,2020-08-14,0.0016534252836369011,0.005899456391516174,289885,0.0016534252836369011,0.005899456391516174,289885
coastSouth,2020-08-14,5.360760332017327E-4,0.003105452894674038,64046,5.360760332017327E-4,0.003105452894674038,64046
interiorNorth,2020-08-14,1.9117618541742757E-4,0.0016491491035638816,3228,1.9117618541742757E-4,0.0016491491035638816,3228
interiorSouth,2020-08-14,0.0021404746086256515,0.008599606725334311,50534,0.0021404746086256515,0.008599606725334311,50534
alaskaRange,2020-08-19,8.327040382729188E-4,0.003953433667205085,203429,8.327040382729188E-4,0.003953433667205085,203429
coastNorth,2020-08-19,0.0010552182386498552,0.004850593625573092,243871,0.0010552182386498552,0.004850593625573092,243871
coastSouth,2020-08-19,8.654841080828371E-4,0.0036667915139481097,48877,8.654841080828371E-4,0.0036667915139481097,48877
interiorNorth,2020-08-19,0.0010143308833896118,0.004609778376674496,14394,0.0010143308833896118,0.004609778376674496,14394
interiorSouth,2020-08-19,0.0030569725044967172,0.01185471265452354,10217,0.0030569725044967172,0.01185471265452354,10217
alaskaRange,2020-08-24,3.241223653314058E-4,0.0024049032607209937,162990,3.241223653314058E-4,0.0024049032607209937,162990
coastNorth,2020-08-24,0.001070915503503359,0.004773374425202522,121215,0.001070915503503359,0.004773374425202522,121215
coastSouth,2020-08-24,1.6821387981132935E-4,0.0016966143532722315,28342,1.6821387981132935E-4,0.0016966143532722315,28342
interiorNorth,2020-08-24,0.001065580332244248,0.003988462543232808,1777,0.001065580332244248,0.003988462543232808,1777
interiorSouth,2020-08-24,5.24698044221474E-4,0.0038768839996859237,35132,5.24698044221474E-4,0.0038768839996859237,35132
alaskaRange,2020-08-29,6.0355796808825674E-5,0.0014429373471357037,6147,6.0355796808825674E-5,0.0014429373471357037,6147
coastNorth,2020-08-29,2.194089012107446E-4,0.002470227272859659,79667,2.194089012107446E-4,0.002470227272859659,79667
coastSouth,2020-08-29,1.8299753621906618E-4,0.0018245017847017652,35437,1.8299753621906618E-4,0.0018245017847017652,35437
interiorNorth,2020-08-29,,,0,,,0
interiorSouth,2020-08-29,1.4922429157420046E-4,0.0024115871631791037,22252,1.4922429157420046E-4,0.0024115871631791037,22252
alaskaRange,2021-05-31,1.8605528419143203E-6,1.0436548705911124E-4,181619,1.8605528419143203E-6,1.0436548705911124E-4,181619
coastNorth,2021-05-31,4.12997233294388E-7,7.861950459908364E-5,106695,4.12997233294388E-7,7.861950459908364E-5,106695
coastSouth,2021-05-31,6.85643833953648E-7,4.8826174280351486E-5,46651,6.85643833953648E-7,4.8826174280351486E-5,46651
interiorNorth,2021-05-31,0.0,0.0,211,0.0,0.0,211
interiorSouth,2021-05-31,4.977552854463441E-7,3.5235856564918865E-5,86136,4.977552854463441E-7,3.5235856564918865E-5,86136
alaskaRange,2021-06-05,2.4990800136655334E-6,1.1425385204965687E-4,260514,2.4990800136655334E-6,1.1425385204965687E-4,260514
coastNorth,2021-06-05,1.056721683724033E-7,2.1865279627393057E-5,344518,1.056721683724033E-7,2.1865279627393057E-5,344518
coastSouth,2021-06-05,4.3279433892611577E-7,1.0458970155474973E-4,237480,4.3279433892611577E-7,1.0458970155474973E-4,237480
interiorNorth,2021-06-05,0.0,0.0,27763,0.0,0.0,27763
interiorSouth,2021-06-05,3.575869834272186E-6,1.5822189404216395E-4,33443,3.575869834272186E-6,1.5822189404216395E-4,33443
alaskaRange,2021-06-10,3.0778659843731367E-6,1.8242408622168717E-4,195474,3.0778659843731367E-6,1.8242408622168717E-4,195474
coastNorth,2021-06-10,8.509740088325022E-6,3.3172071413979616E-4,374080,8.509740088325022E-6,3.3172071413979616E-4,374080
coastSouth,2021-06-10,1.0205245440378047E-6,1.391157077524492E-4,162977,1.0205245440378047E-6,1.391157077524492E-4,162977
interiorNorth,2021-06-10,0.0,0.0,10694,0.0,0.0,10694
interiorSouth,2021-06-10,0.0,0.0,374,0.0,0.0,374
alaskaRange,2021-06-15,9.932755589883512E-7,8.275514668362517E-5,69830,9.932755589883512E-7,8.275514668362517E-5,69830
coastNorth,2021-06-15,9.096397650648535E-6,3.541547469613219E-4,288209,9.096397650648535E-6,3.541547469613219E-4,288209
coastSouth,2021-06-15,2.1103751529855913E-6,1.5648703002545382E-4,276157,2.1103751529855913E-6,1.5648703002545382E-4,276157
interiorNorth,2021-06-15,0.0,0.0,4166,0.0,0.0,4166
interiorSouth,2021-06-15,0.0,0.0,920,0.0,0.0,920
alaskaRange,2021-06-20,3.4888971664859147E-6,1.5436929718806947E-4,80270,3.4888971664859147E-6,1.5436929718806947E-4,80270
coastNorth,2021-06-20,4.0886237211944536E-7,5.94544049655447E-5,87555,4.0886237211944536E-7,5.94544049655447E-5,87555
coastSouth,2021-06-20,8.610786374966602E-6,3.836062884519302E-4,163554,8.610786374966602E-6,3.836062884519302E-4,163554
interiorNorth,2021-06-20,0.0,0.0,16448,0.0,0.0,16448
interiorSouth,2021-06-20,5.738159464739253E-5,8.605624824837425E-4,80920,5.738159464739253E-5,8.605624824837425E-4,80920
alaskaRange,2021-06-25,2.828975872033832E-4,0.001841717106530129,24701,2.828975872033832E-4,0.001841717106530129,24701
coastNorth,2021-06-25,8.034724191710779E-5,7.576653069308188E-4,225428,8.034724191710779E-5,7.576653069308188E-4,225428
coastSouth,2021-06-25,6.896931766024532E-6,2.571656517851251E-4,348364,6.896931766024532E-6,2.571656517851251E-4,348364
interiorNorth,2021-06-25,1.1487811336262972E-6,4.8030408695004217E-5,29665,1.1487811336262972E-6,4.8030408695004217E-5,29665
interiorSouth,2021-06-25,2.2914674696713493E-4,0.0018362549448483162,97327,2.2914674696713493E-4,0.0018362549448483162,97327
alaskaRange,2021-06-30,3.057141408123414E-4,0.0020656085772923515,120818,3.057141408123414E-4,0.0020656085772923515,120818
coastNorth,2021-06-30,1.2111419685006662E-4,0.001112284154120383,246409,1.2111419685006662E-4,0.001112284154120383,246409
coastSouth,2021-06-30,3.753374017451231E-5,6.690496589319306E-4,210450,3.753374017451231E-5,6.690496589319306E-4,210450
interiorNorth,2021-06-30,3.107470038230531E-6,8.965460134183975E-5,10800,3.107470038230531E-6,8.965460134183975E-5,10800
interiorSouth,2021-06-30,2.5675606366433343E-4,0.002561875841471459,21741,2.5675606366433343E-4,0.002561875841471459,21741
alaskaRange,2021-07-05,3.113455844647957E-5,7.827316974306798E-4,1650,3.113455844647957E-5,7.827316974306798E-4,1650
coastNorth,2021-07-05,6.283880975165085E-5,6.728877464852114E-4,4886,6.283880975165085E-5,6.728877464852114E-4,4886
coastSouth,2021-07-05,7.027533458997212E-5,8.550611103340672E-4,237726,7.027533458997212E-5,8.550611103340672E-4,237726
interiorNorth,2021-07-05,5.837355338246995E-5,6.186679625116711E-4,29973,5.837355338246995E-5,6.186679625116711E-4,29973
interiorSouth,2021-07-05,0.0010881915900957152,0.005561853069830034,70253,0.0010881915900957152,0.005561853069830034,70253
alaskaRange,2021-07-10,0.0015910662580687499,0.004814475196954301,33343,0.0015910662580687499,0.004814475196954301,33343
coastNorth,2021-07-10,2.6055732049460657E-4,0.0016295628574818112,39138,2.6055732049460657E-4,0.0016295628574818112,39138
coastSouth,2021-07-10,3.136068687136501E-4,0.002100354243410552,55754,3.136068687136501E-4,0.002100354243410552,55754
interiorNorth,2021-07-10,7.581685898796004E-4,0.0037812374751740366,13545,7.581685898796004E-4,0.0037812374751740366,13545
interiorSouth,2021-07-10,7.90398085244872E-4,0.004534710802729862,53421,7.90398085244872E-4,0.004534710802729862,53421
alaskaRange,2021-07-15,4.782152797805445E-4,0.0029745045022381324,70280,4.782152797805445E-4,0.0029745045022381324,70280
coastNorth,2021-07-15,6.897112502557447E-4,0.003105571532385277,290196,6.897112502557447E-4,0.003105571532385277,290196
coastSouth,2021-07-15,3.7944943726928596E-4,0.002696975941651268,69896,3.7944943726928596E-4,0.002696975941651268,69896
interiorNorth,2021-07-15,1.3262795318004186E-4,0.0011532605598629604,16172,1.3262795318004186E-4,0.0011532605598629604,16172
interiorSouth,2021-07-15,5.987112088001857E-4,0.0048190446194171154,42182,5.987112088001857E-4,0.0048190446194171154,42182
alaskaRange,2021-07-20,6.850269675113512E-4,0.0034345242207697198,29513,6.850269675113512E-4,0.0034345242207697198,29513
coastNorth,2021-07-20,9.477431084297989E-4,0.0036441501334254067,251838,9.477431084297989E-4,0.0036441501334254067,251838
coastSouth,2021-07-20,5.343275081290783E-4,0.002373677211803506,58154,5.343275081290783E-4,0.002373677211803506,58154
interiorNorth,2021-07-20,0.0,0.0,6,0.0,0.0,6
interiorSouth,2021-07-20,4.1096434568238126E-5,0.0010997437948467373,21657,4.1096434568238126E-5,0.0010997437948467373,21657
alaskaRange,2021-07-25,,,0,,,0
coastNorth,2021-07-25,6.358251252593785E-4,0.0031151176544067633,161902,6.358251252593785E-4,0.0031151176544067633,161902
coastSouth,2021-07-25,8.264823035680876E-4,0.0036159333761083315,203552,8.264823035680876E-4,0.0036159333761083315,203552
interiorNorth,2021-07-25,0.0011060297491454522,0.004965149681788068,2035,0.0011060297491454522,0.004965149681788068,2035
interiorSouth,2021-07-25,2.429099630776163E-5,9.91780656847392E-4,59633,2.429099630776163E-5,9.91780656847392E-4,59633
alaskaRange,2021-07-30,0.0011053973644070147,0.005155823026264345,182727,0.0011053973644070147,0.005155823026264345,182727
coastNorth,2021-07-30,5.753897898828284E-4,0.0031757725778377337,412015,5.753897898828284E-4,0.0031757725778377337,412015
coastSouth,2021-07-30,3.4184400515186586E-4,0.00244225020266855,311599,3.4184400515186586E-4,0.00244225020266855,311599
interiorNorth,2021-07-30,6.364642256001067E-4,0.0026700380671352032,31808,6.364642256001067E-4,0.0026700380671352032,31808
interiorSouth,2021-07-30,9.136094404989057E-6,5.589002265132024E-4,50220,9.136094404989057E-6,5.589002265132024E-4,50220
alaskaRange,2021-08-04,4.897474675885875E-4,0.0027185605561406254,66897,4.897474675885875E-4,0.0027185605561406254,66897
coastNorth,2021-08-04,6.379761232327699E-4,0.003744225837347838,155672,6.379761232327699E-4,0.003744225837347838,155672
coastSouth,2021-08-04,4.093095017120424E-5,7.305618601434583E-4,19325,4.093095017120424E-5,7.305618601434583E-4,19325
interiorNorth,2021-08-04,3.919062601283774E-4,0.0021267620136088774,3420,3.919062601283774E-4,0.0021267620136088774,3420
interiorSouth,2021-08-04,6.0335325399347435E-6,4.081645727126159E-4,27179,6.0335325399347435E-6,4.081645727126159E-4,27179
alaskaRange,2021-08-09,5.63489520003712E-5,8.274757754183027E-4,31821,5.63489520003712E-5,8.274757754183027E-4,31821
coastNorth,2021-08-09,1.3234949151528778E-4,0.001208510391214266,19462,1.3234949151528778E-4,0.001208510391214266,19462
coastSouth,2021-08-09,5.351297486837925E-5,9.697175069205917E-4,93362,5.351297486837925E-5,9.697175069205917E-4,93362
interiorNorth,2021-08-09,,,0,,,0
interiorSouth,2021-08-09,1.5876283888712612E-6,2.1221244026133662E-4,87166,1.5876283888712612E-6,2.1221244026133662E-4,87166
alaskaRange,2021-08-14,5.34721459848554E-4,0.00382799739641955,180693,5.34721459848554E-4,0.00382799739641955,180693
coastNorth,2021-08-14,3.152816829380583E-4,0.0020070200371045464,102943,3.152816829380583E-4,0.0020070200371045464,102943
coastSouth,2021-08-14,2.421057253032655E-5,6.621903745423533E-4,11140,2.421057253032655E-5,6.621903745423533E-4,11140
interiorNorth,2021-08-14,2.8661995855414478E-5,6.038209067145524E-4,3990,2.8661995855414478E-5,6.038209067145524E-4,3990
interiorSouth,2021-08-14,0.0,0.0,3540,0.0,0.0,3540
alaskaRange,2021-08-19,4.5078624426246963E-4,0.0032447274293579353,98343,4.5078624426246963E-4,0.0032447274293579353,98343
coastNorth,2021-08-19,3.2568043767913763E-4,0.002749155554493686,334694,3.2568043767913763E-4,0.002749155554493686,334694
coastSouth,2021-08-19,1.7317986402133097E-4,0.0019848172924982416,263130,1.7317986402133097E-4,0.0019848172924982416,263130
interiorNorth,2021-08-19,0.0,0.0,12215,0.0,0.0,12215
interiorSouth,2021-08-19,4.362532264020855E-6,3.238194512550691E-4,27298,4.362532264020855E-6,3.238194512550691E-4,27298
alaskaRange,2021-08-24,1.1125536775823548E-4,0.0017762913446373288,213084,1.1125536775823548E-4,0.0017762913446373288,213084
coastNorth,2021-08-24,2.609051758310037E-5,4.650764540686615E-4,3022,2.609051758310037E-5,4.650764540686615E-4,3022
coastSouth,2021-08-24,4.6230502008876915E-5,0.001003557325521052,22989,4.6230502008876915E-5,0.001003557325521052,22989
interiorNorth,2021-08-24,0.0,0.0,1042,0.0,0.0,1042
interiorSouth,2021-08-24,6.582173393963611E-6,2.4555317007789206E-4,64781,6.582173393963611E-6,2.4555317007789206E-4,64781
alaskaRange,2021-08-29,1.901755857627828E-5,7.154992354636546E-4,149716,1.901755857627828E-5,7.154992354636546E-4,149716
coastNorth,2021-08-29,1.6241714645038729E-4,0.0018634612173537854,378531,1.6241714645038729E-4,0.0018634612173537854,378531
coastSouth,2021-08-29,2.169362586613315E-4,0.0019864652222014363,171682,2.169362586613315E-4,0.0019864652222014363,171682
interiorNorth,2021-08-29,3.208700990163407E-4,0.0021164961709377265,1533,3.208700990163407E-4,0.0021164961709377265,1533
interiorSouth,2021-08-29,0.0,0.0,3098,0.0,0.0,3098
alaskaRange,2022-05-31,0.0,0.0,234837,0.0,0.0,234837
coastNorth,2022-05-31,2.76366472546895E-7,8.177655285268671E-5,346639,2.76366472546895E-7,8.177655285268671E-5,346639
coastSouth,2022-05-31,0.0,0.0,92459,0.0,0.0,92459
interiorNorth,2022-05-31,0.0,0.0,15126,0.0,0.0,15126
interiorSouth,2022-05-31,0.0,0.0,238,0.0,0.0,238
alaskaRange,2022-06-05,1.8108334570789414E-7,6.547684321485218E-5,130744,1.8108334570789414E-7,6.547684321485218E-5,130744
coastNorth,2022-06-05,0.0,0.0,146935,0.0,0.0,146935
coastSouth,2022-06-05,3.4712510468521343E-7,8.854412300749554E-5,65066,3.4712510468521343E-7,8.854412300749554E-5,65066
interiorNorth,2022-06-05,0.0,0.0,208,0.0,0.0,208
interiorSouth,2022-06-05,0.0,0.0,8574,0.0,0.0,8574
alaskaRange,2022-06-10,0.0,0.0,1223,0.0,0.0,1223
coastNorth,2022-06-10,0.0,0.0,112828,0.0,0.0,112828
coastSouth,2022-06-10,,,0,,,0
interiorNorth,2022-06-10,,,0,,,0
interiorSouth,2022-06-10,0.0,0.0,631,0.0,0.0,631
alaskaRange,2022-06-15,0.0,0.0,37194,0.0,0.0,37194
coastNorth,2022-06-15,8.654134696953215E-7,1.3105974259050481E-4,171633,8.654134696953215E-7,1.3105974259050481E-4,171633
coastSouth,2022-06-15,0.0,0.0,121090,0.0,0.0,121090
interiorNorth,2022-06-15,0.0,0.0,11436,0.0,0.0,11436
interiorSouth,2022-06-15,,,0,,,0
alaskaRange,2022-06-20,2.6996425353574713E-5,6.376864283464691E-4,145099,2.6996425353574713E-5,6.376864283464691E-4,145099
coastNorth,2022-06-20,9.841988629745739E-6,3.791795316059232E-4,245097,9.841988629745739E-6,3.791795316059232E-4,245097
coastSouth,2022-06-20,2.0831964040179434E-6,1.8200307040290963E-4,68480,2.0831964040179434E-6,1.8200307040290963E-4,68480
interiorNorth,2022-06-20,0.0,0.0,145,0.0,0.0,145
interiorSouth,2022-06-20,,,0,,,0
alaskaRange,2022-06-25,1.412230834207756E-4,0.0014352408821880415,55049,1.412230834207756E-4,0.0014352408821880415,55049
coastNorth,2022-06-25,5.8267915946610845E-5,8.273290892226686E-4,395352,5.8267915946610845E-5,8.273290892226686E-4,395352
coastSouth,2022-06-25,7.536772774178922E-6,5.230450199652859E-4,115753,7.536772774178922E-6,5.230450199652859E-4,115753
interiorNorth,2022-06-25,0.0,0.0,13972,0.0,0.0,13972
interiorSouth,2022-06-25,2.098574672877898E-5,6.360800869600204E-4,77569,2.098574672877898E-5,6.360800869600204E-4,77569
alaskaRange,2022-06-30,2.956544679640868E-4,0.0022715300307916187,40558,2.956544679640868E-4,0.0022715300307916187,40558
coastNorth,2022-06-30,2.3443202577830565E-4,0.001807792929258009,344197,2.3443202577830565E-4,0.001807792929258009,344197
coastSouth,2022-06-30,1.0673371201696895E-4,0.0012187280782938945,114976,1.0673371201696895E-4,0.0012187280782938945,114976
interiorNorth,2022-06-30,4.151687433136607E-6,3.051560914957245E-4,8367,4.151687433136607E-6,3.051560914957245E-4,8367
interiorSouth,2022-06-30,4.2870230619094826E-5,9.604629530768214E-4,2051,4.2870230619094826E-5,9.604629530768214E-4,2051
alaskaRange,2022-07-05,1.1458941319109639E-4,0.0014022034977456874,16312,1.1458941319109639E-4,0.0014022034977456874,16312
coastNorth,2022-07-05,6.15497800827569E-4,0.0030740672903018795,238523,6.15497800827569E-4,0.0030740672903018795,238523
coastSouth,2022-07-05,0.0010369602787119014,0.003812446782748374,74882,0.0010369602787119014,0.003812446782748374,74882
interiorNorth,2022-07-05,,,0,,,0
interiorSouth,2022-07-05,8.005816617036519E-5,0.0011464087996244541,3285,8.005816617036519E-5,0.0011464087996244541,3285
alaskaRange,2022-07-10,,,0,,,0
coastNorth,2022-07-10,0.0,0.0,11623,0.0,0.0,11623
coastSouth,2022-07-10,3.347907679019568E-5,8.299921588542823E-4,3495,3.347907679019568E-5,8.299921588542823E-4,3495
interiorNorth,2022-07-10,,,0,,,0
interiorSouth,2022-07-10,7.719660623576076E-4,0.0046148903428567655,17436,7.719660623576076E-4,0.0046148903428567655,17436
alaskaRange,2022-07-15,,,0,,,0
coastNorth,2022-07-15,0.001418308265076309,0.00509640919739816,14662,0.001418308265076309,0.00509640919739816,14662
coastSouth,2022-07-15,0.0021209959147158197,0.006718265670370585,56540,0.0021209959147158197,0.006718265670370585,56540
interiorNorth,2022-07-15,,,0,,,0
interiorSouth,2022-07-15,0.002393345174935831,0.007430048040175304,35877,0.002393345174935831,0.007430048040175304,35877
alaskaRange,2022-07-20,0.0,0.0,694,0.0,0.0,694
coastNorth,2022-07-20,4.928696963780207E-4,0.003372004096350299,98603,4.928696963780207E-4,0.003372004096350299,98603
coastSouth,2022-07-20,0.001283219708548405,0.005690486206134942,85804,0.001283219708548405,0.005690486206134942,85804
interiorNorth,2022-07-20,0.007345153130702104,0.012386706277283754,13318,0.007345153130702104,0.012386706277283754,13318
interiorSouth,2022-07-20,0.002129728871930815,0.007714142190378574,51103,0.002129728871930815,0.007714142190378574,51103
alaskaRange,2022-07-25,3.4642429850216967E-4,0.003176174947217369,127275,3.4642429850216967E-4,0.003176174947217369,127275
coastNorth,2022-07-25,0.0015485969098757923,0.006196021434053339,317288,0.0015485969098757923,0.006196021434053339,317288
coastSouth,2022-07-25,0.0029018051702809394,0.008613586258663944,322463,0.0029018051702809394,0.008613586258663944,322463
interiorNorth,2022-07-25,0.01254741386755278,0.01963916951984613,5135,0.01254741386755278,0.01963916951984613,5135
interiorSouth,2022-07-25,0.003314779639762827,0.009615842744424372,78811,0.003314779639762827,0.009615842744424372,78811
alaskaRange,2022-07-30,9.499905998808861E-4,0.004687252303850572,132294,9.499905998808861E-4,0.004687252303850572,132294
coastNorth,2022-07-30,8.274868540441922E-4,0.003966230783589795,174113,8.274868540441922E-4,0.003966230783589795,174113
coastSouth,2022-07-30,0.0013782759708355443,0.006629502317802013,41737,0.0013782759708355443,0.006629502317802013,41737
interiorNorth,2022-07-30,0.006579096969589004,0.012030736130778968,1903,0.006579096969589004,0.012030736130778968,1903
interiorSouth,2022-07-30,0.0024911910806482656,0.008410454646479664,38494,0.0024911910806482656,0.008410454646479664,38494
alaskaRange,2022-08-04,0.0016574681240586879,0.0065155332526316495,18300,0.0016574681240586879,0.0065155332526316495,18300
coastNorth,2022-08-04,3.217018810915995E-4,0.0025103346044439813,25347,3.217018810915995E-4,0.0025103346044439813,25347
coastSouth,2022-08-04,0.0028362913411973884,0.008656193826704028,237814,0.0028362913411973884,0.008656193826704028,237814
interiorNorth,2022-08-04,,,0,,,0
interiorSouth,2022-08-04,0.003057494269329397,0.009405264983821555,62996,0.003057494269329397,0.009405264983821555,62996
alaskaRange,2022-08-09,2.665477650512388E-4,0.002818327063781522,233559,2.665477650512388E-4,0.002818327063781522,233559
coastNorth,2022-08-09,7.360357935799629E-4,0.0038714553581749886,93078,7.360357935799629E-4,0.0038714553581749886,93078
coastSouth,2022-08-09,0.0022907915894252104,0.008489504341583418,266511,0.0022907915894252104,0.008489504341583418,266511
interiorNorth,2022-08-09,0.0011342230881107032,0.005386142647134226,19297,0.0011342230881107032,0.005386142647134226,19297
interiorSouth,2022-08-09,0.0022975929054023653,0.007710640205842516,84571,0.0022975929054023653,0.007710640205842516,84571
alaskaRange,2022-08-14,,,0,,,0
coastNorth,2022-08-14,0.0,0.0,113,0.0,0.0,113
coastSouth,2022-08-14,0.0018113934775378744,0.006972110312055677,209394,0.0018113934775378744,0.006972110312055677,209394
interiorNorth,2022-08-14,0.002581837427962913,0.007773222049015199,8772,0.002581837427962913,0.007773222049015199,8772
interiorSouth,2022-08-14,0.0016214407085321128,0.006749584699238392,84546,0.0016214407085321128,0.006749584699238392,84546
alaskaRange,2022-08-19,0.0,0.0,18716,0.0,0.0,18716
coastNorth,2022-08-19,3.229909629100192E-4,0.0024932983836545115,23927,3.229909629100192E-4,0.0024932983836545115,23927
coastSouth,2022-08-19,9.976743310027767E-4,0.004884277860728833,261407,9.976743310027767E-4,0.004884277860728833,261407
interiorNorth,2022-08-19,0.002596793653572708,0.008027994892079778,27496,0.002596793653572708,0.008027994892079778,27496
interiorSouth,2022-08-19,5.154390434306008E-4,0.0036606519811058155,48995,5.154390434306008E-4,0.0036606519811058155,48995
alaskaRange,2022-08-24,,,0,,,0
coastNorth,2022-08-24,8.321070058138561E-4,0.0037989805633791983,43890,8.321070058138561E-4,0.0037989805633791983,43890
coastSouth,2022-08-24,7.739123947793254E-4,0.004054679855246289,76843,7.739123947793254E-4,0.004054679855246289,76843
interiorNorth,2022-08-24,0.0038439097959237097,0.009761080731503556,20438,0.0038439097959237097,0.009761080731503556,20438
interiorSouth,2022-08-24,7.997312686008795E-4,0.004293420010156886,57961,7.997312686008795E-4,0.004293420010156886,57961
alaskaRange,2022-08-29,,,0,,,0
coastNorth,2022-08-29,0.0,0.0,4444,0.0,0.0,4444
coastSouth,2022-08-29,0.0012020987441338504,0.005425627900788116,65903,0.0012020987441338504,0.005425627900788116,65903
interiorNorth,2022-08-29,,,0,,,0
interiorSouth,2022-08-29,8.014166787961877E-5,0.0013179840639439332,70196,8.014166787961877E-5,0.0013179840639439332,70196
