glac_id,frac
G204621E58176N,0.1146274984857662
G208537E62589N,0.2566823899371069
G207501E60975N,0.18170580964153277
G214077E63407N,0.1168122270742358
G206765E61509N,0.16592261904761904
G206652E61220N,0.11551724137931034
G213349E63365N,0.2862903225806452
G206826E61471N,0.15311653116531165
G206788E60493N,0.15336134453781514
G206802E61482N,0.2630853994490358
G207579E60875N,0.12240977881257276
G207344E60496N,0.1788482834994463
G208789E62650N,0.1368421052631579
G213355E63398N,0.34285714285714286
G206622E61220N,0.17539525691699603
G208613E62763N,0.18503480278422274
G215702E63215N,0.1369453924914676
G213879E63380N,0.2960308710033076
G206377E60822N,0.15528846153846154
G207854E61429N,0.10294233522003493
G206864E60314N,0.1864406779661017
G213319E63433N,0.2721453644435267
G207502E62105N,0.40034965034965037
G207540E60830N,0.12638991845811712
G206908E60337N,0.23221343873517786
G209504E62852N,0.43856968215158926
G207495E60883N,0.3064516129032258
G206866E60780N,0.2175257731958763
G207444E62202N,0.18713235294117647
G207294E61511N,0.10125698324022346
G207102E60507N,0.10766806722689076
G207124E60889N,0.1902598185489948
G215469E63183N,0.10438709677419356
G207924E62515N,0.20945945945945946
G207639E60907N,0.12861072902338377
G206691E60686N,0.11612284069097889
G207873E61148N,0.3106060606060606
G207612E61311N,0.18518518518518517
G207788E62684N,0.12294205190214864
G207056E61711N,0.125
G206429E60164N,0.10509031198686371
G208928E62704N,0.14303482587064675
G206554E60105N,0.18718698929832886
G207585E62577N,0.12487054887277942
G206783E61583N,0.1015625
G206626E60899N,0.10996835443037975
G207472E60541N,0.18568313953488372
G207886E61609N,0.5436991869918699
G207003E60754N,0.532051282051282
G207065E60866N,0.16918468351133106
G207785E61184N,0.29113418530351437
G215550E63142N,0.12958963282937366
G207772E62303N,0.13573883161512026
G214377E63452N,0.2809959349593496
G206589E61018N,0.1268421052631579
G207743E62286N,0.16497093023255813
G207421E60497N,0.28596187175043325
G206700E60784N,0.13971742543171115
G206700E60399N,0.19399446858949032
G213270E63392N,0.28488372093023256
G206450E60613N,0.19690635451505017
G208777E62673N,0.22602489019033675
G208564E62741N,0.14798206278026907
G206723E60163N,0.14112903225806453
G208541E62705N,0.3340301003344482
G208083E61567N,0.2130642954856361
G205870E61598N,0.125
G206875E60552N,0.10234899328859061
G207087E60523N,0.1278538812785388
G206641E60262N,0.25617792421746294
G209954E63237N,0.12010309278350516
G208964E62775N,0.10586124401913875
G206507E60086N,0.1686307519640853
G206364E61570N,0.1303763440860215
G206192E60721N,0.3203275529865125
G206699E60287N,0.14856801909307876
G206736E61515N,0.16053921568627452
G206758E61571N,0.14271653543307086
G207735E60919N,0.14516129032258066
G206694E60315N,0.31470588235294117
G206415E60879N,0.3071705426356589
G208496E62655N,0.391002277904328
G213824E63377N,0.24566666666666667
G207247E60616N,0.11656118143459916
G206456E60664N,0.13686868686868686
G208814E62659N,0.10750636132315522
G212994E63552N,0.1564748201438849
G208859E62713N,0.13419838523644753
G206516E60350N,0.10300668151447662
G215063E63318N,0.11919831223628692
G214947E63211N,0.2585139318885449
G207504E60538N,0.32356728911783644
G207355E60804N,0.1960338101430429
G206486E61463N,0.21651785714285715
G206591E60387N,0.12681744749596122
G206652E61249N,0.12798634812286688
G207602E60943N,0.3319767441860465
G206786E60967N,0.12414965986394558
G206718E60685N,0.20693069306930692
G208061E61586N,0.29549808429118773
G206261E60802N,0.29280510018214934
G206670E60401N,0.21484375
G206776E61110N,0.21403301886792453
G206816E61352N,0.15335820895522387
G207092E60653N,0.18096596698593845
G210058E63077N,0.27652005174644245
G207728E61091N,0.15614617940199335
G209975E63083N,0.17260692464358451
G206251E60726N,0.38907933398628797
G206561E60236N,0.18810146132826422
G206858E60301N,0.13640973630831643
G207132E61101N,0.11840369393139842
G206212E61646N,0.11759921925829538
G213992E63378N,0.2196327683615819
G207178E60587N,0.1937004903809883
G206823E60179N,0.13552188552188552
G208726E62664N,0.15718349928876243
G206176E61728N,0.21457219251336898
G206601E60356N,0.2916666666666667
G213643E63336N,0.2643409900503624
G207131E60623N,0.13616652211621855
G206727E60901N,0.10438335809806835
G208558E62721N,0.4149874055415617
G207047E60843N,0.16024229074889867
G206418E60664N,0.11399217221135029
G206926E60600N,0.21947194719471946
G205935E61991N,0.17351973684210525
G206473E60401N,0.18048628428927682
G213366E63382N,0.3583138173302108
G206482E60301N,0.23590686274509803
G206517E61373N,0.14670255720053835
G206445E60603N,0.2064873417721519
G214358E63454N,0.12929061784897025
G206912E61494N,0.14
G207587E60928N,0.24344096871846618
G213447E63371N,0.3288958641063516
G206855E60540N,0.17104166666666668
G206707E61108N,0.18334829443447037
G207148E60842N,0.12519809825673534
G206119E61481N,0.17438563327032136
G207929E62501N,0.1906474820143885
G207712E60916N,0.20072992700729927
G214483E63283N,0.19282162834058422
G215102E63211N,0.13083538083538085
G207262E62424N,0.11610617009449695
G207327E61305N,0.19621513944223107
G206712E61311N,0.1319599109131403
G207666E61155N,0.2031786941580756
G206550E60428N,0.13579387186629527
G206647E61287N,0.20436187399030695
G206531E60884N,0.2876984126984127
G206270E61735N,0.13445945945945945
G207205E62435N,0.17143906020558003
G207983E61382N,0.1595744680851064
G206637E61267N,0.23979591836734693
G207499E62582N,0.10463483146067416
G207584E60736N,0.3485748218527316
G207028E60551N,0.12617607526881722
G213930E63398N,0.16067394578313254
G208581E62578N,0.2956896551724138
G206414E60345N,0.38636363636363635
G206352E60268N,0.11938902743142145
G206723E60263N,0.11956521739130435
G215601E63159N,0.12130996309963099
G207158E60713N,0.3232926152137701
G206938E61032N,0.1027190332326284
G214030E63390N,0.25710659898477156
G206887E60340N,0.22751605995717344
G206456E60168N,0.16844512195121952
G206571E60708N,0.1311881188118812
G206333E60793N,0.22384615384615383
G213363E63348N,0.22176308539944903
G212831E63512N,0.16575274177467597
G215102E63322N,0.14163090128755365
G213231E63387N,0.3572607260726073
G207647E61081N,0.35823863636363634
G207908E62552N,0.12306501547987617
G207324E60881N,0.18552908199018922
G207447E60924N,0.39501953125
G207414E62184N,0.22513562386980107
G206927E60372N,0.17133726647000982
G213412E63271N,0.4642857142857143
G207149E60863N,0.18088235294117647
G206896E60546N,0.3141025641025641
G206184E61828N,0.2026315789473684
G208606E62770N,0.3506024096385542
G206665E60937N,0.20766773162939298
G206452E60761N,0.19931856899488926
G207366E61289N,0.2019675925925926
G207598E61134N,0.10802469135802469
G207946E61588N,0.43688524590163935
G206983E60532N,0.1491130820399113
G206765E61590N,0.11713286713286714
G209015E62777N,0.24608150470219436
G207005E61045N,0.10599078341013825
G206618E60300N,0.1058037495013961
G206132E60722N,0.1605058365758755
G208461E62645N,0.20703125
G207157E60484N,0.16262135922330098
G206744E60405N,0.1788978494623656
G207872E62614N,0.12925749318801089
G207964E61543N,0.3592436974789916
G207439E62128N,0.12276214833759591
G208564E62586N,0.11317567567567567
G206866E60596N,0.38694638694638694
G206227E60725N,0.6161695447409733
G207737E60909N,0.294
G207929E61403N,0.23034188034188033
G206411E60404N,0.15
G207607E61294N,0.11
G209577E62955N,0.3034539473684211
G206491E60272N,0.1806083650190114
G206830E60516N,0.14657210401891252
G214571E63338N,0.16036414565826332
G206483E61443N,0.4347319347319347
G205951E61442N,0.12946428571428573
G207787E62648N,0.13333333333333333
G206197E61742N,0.18545611015490535
G208536E62663N,0.4792225201072386
G207817E62541N,0.23852433764633396
G206659E60887N,0.1155446293494705
G214999E63239N,0.17639620653319282
G206994E60769N,0.35795454545454547
G207009E60759N,0.35254491017964074
G209606E62971N,0.15517241379310345
G207304E62464N,0.16206111833550066
G207470E62112N,0.1274597495527728
G207431E60923N,0.29245880861850443
G206453E60123N,0.47624703087885983
G206454E60382N,0.10151933701657459
G207637E62375N,0.2272313296903461
G206834E60773N,0.29011194029850745
G207615E61089N,0.2372159090909091
G206723E61126N,0.18896925858951175
G207726E60964N,0.33480176211453744
G213300E63404N,0.23739495798319327
G214094E63370N,0.22007978723404256
G206489E60655N,0.22864768683274023
G207517E60909N,0.19367588932806323
G206230E61830N,0.10842939481268012
G206499E60822N,0.1486646884272997
G206540E60994N,0.21106150793650794
G206744E61349N,0.2231543624161074
G206488E60256N,0.2292732855680655
G207101E61837N,0.20161290322580644
G207185E62572N,0.12725344644750794
G206945E60610N,0.2426981919332406
G207595E61014N,0.21370967741935484
G207515E62325N,0.1689068100358423
G207363E60652N,0.23903196656500622
G206915E60769N,0.23853643216080403
G215684E63137N,0.19699812382739212
G207402E61083N,0.13566733511586454
G206696E61483N,0.15860655737704918
G207272E60886N,0.2250778816199377
G206381E60998N,0.15051020408163265
G214985E63362N,0.11077844311377245
G207494E60838N,0.1996370235934664
G207444E60879N,0.4523982558139535
G207548E60912N,0.13991053677932405
G206624E60346N,0.16355140186915887
G206900E60755N,0.3258513931888545
G206509E60888N,0.24769230769230768
G207691E61166N,0.135678391959799
G207018E60860N,0.26416666666666666
G206400E60863N,0.12076923076923077
G207726E60985N,0.195630081300813
G206616E61066N,0.11661585365853659
G207894E62528N,0.19135071090047392
G206472E61457N,0.11666666666666667
G207346E62375N,0.1595238095238095
G207115E60527N,0.11936560934891485
G207493E60992N,0.24271844660194175
G206922E60789N,0.1896946564885496
G206676E60111N,0.15371024734982333
G209038E62752N,0.10671191553544494
G206978E60753N,0.43403547671840353
G207385E60932N,0.11744186046511627
G206812E60765N,0.20818505338078291
G206776E61354N,0.18647912885662432
G214919E63222N,0.2902405180388529
G206091E61518N,0.1327092511013216
G207352E62385N,0.10444444444444445
G206850E60572N,0.31662591687041564
G206469E60358N,0.23581081081081082
G206715E60276N,0.24175257731958763
G208045E61616N,0.42294807370184256
G207412E62447N,0.19698822809967895
G208579E62609N,0.37593984962406013
G206883E60758N,0.30816831683168316
G207471E62405N,0.20861454818147732
G214733E63246N,0.23803418803418802
G215228E63218N,0.2676174496644295
G207481E62494N,0.11226114649681529
G207444E60961N,0.10360871538810712
G208501E62636N,0.11732373009855951
G206152E61817N,0.1636828644501279
G206872E60515N,0.1937956204379562
G207222E60615N,0.1152037617554859
G206770E60498N,0.1398550724637681
G205701E62100N,0.12310344827586207
G206951E60757N,0.21698813056379823
G206774E61478N,0.4531700288184438
G208594E62593N,0.32999128160418484
G206930E60554N,0.17495559502664298
G206895E60365N,0.25393700787401574
G207561E60735N,0.21289954337899544
G206833E60621N,0.18810289389067525
G214692E63233N,0.30680500811500117
G206876E60956N,0.2128623188405797
G206477E60290N,0.20077720207253885
G207941E61536N,0.448955525606469
G213952E63370N,0.41370106761565834
G207517E62395N,0.2827368421052632
G210091E63089N,0.1094559585492228
G207543E61010N,0.2502338634237605
G207089E60662N,0.17469183359013868
G209459E62947N,0.15380689323886154
G206486E60170N,0.21804511278195488
G214396E63299N,0.14910025706940874
G207562E62377N,0.14558303886925794
G214541E63322N,0.15137226277372262
G207530E61032N,0.1846063359793111
G206732E61574N,0.25092592592592594
G213253E63459N,0.16869060190073917
G206825E60606N,0.19210526315789472
G206488E60983N,0.16091954022988506
G206438E60796N,0.3150921658986175
G206481E60381N,0.15881763527054107
G206498E60713N,0.11047400611620795
G209612E62956N,0.270509977827051
G209499E62894N,0.19075829383886256
G207745E61160N,0.2079734219269103
G207159E60620N,0.1150472334682861
G208532E62681N,0.4908021712907117
G207946E61607N,0.5237430167597765
G215704E63230N,0.15020898641588296
G207974E61361N,0.3153786104605777
G208911E62718N,0.17283298097251584
G205991E61362N,0.10135135135135136
G213187E63477N,0.20455965021861336
G214640E63256N,0.2911931818181818
G207805E61152N,0.18507202095154954
G212461E63534N,0.18840317919075145
G206807E61512N,0.21863468634686348
G207785E61658N,0.1657848324514991
G207868E62538N,0.38631937682570594
G207390E62477N,0.14236393176279447
G206670E60293N,0.16814865481076152
G207459E62375N,0.2650199483689275
G209466E62842N,0.432753164556962
G207342E60505N,0.15
G207481E62093N,0.15630550621669628
G207673E60952N,0.19444444444444445
G213604E63446N,0.19755244755244755
G208382E62627N,0.13925729442970822
G207034E60760N,0.2925675675675676
G207305E60605N,0.31879014989293364
G206658E61475N,0.31298828125
G207378E60811N,0.1618673647469459
G213920E63376N,0.391025641025641
G208404E62635N,0.1910569105691057
G207631E60922N,0.2091708542713568
G206941E60859N,0.2950958286358512
G206462E60007N,0.17901785714285715
G208721E62681N,0.28918650793650796
G214814E63241N,0.1310023489545227
G209619E63012N,0.27480705622932744
G206344E60816N,0.10893648449039882
G207175E60837N,0.14994663820704376
G206613E60668N,0.1577834179357022
G206589E60206N,0.13776493256262043
G206581E60411N,0.10215053763440861
G214126E63367N,0.14267990074441686
G206898E60602N,0.19633507853403143
G207463E60878N,0.43911439114391143
G207913E62563N,0.1572039072039072
G206550E59986N,0.20529197080291972
G207618E61153N,0.12311557788944724
G206181E60730N,0.26171875
G208062E61601N,0.46059365404298874
G205946E62004N,0.1423160173160173
G207107E60694N,0.12240484429065744
G206458E60218N,0.169488597097443
G212874E63538N,0.16856060606060605
G207879E61583N,0.3953792502179599
G213683E63392N,0.23457868390864534
G206146E61858N,0.12190527448869752
G214576E63274N,0.2964697406340058
G206694E60141N,0.142578125
G206316E60752N,0.1296969696969697
G209546E62987N,0.12296673505275499
G207604E60867N,0.3589661774090619
G206539E60307N,0.1442671714440238
G206388E60667N,0.14006024096385541
G206414E60803N,0.30177514792899407
G208546E62620N,0.3160282258064516
G206959E60860N,0.39419475655430714
G207318E61162N,0.10964912280701754
G213758E63368N,0.1676667596985766
G208835E62676N,0.2367549668874172
G206494E61119N,0.17947247706422018
G206785E61246N,0.190625
G207452E60942N,0.14835164835164835
G215665E61234N,0.11234817813765183
G214808E61095N,0.4162371134020619
G218020E60776N,0.10727109515260323
G215305E61236N,0.14733250620347393
G211214E61069N,0.5181498829039812
G215901E60839N,0.13020452885317751
G217768E60786N,0.22742969906265417
G214858E61201N,0.18206521739130435
G223040E59540N,0.1940978886756238
G215466E61143N,0.4672395273899033
G216787E60971N,0.10404191616766467
G213026E61566N,0.13006825590872045
G214834E60993N,0.13293650793650794
G215725E61266N,0.3034208059981256
G215720E62094N,0.1193939393939394
G221760E60239N,0.12536873156342182
G210956E61225N,0.19636015325670497
G214001E61199N,0.16438906752411575
G216857E61586N,0.3568232662192394
G215774E62034N,0.1101012261191902
G211352E62040N,0.3066595059076262
G215366E61086N,0.12018255578093306
G215608E60904N,0.4107142857142857
G211077E61036N,0.16791405118300337
G211015E61047N,0.17509600074927414
G221966E60368N,0.41316526610644255
G214304E61253N,0.18458781362007168
G215591E61238N,0.10040983606557377
G214304E61246N,0.10127737226277372
G222628E59316N,0.11838235294117647
G211347E62086N,0.1147350029120559
G216519E61048N,0.15865384615384615
G216488E60836N,0.25902061855670105
G209864E60177N,0.10886363636363636
G217069E60817N,0.36889460154241643
G216297E61713N,0.10101010101010101
G210937E62048N,0.11508704061895551
G214324E60999N,0.13363892806770097
G221845E59936N,0.1365521327014218
G214627E61131N,0.18303886925795054
G223516E59453N,0.24323361823361822
G215979E62281N,0.1472663139329806
G215605E61295N,0.16483516483516483
G211032E62018N,0.4659498207885305
G221639E60348N,0.10017574692442882
G222328E59566N,0.12026359143327842
G211208E61149N,0.1943254817987152
G215666E60905N,0.3218390804597701
G215985E60834N,0.3162557781201849
G211672E61628N,0.1566626650660264
G210177E60216N,0.19620500782472614
G218512E60042N,0.283175355450237
G217654E61748N,0.10337552742616034
G222447E59515N,0.15879478827361562
G215834E61043N,0.23066298342541436
G211069E61023N,0.14953271028037382
G211139E61118N,0.12774273176083378
G211040E60398N,0.36042183622828783
G215970E61171N,0.20860927152317882
G210961E62041N,0.22312859884836853
G217948E60797N,0.11016320474777448
G222450E59502N,0.26802884615384615
G222383E59296N,0.1096938775510204
G217461E61737N,0.17148362235067438
G216061E60832N,0.21948051948051947
G214367E60777N,0.2029780564263323
G221735E60234N,0.17262464722483536
G211151E62006N,0.2192622950819672
G211218E61273N,0.22150180940892641
G222638E59655N,0.15168539325842698
G215481E61091N,0.3416179337231969
G215557E61291N,0.23607673267326731
G210253E60203N,0.11262798634812286
G211175E61206N,0.10053235053235053
G215801E60844N,0.10303114571746384
G214020E61326N,0.24706387854482956
G214372E61254N,0.38799283154121866
G216275E61078N,0.18191673894189073
G211669E61644N,0.20469973890339427
G217023E61934N,0.10184287099903007
G216004E61082N,0.38785504407443683
G211047E61959N,0.291044776119403
G216760E61012N,0.2715605749486653
G216237E61094N,0.11754385964912281
G211048E61982N,0.11764705882352941
G215447E61218N,0.3031019978969506
G217108E60776N,0.16236559139784945
G214027E61186N,0.3181818181818182
G215580E60900N,0.3146341463414634
G215489E61186N,0.3338607594936709
G215414E61142N,0.25178204249485947
G214803E60984N,0.339247311827957
G210726E60839N,0.12316176470588236
G216803E61604N,0.40213815789473684
G215924E61160N,0.34907120743034054
G209226E59690N,0.23461538461538461
G211564E62058N,0.24056603773584906
G216356E61790N,0.13506507831458195
G213968E61135N,0.11912751677852348
G211176E61919N,0.2558569667077682
G213925E61388N,0.21723646723646722
G215635E60906N,0.21419902912621358
G211161E61966N,0.6600719424460432
G221901E60347N,0.25159574468085105
G214716E61140N,0.27353689567430023
G217884E60678N,0.21574074074074073
G211018E61172N,0.14592760180995476
G216261E61820N,0.12280701754385964
G214395E60995N,0.17653142933404511
G221798E60337N,0.22728726807421626
G222725E59364N,0.16869918699186992
G211133E61141N,0.18193155741793873
G213569E61455N,0.1364247311827957
G216203E60791N,0.19968051118210864
G215651E61261N,0.29188580015026294
G211598E61261N,0.11677115987460815
G211433E61198N,0.10215053763440861
G216368E62144N,0.10459183673469388
G216178E61120N,0.1195945945945946
G214912E61152N,0.1953855140186916
G211093E61990N,0.35610932475884244
G218088E60682N,0.16980460004070833
G215885E61906N,0.10059744873243985
G221865E60248N,0.24244505494505494
G223300E59710N,0.10542398777692895
G210898E60429N,0.3027027027027027
G213213E61586N,0.22950671019223795
G215050E61310N,0.14780600461893764
G216154E60802N,0.4502840909090909
G213945E60907N,0.1913123844731978
G221803E60227N,0.1652199074074074
G215845E60897N,0.3176823176823177
G218004E60789N,0.1597560975609756
G217028E60990N,0.2340764331210191
G223061E59559N,0.13232323232323231
G214668E61100N,0.10961123110151189
G223108E59559N,0.13207964601769911
G216547E60837N,0.33519553072625696
G214340E61043N,0.5355191256830601
G222538E59382N,0.2
G211358E61339N,0.1413738019169329
G209754E60092N,0.19440200785683107
G214191E61237N,0.3390625
G215870E61128N,0.1021437578814628
G215717E60886N,0.3359154929577465
G210314E60125N,0.1175
G214443E61036N,0.23791436464088397
G215258E61158N,0.22113502935420742
G216128E60816N,0.44903846153846155
G211268E61329N,0.16366906474820145
G221665E60221N,0.14014737991266377
G211291E62040N,0.13309151785714285
G215949E61100N,0.2612721417069243
G222635E59331N,0.23653846153846153
G216247E60760N,0.49960906958561374
G215815E60886N,0.5125
G215840E60879N,0.45567375886524825
G221573E60227N,0.13446969696969696
G215951E60820N,0.15380139643134214
G215759E62057N,0.1694915254237288
G211023E62031N,0.2048888888888889
G215661E60944N,0.20652173913043478
G216189E60812N,0.3454124903623747
G218273E60675N,0.11252459938150126
G216375E60761N,0.10098077898652838
G214094E61333N,0.11042944785276074
G213550E61502N,0.17237982663514578
G213967E61127N,0.24190938511326862
G214217E61154N,0.19400630914826497
G215733E62068N,0.3150977995110024
G215827E61123N,0.228328173374613
G217871E60906N,0.10327395281656235
G214320E61230N,0.5331050228310502
G210710E61141N,0.23558897243107768
G213805E61344N,0.20724869843812574
G215954E62281N,0.17148241206030151
G215619E61247N,0.22834088335220837
G213822E61414N,0.13512518409425625
G214944E61295N,0.43997797356828194
G214367E61057N,0.47540983606557374
G215076E61282N,0.2057888040712468
G216716E60809N,0.12954545454545455
G211404E61621N,0.14539748953974896
G214575E61240N,0.13445378151260504
G213264E61543N,0.1621546961325967
G217098E60803N,0.39308176100628933
G214199E61016N,0.477406103286385
G211337E61575N,0.1994186046511628
G221884E60369N,0.16689814814814816
G210001E60218N,0.2608695652173913
G213559E61407N,0.14236588720770288
G210454E60078N,0.1863905325443787
G216194E61078N,0.22715289982425307
G217335E61685N,0.1758160237388724
G215379E61244N,0.23196689002759163
G215745E60889N,0.42045454545454547
G214763E61091N,0.10277777777777777
G215418E61192N,0.3306122448979592
G211330E61295N,0.14026162790697674
G216228E61082N,0.21554054054054053
G215801E60872N,0.27266081871345027
G215983E61106N,0.17349726775956284
G214324E61260N,0.4399551066217733
G214697E60835N,0.11486486486486487
G215498E61210N,0.16640625
G221840E60249N,0.3871841155234657
G216213E60822N,0.3202511773940345
G216481E60817N,0.10949427480916031
G222496E59268N,0.14638236703402013
G216513E61591N,0.23218599033816426
G215760E61269N,0.1937570303712036
G222620E59336N,0.10060975609756098
G211369E61629N,0.10904255319148937
G215726E62110N,0.14655172413793102
G211065E61884N,0.32476190476190475
G214127E61268N,0.23059440559440558
G216521E60828N,0.27379873073436084
G211142E61913N,0.24151696606786427
G215890E61148N,0.28703703703703703
G221547E60362N,0.16483516483516483
G216812E60792N,0.2092563803601503
G216167E60748N,0.12824725596118777
G210789E61846N,0.3443396226415094
G215712E60872N,0.1696035242290749
G211857E62197N,0.1052168815943728
G211555E62140N,0.14822695035460992
G216705E61938N,0.11521058127392969
G214611E61026N,0.16451149425287356
G217786E60691N,0.14655172413793102
G221642E60259N,0.17994310099573257
G221725E60356N,0.12860576923076922
G214480E61041N,0.30002184359982526
G211505E62015N,0.28617216117216115
G213973E61165N,0.1847360912981455
G210181E60248N,0.14946982055464927
G213594E61501N,0.2731660231660232
G214929E60934N,0.31329787234042555
G216852E60818N,0.1831597222222222
G215434E61074N,0.22
G216929E60810N,0.1067193675889328
G211298E62014N,0.25581075775422063
G215439E61255N,0.3661190053285968
G215731E61132N,0.10850694444444445
G211503E61564N,0.11942675159235669
G213910E61368N,0.18259557344064387
G215694E62028N,0.17956656346749225
G214262E61290N,0.2746212121212121
G217303E61678N,0.13941480206540446
G214175E61036N,0.6053418803418803
G214783E61174N,0.3520653218059558
G215518E61097N,0.29545454545454547
G211877E62241N,0.10557827102803738
G217350E61806N,0.19950738916256158
G214005E60907N,0.18696275071633237
G214222E60989N,0.339041095890411
G215948E61164N,0.2809076682316119
G214845E61158N,0.4330046403712297
G215779E61066N,0.11404494382022472
G213959E61389N,0.2839943342776204
G217343E62063N,0.18803159173754558
G216818E61614N,0.20983213429256595
G222331E59664N,0.16371681415929204
G223027E59556N,0.1693181818181818
G210912E61218N,0.15232558139534882
G216095E61858N,0.23047138047138047
G216229E61790N,0.29904761904761906
G211056E61989N,0.32853982300884954
G221773E60249N,0.18822843822843824
G214388E61269N,0.23790322580645162
G215886E60815N,0.12855969331872946
G215876E60896N,0.1094306049822064
G222592E59354N,0.2851423487544484
G216372E62135N,0.12376237623762376
G217350E62036N,0.10756182625237794
G210757E61139N,0.16038223140495866
G213543E61484N,0.17083618917066484
G213979E61354N,0.13640217022719567
G222568E59375N,0.2645484949832776
G215429E61119N,0.26096802841918293
G216262E61103N,0.17011019283746556
G211009E61198N,0.35571255856128153
G216778E61612N,0.38719862227324914
G221809E60248N,0.4462397179788484
G217846E60805N,0.2648741418764302
G222709E59371N,0.10541401273885351
G214815E61138N,0.31687841891653434
G215992E61044N,0.2793427230046948
G214439E61249N,0.2450592885375494
G221691E60355N,0.11019163763066202
G218043E60819N,0.10033743549027392
G216157E60826N,0.36678403755868544
G210005E60132N,0.2129755820556502
G215927E61057N,0.1695710455764075
G215610E61221N,0.12046908315565032
G216027E60821N,0.5293118096856415
G213964E61199N,0.3172566371681416
G215336E61166N,0.2555655836341757
G222466E59508N,0.21855983772819473
G213988E61112N,0.3549771167048055
G211334E62131N,0.16131284916201116
G222606E59347N,0.43227848101265826
G213982E61094N,0.2244764397905759
G216333E61755N,0.14390183440753596
G216345E62125N,0.10423452768729642
G214729E61117N,0.34172453703703703
G209879E60098N,0.16006220714170302
G211188E61944N,0.2771317829457364
G210903E61193N,0.12596599690880989
G209680E59870N,0.11230586697358512
G216180E60797N,0.5295031055900621
G215362E61215N,0.18635770234986945
G211086E62007N,0.20287492590397155
G213792E61299N,0.15055993667731818
G214152E61305N,0.3497183547667127
G217050E61008N,0.17620137299771166
G216645E60946N,0.18092909535452323
G215839E62141N,0.16713221601489758
G210826E60429N,0.11926605504587157
G216753E61606N,0.4381510416666667
G210934E61885N,0.35921501706484643
G216788E61021N,0.1618705035971223
G214161E61234N,0.17393939393939395
G215685E61264N,0.10164141414141414
G216730E61601N,0.5611538461538461
G215716E60937N,0.17108294930875576
G213981E61263N,0.10094613154280482
G211255E61236N,0.35004378283712784
G222900E59293N,0.11447612921669525
G216085E60811N,0.45021459227467814
G214185E61341N,0.2531152647975078
G216022E60809N,0.4263180639585134
G214080E61215N,0.1499248496993988
G214325E61025N,0.21694214876033058
G213841E61326N,0.1755829903978052
G213862E61334N,0.1064294631710362
G211245E61000N,0.13416422287390029
G216048E61083N,0.12300319488817892
G216832E60970N,0.15916955017301038
G216695E61620N,0.13156028368794326
G215650E61303N,0.21713759213759215
G214740E61174N,0.18641868512110726
G217828E60671N,0.10178112507138778
G216046E61098N,0.376271186440678
G214812E61178N,0.3678571428571429
G213252E61566N,0.35813366960907944
G216404E60941N,0.14705882352941177
G215700E60863N,0.36498257839721254
G210297E60121N,0.25636132315521626
G211224E61146N,0.12275784753363228
G213934E61146N,0.13117283950617284
G216842E60810N,0.1463963963963964
G214143E61345N,0.35820637119113574
G217393E60642N,0.10569302014876869
G215515E61132N,0.1994106090373281
G216305E61824N,0.14948453608247422
G221838E60357N,0.18483889528193326
G213384E61484N,0.12133763923991388
G223312E59593N,0.1016320474777448
G223015E59546N,0.12885802469135801
G215848E61128N,0.21608527131782945
G236110E51096N,0.31791338582677164
G235660E51246N,0.27844141069397044
G227614E57948N,0.4464560862865948
G227921E57587N,0.15769944341372913
G236888E50731N,0.13131313131313133
G230309E56044N,0.16501785182981255
G236564E50419N,0.11133879781420765
G227764E57810N,0.24545454545454545
G229441E56350N,0.1254325259515571
G228903E57291N,0.19316163410301954
G230153E56139N,0.31802120141342755
G230168E56139N,0.2779126213592233
G230550E55207N,0.11302895322939867
G227977E57785N,0.21098265895953758
G235291E51464N,0.2764423076923077
G232243E53548N,0.33639705882352944
G225741E59153N,0.25125313283208023
G234541E51668N,0.13300653594771242
G230115E56472N,0.1221841332027424
G230195E57021N,0.42401960784313725
G236750E50876N,0.20488721804511278
G230836E55029N,0.10576923076923077
G236304E50989N,0.16018907563025211
G225915E58812N,0.21388667198723066
G227120E58486N,0.17972636815920398
G229969E57143N,0.4011090573012939
G236578E50986N,0.39442740286298567
G230099E56954N,0.266304347826087
G226879E58322N,0.11371588523442967
G235962E50853N,0.11324786324786325
G227247E58077N,0.14147851420247634
G232830E55926N,0.25289017341040465
G227938E57926N,0.10708469055374593
G225352E59483N,0.1529503105590062
G235294E51321N,0.11561264822134387
G230701E57290N,0.24047619047619048
G229292E57410N,0.17061923583662714
G227971E57806N,0.1346153846153846
G236767E50694N,0.1296875
G236099E50824N,0.18008474576271186
G224777E59678N,0.22372881355932203
G233358E53049N,0.17633015006821282
G224525E59854N,0.12017994858611825
G227840E58069N,0.5611198738170347
G233382E55691N,0.3722707423580786
G236433E50742N,0.282514450867052
G229729E56557N,0.3323626480295088
G231941E53962N,0.26132930513595165
G230967E54660N,0.39106583072100315
G226367E58903N,0.17896825396825397
G227633E58241N,0.30280373831775703
G226665E58550N,0.1493993993993994
G224038E59754N,0.10842293906810035
G236292E50957N,0.2277158774373259
G227763E57925N,0.12897526501766785
G228930E57547N,0.25833333333333336
G223629E60046N,0.109402460456942
G230163E56244N,0.11703601108033242
G231928E54063N,0.20406824146981628
G236102E51047N,0.18059299191374664
G232386E55979N,0.31271186440677967
G228906E57678N,0.40022421524663676
G236116E51083N,0.34205426356589147
G229203E57160N,0.15942028985507245
G236277E51065N,0.1953125
G228892E56767N,0.12240220048899755
G230747E56485N,0.3430232558139535
G232097E54867N,0.1293774319066148
G234288E51702N,0.20679260450160772
G229251E57160N,0.37177121771217714
G227735E58031N,0.12437395659432388
G229022E56962N,0.1056782334384858
G228024E57807N,0.22313874788494079
G236223E50992N,0.26450892857142855
G226255E59006N,0.1323529411764706
G236072E50922N,0.1296147672552167
G228978E57228N,0.13240740740740742
G223593E59835N,0.1439873417721519
G236314E50536N,0.11805165637282426
G228801E57503N,0.12303149606299213
G229701E55876N,0.17710706150341685
G230273E56031N,0.225201072386059
G227751E57948N,0.2029109589041096
G229930E56981N,0.46602029720913374
G230692E57298N,0.6281077348066298
G225334E59516N,0.12188612099644128
G229751E56735N,0.10983009708737865
G230759E57101N,0.2906574394463668
G227576E57662N,0.18524945770065077
G236622E50548N,0.1503831417624521
G234198E51985N,0.12
G227448E58309N,0.19282814614343707
G230698E56828N,0.16111111111111112
G230423E56252N,0.16468253968253968
G229277E56834N,0.18856143856143856
G236535E50952N,0.24708454810495628
G233384E53026N,0.11983321247280639
G228114E58071N,0.15256797583081572
G227982E57639N,0.13737201365187712
G236654E50511N,0.1727904667328699
G232386E53887N,0.29832474226804123
G230186E57056N,0.32793522267206476
G229342E57647N,0.4628482972136223
G227371E58087N,0.15253712871287128
G235948E50945N,0.25305343511450384
G235152E51409N,0.14920343137254902
G227666E57873N,0.25047709923664124
G230242E57024N,0.15318627450980393
G229060E56875N,0.14207474226804123
G229558E57128N,0.17295719844357976
G229304E57219N,0.20833333333333334
G227982E57371N,0.10861423220973783
G229214E56877N,0.14444444444444443
G226867E58617N,0.4181201550387597
G225722E59330N,0.16904047976011993
G234015E51942N,0.11127369616493404
G236604E50510N,0.2092274678111588
G232729E56040N,0.5055350553505535
G230961E54649N,0.12074829931972789
G236867E50868N,0.1865530303030303
G236558E50430N,0.18597560975609756
G230497E57097N,0.505
G227417E57765N,0.10339411584431504
G226764E58520N,0.19349645846748229
G236488E50270N,0.1092
G228577E56546N,0.13110072689511942
G234410E51853N,0.18385650224215247
G227858E57952N,0.2862903225806452
G236098E50843N,0.16726049089469516
G230279E56347N,0.10729461756373938
G236312E51095N,0.17022613065326633
G232491E53535N,0.15795454545454546
G224344E59838N,0.16274309109518936
G225315E59267N,0.2487644151565074
G230070E56293N,0.17749615975422428
G236543E50357N,0.12277992277992278
G232457E55966N,0.13414634146341464
G226900E58234N,0.25572519083969464
G236022E51098N,0.31295843520782396
G223736E59871N,0.20066889632107024
G229635E56575N,0.22641987829614604
G224321E59830N,0.22294117647058823
G229515E56994N,0.17596153846153847
G229723E56799N,0.1276595744680851
G231948E54052N,0.1360232945091514
G228038E57457N,0.18201754385964913
G228876E57015N,0.14701803051317613
G228008E57781N,0.2759103641456583
G224004E59714N,0.17446911196911197
G224467E59782N,0.200487012987013
G236272E51033N,0.13565521628498728
G232480E55876N,0.2074468085106383
G225511E59444N,0.15805946791862285
G224178E59857N,0.23535286284953397
G225586E59250N,0.13968253968253969
G236488E50790N,0.36768447837150126
G236818E50729N,0.413
G235126E51469N,0.13753086419753086
G225532E59277N,0.31313131313131315
G226591E58074N,0.2869106699751861
G236255E50617N,0.1054726368159204
G228542E57044N,0.11247216035634744
G229335E57711N,0.12079062957540264
G225191E59634N,0.4110787172011662
G236630E50365N,0.10695006747638326
G231926E53905N,0.36341463414634145
G225503E59318N,0.11898625429553264
G225556E59447N,0.12761506276150628
G230001E56277N,0.1017191977077364
G236415E50900N,0.16049382716049382
G236739E50683N,0.1346153846153846
G236191E50919N,0.22323308270676692
G238061E50085N,0.24119718309859156
G236459E50634N,0.17084006462035542
G230852E57278N,0.4636445242369838
G225498E59285N,0.10476618705035971
G225020E59611N,0.24525316455696203
G234179E52061N,0.12065217391304348
G224528E59795N,0.2135989010989011
G236110E50867N,0.13176895306859207
G229819E56507N,0.205565142364107
G236394E50915N,0.15653153153153154
G226291E58952N,0.11787564766839378
G229183E57026N,0.25135013501350134
G234617E51647N,0.1473384030418251
G233937E52101N,0.11026936026936027
G230566E57065N,0.404292343387471
G236111E50936N,0.19884169884169883
G236581E50791N,0.485912343470483
G230464E56620N,0.16548042704626334
G230166E56332N,0.14596774193548387
G225416E59513N,0.1461864406779661
G228439E56635N,0.12057220708446867
G230397E56022N,0.1257477243172952
G223860E59932N,0.12836322869955158
G235604E51219N,0.10073339085418465
G232033E53703N,0.1145374449339207
G234907E51553N,0.34051724137931033
G228939E57044N,0.10832187070151307
G230417E55675N,0.11609907120743033
G228741E57435N,0.15579710144927536
G230108E56492N,0.11630695443645084
G229984E57165N,0.4174917491749175
G228055E57525N,0.14345738295318128
G227635E57942N,0.39428076256499134
G236382E50636N,0.14515027322404372
G235035E51532N,0.10956175298804781
G228827E57312N,0.1078125
G235359E51336N,0.18134469696969696
G230299E56218N,0.2033105433609212
G232713E56062N,0.4511400651465798
G228969E56957N,0.2132658762182631
G236035E50935N,0.23903775883069428
G232627E53350N,0.14528795811518325
G225639E59255N,0.17283037475345167
G235253E51243N,0.1128625472887768
G236394E51048N,0.3
G236402E50933N,0.2612704918032787
G230244E56165N,0.18931325743665076
G232811E55982N,0.40807799442896936
G227713E58074N,0.1926328502415459
G227438E57917N,0.2740721590256234
G230596E55347N,0.18617021276595744
G228860E57280N,0.13232528987778125
G236870E50771N,0.32786885245901637
G230176E55961N,0.11896621078037008
G236085E50950N,0.2019567757009346
G236694E50936N,0.3272569444444444
G225236E59429N,0.1863299187566231
G225534E59288N,0.13636363636363635
G237393E50422N,0.13859180035650623
G235314E51222N,0.232421875
G224622E59730N,0.1410162002945508
G235089E51445N,0.1695108077360637
G227810E57802N,0.12998338870431894
G229031E56860N,0.16571969696969696
G229233E56818N,0.11241007194244604
G227954E57970N,0.24350205198358413
G228894E57535N,0.1332807570977918
G228883E56805N,0.10049447353112274
G236079E51078N,0.15970961887477314
G237233E50152N,0.32763433356594557
G230448E56281N,0.14578833693304535
G227639E58150N,0.15625
G227701E58093N,0.14473684210526316
G235046E51515N,0.22818455366098295
G223580E59865N,0.31596452328159647
G230804E54573N,0.24744245524296676
G230180E55990N,0.18277310924369747
G232245E53560N,0.39620938628158847
G228854E57152N,0.22172829792814058
G223707E59791N,0.31557881773399016
G225054E59449N,0.1615077383924114
G227699E57891N,0.15681818181818183
G227987E57953N,0.17669584245076586
G228660E57441N,0.1344993968636912
G227663E58091N,0.5566083576287658
G227095E58446N,0.1273961661341853
G224400E59841N,0.14724919093851133
G226444E58946N,0.17272727272727273
G227482E57968N,0.22071778140293638
G229302E57240N,0.15236686390532544
G224178E59774N,0.1430817610062893
G225507E59345N,0.1399132321041215
G236228E51056N,0.17506377551020408
G236152E50932N,0.267018779342723
G235972E50845N,0.11736526946107785
G230154E55840N,0.287365678931944
G226215E58958N,0.23458222811671087
G236417E50618N,0.1303680981595092
G225216E59624N,0.20848708487084872
G232466E55551N,0.1389902676399027
G236332E51018N,0.33373205741626794
G234211E51765N,0.10826359832635983
G227486E58325N,0.15335051546391754
G232056E53693N,0.185589519650655
G230607E55357N,0.2319182389937107
G235678E51266N,0.1746341463414634
G229239E56848N,0.1388888888888889
G227890E57802N,0.19779411764705881
G236422E50946N,0.16467576791808874
G230032E57044N,0.2065899581589958
G232549E55946N,0.32003257328990226
G230488E57085N,0.3669527896995708
G236047E50969N,0.13140161725067384
G234635E51656N,0.10833333333333334
G228397E57456N,0.12755102040816327
G236693E50741N,0.20933994823123384
G232778E55984N,0.18690851735015773
G232870E55899N,0.1317907444668008
G230057E56522N,0.11565870570107858
G236554E50978N,0.35583941605839414
G230760E55316N,0.1857541899441341
G233738E51786N,0.12359550561797752
G236044E50951N,0.22145061728395063
G234077E51733N,0.12040280210157618
G224360E59774N,0.15619318870439947
G232086E53779N,0.10583067092651757
G223554E59870N,0.11409043112513144
G230242E56053N,0.10958692971639951
G229772E56076N,0.107421875
G225774E59152N,0.1982484076433121
G230006E56339N,0.18191340782122906
G236595E50503N,0.12248322147651007
G229141E57048N,0.24067164179104478
G227661E58053N,0.1208860759493671
G230592E57032N,0.2055393586005831
G227939E56647N,0.1337890625
G228758E57150N,0.14730728616684266
G229127E57085N,0.26848370927318294
G230282E56331N,0.27054108216432865
G230767E57305N,0.3958333333333333
G229297E56962N,0.225
G236426E50916N,0.1762295081967213
G225113E59409N,0.17944800394282898
G230039E56234N,0.13172966781214204
G230552E57014N,0.10354691075514874
G230817E57280N,0.46887550200803213
G230001E56325N,0.18287373004354138
G229323E57273N,0.18450184501845018
G225620E59349N,0.147
G229774E56553N,0.4622093023255814
G229401E57715N,0.10249579360628155
G229227E57159N,0.39875
G228077E58066N,0.18658088235294118
G229576E57117N,0.13555194805194806
G224313E59901N,0.16933638443935928
G225467E59435N,0.10807050092764378
G229175E57014N,0.16557377049180327
G226790E58728N,0.13425925925925927
G228108E58080N,0.11655948553054662
G223847E59914N,0.100383631713555
G227732E57937N,0.2357563850687623
G230476E57099N,0.3457746478873239
G236932E50588N,0.1796116504854369
G235015E51527N,0.11538461538461539
G237764E50111N,0.10182119205298014
G227654E57957N,0.25092936802973975
G229481E57001N,0.14095127610208816
G230517E56764N,0.27439024390243905
G226649E58649N,0.15789473684210525
G235842E51077N,0.16666666666666666
G225357E59279N,0.1345841784989858
G236763E50678N,0.19680851063829788
G228764E57520N,0.12696148359486448
G227390E57963N,0.17495140238822549
G228338E57413N,0.10754504504504504
G227627E57972N,0.22777513667696697
G230293E55893N,0.2730574484194586
G225824E59206N,0.3708941605839416
G235191E51569N,0.14068441064638784
G235636E51264N,0.1829192546583851
G227727E57772N,0.2528910529519172
G229361E57655N,0.3059299191374663
G225072E59546N,0.1976127320954907
G229219E56894N,0.16955445544554457
G225388E59432N,0.1454352441613588
G229200E57017N,0.2335423197492163
G230996E54189N,0.13363072148952676
G230144E56187N,0.12293729372937294
G235931E50863N,0.16336166194523136
G236953E50185N,0.107
G236149E50904N,0.16758241758241757
G235151E51565N,0.11870503597122302
G229435E56387N,0.1430722891566265
G232765E56027N,0.6625903279599777
G224315E59361N,0.28115835777126097
G230713E57320N,0.311495673671199
G227198E58045N,0.14081145584725538
G233931E52151N,0.2432701894317049
G236622E50413N,0.10325047801147227
G226311E58925N,0.20784023668639054
G233970E52104N,0.12857142857142856
G230649E54863N,0.12735849056603774
G227688E57848N,0.2601547388781431
G230626E55365N,0.10251046025104603
G230083E56958N,0.16335740072202165
G230651E56821N,0.2573170731707317
G235143E51549N,0.2103305785123967
G232627E55867N,0.19435215946843853
G226384E58822N,0.11083333333333334
G229247E57149N,0.2625968992248062
G231894E54796N,0.16799645390070922
G227087E58417N,0.16576313594662218
G230148E55940N,0.32993827160493827
G228588E57561N,0.1401766004415011
G237030E49835N,0.1871859296482412
G230092E56519N,0.11021505376344086
G229995E57099N,0.4535768645357686
G230297E55803N,0.1256423982869379
G229163E57050N,0.16263157894736843
G225570E59131N,0.17909875631779204
G236705E50649N,0.13186813186813187
G234869E51649N,0.4021317829457364
G230368E56135N,0.15653935185185186
G227784E57753N,0.3152283897080081
G227264E58072N,0.19053708439897699
G227837E57905N,0.4735915492957746
G233981E51898N,0.124278972207656
G236386E50770N,0.2518050541516246
G229124E57075N,0.2845528455284553
G229985E57045N,0.24084249084249085
G230647E55234N,0.13049095607235142
G230678E57073N,0.19981412639405205
G223714E59867N,0.3493421052631579
G235908E50956N,0.24040976460331298
G231943E54003N,0.18791666666666668
G228814E57291N,0.15625
G229511E56729N,0.3392255892255892
G227494E58228N,0.19671532846715328
G236516E50629N,0.14825581395348839
G236435E50935N,0.17481662591687042
G229562E56315N,0.23653198653198654
G223775E59946N,0.17038690476190477
G223818E59748N,0.24719101123595505
G235962E50876N,0.1564102564102564
G229727E56729N,0.1678082191780822
G234123E52226N,0.23796296296296296
G227546E58149N,0.44407158836689037
G230241E56978N,0.20353159851301114
G232565E53603N,0.29411764705882354
G234987E51353N,0.12336244541484716
G232793E55967N,0.6542321116928447
G231970E54032N,0.16557017543859648
G229329E56948N,0.128060263653484
G228004E57979N,0.3816582914572864
G224676E59723N,0.26815068493150684
G228861E57363N,0.3918100701083493
G236408E50776N,0.2883986928104575
G229974E57103N,0.32004643962848295
G230805E55341N,0.10482180293501048
G226196E58947N,0.1137780548628429
G236526E50472N,0.18556085918854415
G237203E50180N,0.16666666666666666
G227468E58306N,0.15294117647058825
G235730E50923N,0.13153846153846155
G228891E57043N,0.10470779220779221
G230527E55871N,0.18227529855436833
G233293E55730N,0.33384146341463417
G236603E50734N,0.11428571428571428
G235923E50945N,0.3346938775510204
G235173E51506N,0.29536290322580644
G228879E56786N,0.11447368421052631
G227497E58309N,0.10576923076923077
G228798E56977N,0.12438725490196079
G228800E57536N,0.17954545454545454
G232060E53771N,0.37259615384615385
G234582E51590N,0.23979591836734693
G226839E58334N,0.141218932748538
G223862E59743N,0.10029354207436399
G238073E49724N,0.11598302687411598
G227370E58261N,0.15684410646387834
G229521E56704N,0.22411242603550297
G236138E51013N,0.2835956416464891
G236573E50439N,0.1022560528246515
G233768E51698N,0.12016574585635359
G227278E58267N,0.1554203539823009
G231829E53805N,0.1591928251121076
G236230E50597N,0.16540785498489427
G229333E57673N,0.38
G230672E55669N,0.15754039497307
G230143E56441N,0.2563767168083715
G236688E50634N,0.1720623501199041
G224152E59594N,0.11589068825910931
G229968E56437N,0.14628095304966532
G227448E58093N,0.11024436090225564
G235377E51281N,0.29426336375488915
G236351E50910N,0.48042168674698793
G229997E57065N,0.40001977848101267
G230815E56463N,0.3740768094534712
G228842E56499N,0.14682294879703886
G224193E59796N,0.18313407344150298
G234772E51507N,0.10748792270531402
G229950E57068N,0.40871979098628347
G232473E55864N,0.3905172413793103
G226725E58642N,0.1317365269461078
G234650E51618N,0.11067019400352733
G227675E57860N,0.24230072463768115
G235460E51307N,0.11674008810572688
G234113E51783N,0.20635330578512398
G230163E55989N,0.3421985815602837
G225995E58986N,0.4304878048780488
G225101E59605N,0.16076487252124647
G231997E54117N,0.23032407407407407
G236697E50140N,0.15218209179834463
G229412E57204N,0.13905038759689922
G236130E51037N,0.44973309608540923
G230152E57003N,0.1872990353697749
G227825E57922N,0.44146341463414634
G234035E51985N,0.10974409448818898
G230292E56153N,0.22122861586314152
G229059E56747N,0.3307453416149068
G229920E57055N,0.21829268292682927
G236595E50965N,0.2238372093023256
G227600E58231N,0.35887772194304857
G232859E55926N,0.24537037037037038
G225014E59492N,0.2691532258064516
G235131E51504N,0.12800802139037434
G228887E57389N,0.10993485342019543
G227788E58033N,0.20678336980306344
G236296E50968N,0.1594360086767896
G228788E56633N,0.10508474576271186
G236380E50855N,0.2881233437725849
G230403E55820N,0.17970570312219952
G230401E56405N,0.32061688311688313
G229340E57694N,0.23109965635738833
G227787E57909N,0.16043478260869565
G229366E57673N,0.6454599761051374
G234101E51828N,0.15610859728506787
G230487E55247N,0.11794205052005943
G225091E59654N,0.2666139240506329
G227198E58460N,0.11006289308176101
G229492E56724N,0.40131578947368424
G236414E50632N,0.13693467336683418
G236803E50693N,0.23209366391184574
G225219E59371N,0.19205801805456943
G229167E57179N,0.39759036144578314
G232540E55790N,0.5968406593406593
G230533E56706N,0.12351190476190477
G234125E51771N,0.19100719424460433
G229200E56861N,0.22372881355932203
G231045E54633N,0.21449136276391556
G233199E52508N,0.11408730158730158
G224494E59745N,0.18522906793048974
G230203E56933N,0.20018796992481203
G228899E57370N,0.14522342064714946
G225688E59122N,0.14127096621781243
G230619E55637N,0.20287958115183247
G229090E57066N,0.23812423873325214
G233783E52074N,0.1182033096926714
G227645E58261N,0.22228773584905662
G226639E58658N,0.12447698744769875
G235557E51197N,0.2567829457364341
G236588E50715N,0.10157894736842105
G230198E56154N,0.2943947244465379
G230139E56322N,0.1069364161849711
G227669E58071N,0.31054131054131057
G229862E56990N,0.28078358208955223
G232622E55887N,0.12950138504155126
G232573E55903N,0.10255960729312763
G224285E59373N,0.13695652173913042
G236666E50815N,0.33014354066985646
G236641E50471N,0.2315515610217597
G234188E52051N,0.16987179487179488
G229015E57141N,0.21448087431693988
G229304E57436N,0.16467065868263472
G227358E58219N,0.11101499423298732
G227447E58427N,0.1994328922495274
G229030E57315N,0.3369140625
G236066E50984N,0.17105263157894737
G236827E50713N,0.23716012084592145
G235833E50679N,0.15140845070422534
G235156E51392N,0.10754985754985755
G226389E58942N,0.18065268065268064
G225583E59376N,0.178
G236691E50508N,0.11829268292682926
G236144E50928N,0.3226072607260726
G227076E58394N,0.10067681895093063
G234136E51906N,0.11089152393500219
G236445E50765N,0.2760540970564837
G228078E57559N,0.11016949152542373
G228959E56599N,0.13879598662207357
G234640E51562N,0.1712962962962963
G232305E53674N,0.114
G229458E56234N,0.16527001862197394
G230190E56292N,0.11430317848410758
G232946E53398N,0.2962529274004684
G227869E57923N,0.24567847882454624
G229455E56253N,0.12411347517730496
G230173E56279N,0.23811544991511036
G230162E57028N,0.3135118306351183
G235350E51453N,0.3365019011406844
G230799E57135N,0.401
G226259E58962N,0.20907341622261694
G232014E53862N,0.10723969631236442
G230837E57013N,0.253690036900369
G228747E57277N,0.2641190914671578
G231170E55183N,0.34797297297297297
G225463E59531N,0.12229862475442044
G236116E51063N,0.2308052434456929
G232523E53471N,0.11740331491712708
G227517E58140N,0.2554263565891473
G227724E57905N,0.25863930885529157
G232113E53742N,0.17985611510791366
G234394E51881N,0.2571884984025559
G236716E50157N,0.2625482625482625
G237187E50066N,0.19302554027504912
G224996E59480N,0.2285851780558229
G236506E50956N,0.5152640264026402
G227479E58145N,0.19788087056128292
G229898E56783N,0.11865942028985507
G230089E56257N,0.2863943488943489
G232835E55946N,0.38594594594594595
G236639E50535N,0.20578231292517007
G236523E50976N,0.2894922425952045
G228613E57465N,0.16310441485634197
G227549E58202N,0.39488636363636365
G235188E51411N,0.11643835616438356
G234738E51737N,0.10765124555160142
G229165E57087N,0.2722355769230769
G229530E56740N,0.15329218106995884
G230860E55030N,0.12984496124031009
G236525E50254N,0.10246598639455783
G236207E51074N,0.1553672316384181
G234658E51603N,0.20179948586118251
G229831E56609N,0.1377840909090909
G230232E57444N,0.2572463768115942
G228574E56614N,0.11438223938223938
G234095E52223N,0.39903846153846156
G228093E58061N,0.29829545454545453
G226367E58929N,0.1323529411764706
G230647E57071N,0.36740654205607476
G228987E57017N,0.20880638232586682
G234669E51620N,0.10326086956521739
G232658E56080N,0.3386752136752137
G228025E57464N,0.12583892617449666
G228968E57197N,0.3225480283114257
G237201E50137N,0.12750716332378223
G224431E59811N,0.18020504731861198
G227982E57946N,0.1902439024390244
G227035E57936N,0.10438936542606281
G226512E58731N,0.13063909774436092
G230268E56994N,0.2691131498470948
G229027E57182N,0.13777777777777778
G229257E56856N,0.24919224555735056
G232192E54637N,0.1783175355450237
G227662E58016N,0.32254273504273506
G224052E59893N,0.12880952380952382
G236226E51032N,0.13918918918918918
G230825E57116N,0.19733333333333333
G225022E59465N,0.3060670087533957
G229988E56154N,0.2555350553505535
G228573E57053N,0.2641509433962264
G227118E58459N,0.10868187579214195
G230549E57071N,0.5341312056737588
G229230E57041N,0.11689419795221843
G230208E57038N,0.33214285714285713
G227832E58013N,0.4043114826220853
G236494E50962N,0.540929203539823
G226217E58992N,0.20270270270270271
G235923E51037N,0.24567901234567902
G237857E50114N,0.15812720848056538
G227398E58283N,0.16472672064777327
G235457E51267N,0.13285714285714287
G227427E58311N,0.23737582781456953
G226442E58871N,0.11049543676662321
G237165E50065N,0.10887096774193548
G229892E57016N,0.2687763713080169
G236690E50179N,0.16602316602316602
G229290E56248N,0.10966542750929369
G238110E50058N,0.18594257854821236
G231949E54013N,0.16885245901639345
G224070E59676N,0.1328976034858388
G223678E59572N,0.12074829931972789
G237881E50115N,0.1701388888888889
G234490E51316N,0.10777777777777778
G228867E57533N,0.26159420289855073
G232869E55911N,0.4676795580110497
G235906E51099N,0.10648148148148148
G223738E59883N,0.15319548872180452
G232439E55964N,0.29124656278643446
G227579E58143N,0.2591304347826087
G225577E59300N,0.19489361702127658
G229855E56544N,0.2128675356168536
G232829E55962N,0.3910958904109589
G229868E57015N,0.27878006872852235
G227292E58368N,0.14635761589403973
G225661E59337N,0.126657824933687
G232558E55912N,0.32066508313539194
G227694E57788N,0.17019896193771628
G235903E51034N,0.3181818181818182
G227456E58210N,0.17785065590312815
G236574E50386N,0.335149863760218
G236844E50732N,0.16083916083916083
G224438E59795N,0.18127090301003346
G224043E59873N,0.22652582159624413
G236561E50408N,0.15092165898617513
G232589E55783N,0.1491031390134529
G236646E50388N,0.11102320675105486
G225887E59334N,0.40822784810126583
G229239E56837N,0.3961267605633803
G227657E57891N,0.36447368421052634
G229340E57180N,0.17466666666666666
G225609E59249N,0.12282091917591126
G225444E59330N,0.10892857142857143
G228757E57106N,0.11210166919575114
G232693E56074N,0.3416955017301038
G223882E59930N,0.23901098901098902
G227889E57748N,0.14530332681017613
G234483E51662N,0.18953488372093022
G229783E56427N,0.15400319545535238
G229408E56650N,0.22510593220338984
G230709E56785N,0.2825342465753425
G227789E57924N,0.1247016706443914
G232525E53591N,0.1788135593220339
G226290E59004N,0.33024691358024694
G235563E51138N,0.11740804106073567
G230217E57450N,0.16939890710382513
G235144E51518N,0.15378787878787878
G225821E59192N,0.11507936507936507
G227814E57900N,0.3690926275992439
G232789E56002N,0.44830550098231825
G236604E50705N,0.10626911314984709
G227926E57798N,0.17618223760092272
G230161E56440N,0.1229903536977492
G223895E59917N,0.12381703470031545
G236565E50495N,0.17757731958762887
G232503E53589N,0.3091286307053942
G227569E58207N,0.18075539568345322
G236042E51089N,0.40230905861456484
G231046E54581N,0.25442477876106195
G227709E57879N,0.3608287724784988
G225676E59134N,0.1040868454661558
G230725E57290N,0.344311377245509
G230958E54183N,0.11471861471861472
G230837E57296N,0.3111162361623616
G226361E58942N,0.25728155339805825
G227794E58050N,0.42832764505119453
G229932E56554N,0.1963443396226415
G235168E51526N,0.1008869179600887
G229978E56162N,0.1976950354609929
G229243E57093N,0.23191489361702128
G228516E56511N,0.111198738170347
G236087E50937N,0.3238341968911917
G227847E57731N,0.2559447300771208
G227555E58029N,0.1885362234694536
G234659E51461N,0.10920177383592018
G223591E59852N,0.28470715835141
G230319E56268N,0.2438366718027735
G227790E57810N,0.15449766355140188
G232131E54659N,0.28725961538461536
G229709E56461N,0.11587982832618025
G230474E55310N,0.10467479674796748
G227503E57708N,0.20102227647238327
G227502E58192N,0.11671469740634005
G224202E59876N,0.10147058823529412
G237798E50115N,0.16681184668989546
G227522E57866N,0.11656891495601172
G236275E50900N,0.1447530864197531
G237280E50150N,0.12848605577689243
G233722E51463N,0.10108388312912348
G230151E56146N,0.19759316770186336
G234541E51424N,0.11709427207637231
G230448E56635N,0.1522491349480969
G224053E59725N,0.1824590163934426
G230000E56309N,0.2148829431438127
G227432E58287N,0.10640822784810126
G230149E56428N,0.2891791044776119
G229444E57177N,0.10551075268817205
G237544E50328N,0.10894736842105263
G229807E56500N,0.12295081967213115
G224278E59829N,0.12664714494875548
G230576E57038N,0.26669112252384447
G224129E59836N,0.3503423192126658
G230257E56335N,0.13438735177865613
G232255E54454N,0.21293103448275863
G231150E55183N,0.26371951219512196
G230136E55891N,0.3230840136950224
G236724E50124N,0.12828947368421054
G237011E49837N,0.15657620041753653
G230673E56770N,0.19543650793650794
G229828E56620N,0.22306629834254144
G232232E53918N,0.125
G228663E56906N,0.10631104432757325
G225388E59558N,0.29414893617021276
G230730E57256N,0.2979233226837061
G236248E50965N,0.1274074074074074
G228920E57366N,0.2330508474576271
G230688E56774N,0.17650103519668736
G227336E58136N,0.11423141891891891
G230531E55897N,0.10619777158774374
G231608E55138N,0.46599264705882354
G230156E56637N,0.13
G236375E50911N,0.2616740088105727
G227719E57860N,0.2045218295218295
G236846E50739N,0.14366729678638943
G231358E54737N,0.14096916299559473
G236836E50698N,0.18319559228650137
G230047E56339N,0.1013271162123386
G229046E63547N,0.15033947623666344
G234914E58022N,0.6166666666666667
G235109E58191N,0.41492146596858637
G235129E58197N,0.24925595238095238
G232238E62024N,0.192128801431127
G234997E58133N,0.33773291925465837
G234857E58246N,0.3303303303303303
G235886E57385N,0.4469858156028369
G234477E58292N,0.41380494505494503
G231967E62160N,0.13535911602209943
G235878E57435N,0.14731051344743276
G235494E57573N,0.5102459016393442
G232015E62144N,0.10046487603305786
G231958E62116N,0.30701523909616396
G229759E63410N,0.1309840425531915
G234780E58274N,0.14363354037267081
G229778E63406N,0.16064981949458484
G235032E58242N,0.19047619047619047
G234675E58424N,0.24129353233830847
G234641E58188N,0.2
G235942E57347N,0.19222689075630253
G235054E58149N,0.3823822163238222
G234664E58170N,0.49031007751937983
G235219E57822N,0.5806859205776174
G232024E62085N,0.452416918429003
G232173E62005N,0.16166077738515902
G234957E58004N,0.43125
G229029E63538N,0.12184343434343434
G231917E62112N,0.13855421686746988
G232107E61882N,0.1931179775280899
G235185E57856N,0.481610337972167
G235977E57344N,0.166
G231910E61856N,0.2966417910447761
G235328E57717N,0.48312564901349947
G234901E58242N,0.2269108280254777
G235077E57864N,0.42048346055979646
G235507E57589N,0.2708681135225376
G235042E57853N,0.53301886792452835
G234452E58277N,0.5569800569800569
G235739E57499N,0.3835051546391753
G235852E57386N,0.44648829431438125
G235845E57370N,0.6134708737864077
G235193E57830N,0.5195945945945946
G234804E58054N,0.19393382352941177
G235822E57366N,0.42885117493472585
G234755E58285N,0.2391742195367573
G234995E58264N,0.38597560975609757
G231979E61791N,0.38898678414096916
G231976E61806N,0.12887067395264118
G231958E62213N,0.20113255033557048
G235386E57673N,0.2672566371681416
G231951E62186N,0.40199203187251
G234990E58320N,0.2005681818181818
G232041E61907N,0.15258215962441316
G234829E58031N,0.28225806451612906
G232096E61882N,0.24243188698284562
G235067E57840N,0.43554327808471455
G232066E62120N,0.12308347529812606
G235194E57870N,0.4620418848167539
G229792E62912N,0.19249201277955272
G235098E58205N,0.26702334630350194
G229695E63411N,0.20714285714285716
G234764E57973N,0.2827777777777778
G235088E57908N,0.45808736717827625
G234827E58220N,0.2398753894080997
G232268E61829N,0.28505535055350556
G229760E62902N,0.1732142857142857
G235007E57823N,0.4335748792270531
G235884E57458N,0.18693693693693694
G231352E61774N,0.36716171617161714
G234460E58325N,0.16541353383458646
G235949E57451N,0.12479338842975207
G235080E58186N,0.16551724137931034
G231913E62029N,0.30685131195335275
G231792E62127N,0.2720763723150358
G234887E58026N,0.2595923261390887
G234665E58414N,0.24458661417322836
G234973E58012N,0.405688622754491
G232143E62057N,0.10825186889016676
G235011E58041N,0.31305309734513276
G234917E58010N,0.4931640625
G235064E57778N,0.40540540540540543
G235082E57928N,0.4092797783933518
G235887E57368N,0.25
G231825E62000N,0.22253521126760564
G235297E58265N,0.12858032378580322
G234958E58262N,0.2427662037037037
G231937E62011N,0.30783242258652094
G235046E57903N,0.14676966292134833
G235924E57352N,0.10694288913773796
G234617E58397N,0.25346784363177804
G234641E58427N,0.24269662921348314
G234960E58129N,0.2955069124423963
G232067E62129N,0.15329512893982808
G235838E57461N,0.4823825503355705
G231902E62197N,0.3054878048780488
G235850E57447N,0.4643826322930801
G235052E57883N,0.4063118811881188
G229078E63540N,0.136118038237739
G231104E61762N,0.1670854271356784
G235523E57582N,0.3198818897637795
G234964E57956N,0.15560165975103735
G231772E62144N,0.32566248256624825
G234998E57995N,0.3402317880794702
G231067E61778N,0.24891067538126363
G234884E58243N,0.19337606837606838
G235284E57725N,0.43911439114391143
G235470E57582N,0.38419618528610355
G231882E62029N,0.30281207133058985
G229720E63425N,0.15712616822429906
G232204E62045N,0.10304054054054054
G235288E57888N,0.5656092285508292
G235124E58220N,0.1696113074204947
G232090E62090N,0.23802719747733544
G235007E57853N,0.34967105263157894
G243514E50087N,0.10240963855421686
G239750E53133N,0.13636363636363635
G241666E51889N,0.20155586987270155
G242596E51191N,0.10149253731343283
G243138E50785N,0.2172680412371134
G242885E50977N,0.3951612903225806
G243120E51869N,0.1014344262295082
G240925E53082N,0.14606741573033707
G241097E51745N,0.14887640449438203
G240957E53266N,0.26582278481012656
G243543E50031N,0.5659722222222222
G241252E52201N,0.1181136680613668
G239988E52538N,0.11877828054298642
G243579E51536N,0.2544642857142857
G242379E52097N,0.19456066945606695
G241021E53134N,0.21825396825396826
G241511E51312N,0.2991183879093199
G241025E51701N,0.19290657439446368
G241182E52768N,0.2211751662971175
G240223E52650N,0.39215686274509803
G240121E52686N,0.25810580204778155
G243002E51837N,0.2192076605332332
G241182E52130N,0.2553191489361702
G239974E52810N,0.24636465324384788
G240480E52394N,0.24869383490073146
G242868E51898N,0.12106918238993711
G242073E51675N,0.49296536796536794
G239317E54092N,0.19164759725400457
G238615E54540N,0.4622222222222222
G243497E51616N,0.18468468468468469
G241053E52408N,0.17713239141810572
G241026E52502N,0.25187265917602997
G239475E53230N,0.145748987854251
G240089E52717N,0.4893483709273183
G242678E52527N,0.1259870782483848
G241126E51744N,0.21205962059620595
G242027E51573N,0.4204718417047184
G242114E51712N,0.39010282776349614
G241467E52608N,0.3154034229828851
G242543E50949N,0.10358796296296297
G242050E52183N,0.12417763157894737
G243523E51611N,0.47068511198945984
G241958E52295N,0.18528183716075156
G242657E52546N,0.11806797853309481
G242375E52202N,0.18389296956977963
G240951E52112N,0.19018817204301075
G242067E51554N,0.34680232558139534
G243624E51203N,0.23178137651821862
G242087E51653N,0.1633557457212714
G244700E50710N,0.19444444444444445
G241686E52601N,0.18220338983050846
G239692E52822N,0.311284046692607
G242640E51031N,0.22227036395147315
G240132E52688N,0.19287833827893175
G242370E52136N,0.2143324607329843
G243434E50635N,0.47171945701357465
G239699E52843N,0.17847124824684432
G240075E52585N,0.1049168975069252
G243221E52033N,0.11185383244206773
G241300E52171N,0.23878923766816143
G240683E53185N,0.28189066059225515
G242180E51661N,0.12566489361702127
G241920E52410N,0.17735277930654925
G239868E52883N,0.22341211225997046
G240290E52682N,0.20035460992907803
G241725E52350N,0.3961352657004831
G241741E51969N,0.1425054704595186
G240150E52813N,0.1733983286908078
G241808E50638N,0.18864468864468864
G241350E51512N,0.46834763948497854
G242653E50401N,0.27
G241637E50892N,0.18686868686868688
G242148E51739N,0.26699882766705746
G243803E51291N,0.3490566037735849
G242365E52089N,0.12730627306273062
G242050E51794N,0.13901869158878505
G240303E52710N,0.1185747663551402
G243502E51250N,0.15550239234449761
G242455E51362N,0.15402843601895735
G240151E52582N,0.2375776397515528
G241190E52327N,0.1094224924012158
G243125E50612N,0.11833333333333333
G241274E51530N,0.29573170731707316
G243463E50418N,0.10443037974683544
G239412E54128N,0.2616525423728814
G242208E52074N,0.22487745098039216
G242730E50929N,0.41813509544787075
G242579E50904N,0.20977011494252873
G241043E52182N,0.11732124874118832
G239871E52973N,0.14095744680851063
G241666E52609N,0.20642857142857143
G243297E50677N,0.16019417475728157
G243340E50305N,0.12473903966597077
G242367E52279N,0.2868942731277533
G242531E52130N,0.22529575504523314
G240252E52756N,0.13043052837573385
G241381E51316N,0.2442159383033419
G241476E52599N,0.17551813471502592
G241030E53243N,0.25152594099694814
G243549E51544N,0.1141732283464567
G243278E50679N,0.13875598086124402
G243112E51724N,0.18382572366457775
G240376E52455N,0.19827586206896552
G239975E52554N,0.16129032258064516
G242025E51302N,0.13345410628019325
G238569E54550N,0.38511749347258484
G241163E52759N,0.2102076124567474
G242130E52179N,0.20211458872219348
G242190E51726N,0.33258527827648116
G239248E52906N,0.20089285714285715
G242106E51564N,0.25529465930018413
G241966E51097N,0.3174119241192412
G242179E52135N,0.13694444444444445
G241895E51353N,0.1340057636887608
G242377E52279N,0.15625
G242069E51722N,0.14261285909712723
G242875E51976N,0.10591958302308264
G241686E52637N,0.16024340770791076
G239467E53148N,0.29677287581699346
G241733E52410N,0.21942446043165467
G243309E50532N,0.3467048710601719
G242717E52065N,0.1998069498069498
G240918E53279N,0.19539249146757678
G242731E52135N,0.13770277829573
G242384E52120N,0.12973186119873817
G242841E50112N,0.1532567049808429
G242586E52320N,0.16367713004484305
G239984E52579N,0.3142023346303502
G243191E50410N,0.12652439024390244
G243948E51601N,0.31972477064220184
G243428E51596N,0.25
G243202E51733N,0.24431818181818182
G240745E53184N,0.10864825581395349
G240883E53110N,0.1283941947565543
G241984E51296N,0.18253968253968253
G242196E51590N,0.2175925925925926
G242849E52132N,0.276431718061674
G241934E51636N,0.12041564792176039
G240015E52745N,0.20462478184991273
G242360E52198N,0.108502538071066
G240478E53192N,0.14945652173913043
G241982E52411N,0.10986653956148713
G241757E51786N,0.14620535714285715
G243513E51574N,0.5215633423180593
G240155E52698N,0.1361111111111111
G242143E52345N,0.1614785992217899
G242430E52000N,0.21065259117082533
G240447E52668N,0.10374493927125505
G241156E51718N,0.3309608540925267
G240003E52575N,0.19360675512665862
G242184E52256N,0.13640552995391705
G241041E52025N,0.10090361445783133
G241843E50551N,0.1648471615720524
G242005E51646N,0.17088014981273408
G241119E51731N,0.21285140562248997
G242200E52109N,0.30622489959839355
G243192E50428N,0.25098039215686274
G239587E52950N,0.27815315315315314
G241711E52326N,0.16195652173913044
G240923E53092N,0.12931034482758622
G242396E52216N,0.12318181818181818
G241891E51721N,0.24367977528089887
G242011E51510N,0.1144400785854617
G242408E51908N,0.17976939203354297
G240677E53205N,0.3693790149892934
G238867E54421N,0.27007450331125826
G239400E53061N,0.4283826638477801
G240108E52720N,0.32421875
G239808E52894N,0.13877462654254166
G239391E54193N,0.1958092485549133
G242850E51031N,0.2075371549893843
G242062E51702N,0.11842105263157894
G239689E52765N,0.2471264367816092
G239881E52962N,0.14805825242718446
G242747E52005N,0.16748366013071894
G241247E52746N,0.125
G243194E50773N,0.10126582278481013
G242484E52125N,0.15655144694533762
G242450E51216N,0.1015625
G241280E52166N,0.32915057915057916
G238550E54569N,0.480625
G240629E53148N,0.3557981927710843
G242110E52320N,0.1232876712328767
G242148E52279N,0.13802083333333334
G240336E52489N,0.4126315789473684
G242276E51088N,0.1372093023255814
G240477E53185N,0.18303571428571427
G242304E51084N,0.10406976744186046
G238862E54405N,0.42653508771929827
G239904E52561N,0.21206467661691542
G240394E52461N,0.12696850393700787
G242711E52106N,0.21413934426229508
G242768E52000N,0.13787185354691076
G239661E52855N,0.29253246753246753
G243415E51723N,0.25699745547073793
G240035E52584N,0.2948717948717949
G242562E51232N,0.2031095755182626
G239810E52931N,0.20556478405315615
G239842E52948N,0.1675946547884187
G241151E53178N,0.10654596100278552
G242719E52168N,0.1049519586104952
G240014E52732N,0.1683087027914614
G242011E52051N,0.11977715877437325
G241747E52635N,0.26677316293929715
G239539E53028N,0.2922835990888383
G241113E51755N,0.11172566371681415
G240498E52365N,0.1481113320079523
G239934E52557N,0.23899848254931716
G241432E51208N,0.1629032258064516
G239451E54131N,0.1834016393442623
G240892E53253N,0.1202127659574468
G239442E53166N,0.11206896551724138
G243012E50815N,0.2557565789473684
G240604E52239N,0.3258655804480652
G239413E54207N,0.20569620253164558
G242112E51538N,0.19205729166666666
G243317E50476N,0.1058648111332008
G241939E51652N,0.2401685393258427
G242025E52235N,0.11702127659574468
G242410E52146N,0.24678377041068777
G241021E52343N,0.12885802469135801
G242165E51040N,0.1395864106351551
G241177E52334N,0.1216012084592145
G242017E51835N,0.3371794871794872
G239532E53125N,0.1327054794520548
G242361E52161N,0.1836734693877551
G241143E52149N,0.32416666666666666
G241862E51748N,0.11916666666666667
G243363E50434N,0.18949771689497716
G241750E51772N,0.21
G243206E50431N,0.18996415770609318
G242546E51155N,0.10279187817258884
G242339E52094N,0.17864372469635628
G239368E54177N,0.2720125786163522
G239696E52865N,0.23898858075040783
G242234E52184N,0.12335136963138316
G242623E51136N,0.27408256880733944
G241449E51260N,0.16003460207612458
G241019E52158N,0.2157258064516129
G241792E50708N,0.10256410256410256
G242961E51876N,0.35
G243084E50769N,0.11088154269972451
G242214E52160N,0.23328690807799443
G242701E52562N,0.15829145728643215
G243392E51735N,0.47585978835978837
G244705E50720N,0.11272321428571429
G242614E50964N,0.10017421602787456
G243471E50218N,0.3498542274052478
G242263E51534N,0.2683982683982684
G242613E50908N,0.2735361653272101
G244040E51479N,0.10147849462365591
G240497E52282N,0.22115384615384615
G241903E51887N,0.23748696558915536
G242073E51459N,0.15393794749403342
G240291E52568N,0.21953405017921146
G241471E51263N,0.20577544426494346
G242059E51825N,0.3190217391304348
G239976E52916N,0.1076478149100257
G242079E51772N,0.2882231404958678
G239651E54058N,0.12964989059080964
G239447E53036N,0.267578125
G242038E51277N,0.24693548387096775
G239841E52746N,0.11506622516556292
G242614E52109N,0.20013623978201636
G239662E52782N,0.2981870229007634
G243411E51592N,0.2740656851642129
G243210E51703N,0.14463350785340315
G241177E52087N,0.1181592039800995
G240294E52763N,0.12450826121164438
G240091E52723N,0.5438775510204081
G242496E51337N,0.15485074626865672
G242548E51095N,0.16829268292682928
G242240E52047N,0.24261603375527427
G242514E52035N,0.10540704738760631
G242003E52295N,0.21998355263157895
G240047E52575N,0.6026315789473684
G238614E54565N,0.27245145631067963
G241149E53196N,0.18141592920353983
G242876E52121N,0.304
G241165E52166N,0.11432325886990802
G242200E52278N,0.1204906204906205
G243390E51562N,0.21875
G242289E51427N,0.1252962085308057
G242020E51406N,0.10207100591715976
G240281E52532N,0.24692622950819673
G240059E52606N,0.14176570458404075
G243402E51549N,0.26501766784452296
G242637E51070N,0.12289992695398101
G241013E51684N,0.1871401151631478
G241774E52371N,0.4386792452830189
G239484E53002N,0.22045919859608074
G239856E52925N,0.2623015873015873
G243112E50779N,0.15665064102564102
G241660E52629N,0.3010033444816054
G242745E50898N,0.18713163064833005
G240236E52632N,0.12324649298597194
G243112E50765N,0.13038793103448276
G240971E53141N,0.4123505976095618
G241892E51874N,0.15770862800565771
G240632E52313N,0.36966987620357633
G242143E52208N,0.1289544235924933
G243579E51563N,0.289969450101833
G240084E52591N,0.1952054794520548
G239740E53167N,0.1301169590643275
G242571E50958N,0.12391304347826088
G243541E51573N,0.18451327433628317
G239472E54146N,0.10248815165876778
G239709E53123N,0.3120253164556962
G240534E53469N,0.1111111111111111
G243616E51514N,0.43089053803339517
G243210E50410N,0.12130062305295951
G240410E52652N,0.24536082474226803
G241789E51753N,0.31623376623376626
G241735E52308N,0.30466472303207
G240240E52785N,0.17836378737541528
G239531E53057N,0.2700617283950617
G241003E51699N,0.15265237020316028
G239816E52949N,0.1868836291913215
G243063E50807N,0.23398305084745763
G240657E52314N,0.26904761904761904
G243313E50484N,0.25822091062394603
G242381E51918N,0.19206680584551147
G241986E52250N,0.14590163934426228
G242674E51051N,0.16085271317829458
G243458E50611N,0.3249669749009247
G241373E51310N,0.15894039735099338
G242232E51040N,0.19094202898550725
G239910E52872N,0.2261904761904762
G243411E51640N,0.2776639344262295
G243567E50457N,0.1773843930635838
G243618E51551N,0.428
G239810E52507N,0.19181034482758622
G241962E51648N,0.2458904109589041
G239425E53044N,0.38535353535353534
G242154E52224N,0.17458587619877944
G241512E51219N,0.1810344827586207
G242025E52219N,0.4515817901234568
G239901E52770N,0.1928294573643411
G242259E51026N,0.1565082644628099
G241785E50696N,0.14943609022556392
G239953E52811N,0.43227091633466136
G239478E52955N,0.3535242290748899
G242091E51445N,0.10168650793650794
G241998E52202N,0.4093551797040169
G239894E53005N,0.2701612903225806
G240293E53248N,0.36419753086419754
G242066E51780N,0.17515673981191224
G241819E51863N,0.2484700122399021
G239446E53148N,0.22815533980582525
G242146E51293N,0.1014799154334038
G241686E52660N,0.10354223433242507
G239649E53104N,0.14767441860465116
G241746E50756N,0.34983766233766234
G242517E52366N,0.10956416464891042
G239447E52985N,0.19532554257095158
G243934E51591N,0.16071428571428573
G243188E51674N,0.12896405919661733
G243042E51785N,0.22083333333333333
G242218E51721N,0.4097826086956522
G242188E52296N,0.10150375939849623
G242669E50409N,0.35175879396984927
G242098E51751N,0.2769581545064378
G243040E51703N,0.4938650306748466
G242301E51540N,0.4452908587257618
G241752E50841N,0.24004424778761063
G242473E50963N,0.20073529411764707
G239597E52954N,0.31516587677725116
G242892E50873N,0.22897897897897898
G239501E52967N,0.21806569343065693
G242841E51838N,0.11595547309833024
G242051E52138N,0.2644230769230769
G239910E52973N,0.2481549815498155
G242558E51281N,0.19875776397515527
G240419E52668N,0.1552999178307313
G242162E51594N,0.1349938499384994
G240443E52407N,0.38734177215189874
G239451E52965N,0.11300919842312747
G241130E51650N,0.20632798573975045
G241074E52450N,0.11120401337792642
G241005E51877N,0.12212389380530973
G239760E52928N,0.20934190620272314
G243303E50460N,0.33482142857142855
G242896E51909N,0.18499816378993758
G242959E50940N,0.3446691176470588
G243034E51717N,0.5250154416306362
G243224E50415N,0.1875
G243155E51751N,0.22878359264497877
G242742E50911N,0.10421994884910486
G242471E51192N,0.17510775862068967
G240996E51675N,0.23890784982935154
G243501E50404N,0.16168478260869565
G241281E51290N,0.14614243323442136
G240130E52664N,0.1819672131147541
G240976E53192N,0.30589123867069484
G241215E52314N,0.1093205574912892
G242081E51302N,0.1787305122494432
G240992E53203N,0.2634961439588689
G239539E52976N,0.27233676975945015
G240221E52635N,0.1820469798657718
G243177E51753N,0.25801282051282054
G242607E51899N,0.29555555555555557
G239564E52964N,0.15669014084507044
G241063E52202N,0.35
G242738E50827N,0.19936708860759494
G240431E52424N,0.20063694267515925
G239789E53954N,0.37585812356979403
G243164E51662N,0.24402810304449649
G239669E53095N,0.24
G243196E50743N,0.34130634774609014
G240611E53377N,0.1408479412963718
G239422E53026N,0.114321608040201
G240489E53204N,0.14473684210526316
G241042E52380N,0.11417816813048934
G240244E52815N,0.10868506493506494
G240622E52228N,0.24118589743589744
G239380E53069N,0.20348837209302326
G241268E52183N,0.13155430711610486
G240350E52703N,0.1031611148878314
G240543E53417N,0.1805409939190606
G239170E52990N,0.1279491833030853
G240406E52402N,0.15834348355663824
G239948E52526N,0.19722222222222222
G240996E53122N,0.3379694019471488
G241797E51779N,0.2933823529411765
G242954E51919N,0.15367044738500316
G239410E52713N,0.2692307692307692
G241084E52402N,0.16253644314868804
G241708E52648N,0.10923423423423423
G243441E51621N,0.4142857142857143
G242443E52119N,0.16121495327102803
G241449E51226N,0.18775100401606426
G240642E53204N,0.10144927536231885
G239934E52899N,0.2980769230769231
G241770E50758N,0.3333333333333333
G241006E53149N,0.29121725731895226
G241424E51304N,0.2061818181818182
G242206E52083N,0.4095528455284553
G241896E50549N,0.20603448275862069
G243566E51634N,0.2078125
G243050E50626N,0.1787709497206704
G241844E52394N,0.213905325443787
G241982E51746N,0.24849397590361447
G240812E53193N,0.2116788321167883
G242247E51466N,0.11352941176470588
G240378E52382N,0.20421686746987952
G242199E52051N,0.13194444444444445
G243338E50494N,0.11219879518072289
G242634E51104N,0.15472175379426645
G242931E51949N,0.16644736842105262
G243477E51641N,0.7477134146341463
G242066E51270N,0.30724299065420563
G241705E51930N,0.11468646864686469
G241899E51711N,0.2025586353944563
G240036E52529N,0.22833723653395785
G240476E52790N,0.21625107480653483
G240757E53165N,0.1346153846153846
G242041E52462N,0.2708333333333333
G239532E53171N,0.22103004291845493
G242510E51064N,0.2215547703180212
G243446E51658N,0.233451536643026
G244091E51432N,0.14140534262485482
G241954E51753N,0.2601931330472103
G243395E51673N,0.10572139303482588
G239704E52784N,0.287746806039489
G242476E51349N,0.12399193548387097
G240053E52554N,0.16548881036513546
G240981E52510N,0.10551663747810858
G240317E52719N,0.12696678321678323
G240876E53296N,0.1453020134228188
G238318E45382N,0.11846689895470383
