system:index,count,mean,name,stdDev,subregionOf,year,.geo
0_00000000000000000001,114287,194.72469641894847,alaskaRange,4.162302777550897,northAmerica,2002.0,"{""type"":""Polygon"",""coordinates"":[[[-142.69559869497132,63.658576890554436],[-147.52958311191153,64.12271798795739],[-155.6155207040104,62.34209439983524],[-154.82450508970584,59.61513665231871],[-152.7151300766197,59.615136623340106],[-151.39677069111144,60.96524980420053],[-151.4846612750807,62.17845808075143],[-148.1448175845232,63.26589949552079],[-144.2776299416444,62.947860195816155],[-142.69559869497132,63.658576890554436]]]}"
0_00000000000000000002,114118,194.70102863208135,coastNorth,5.470299440077699,northAmerica,2002.0,"{""type"":""Polygon"",""coordinates"":[[[-150.95731748305514,59.07741924376406],[-148.05692687971768,59.792488943975286],[-147.26591140896588,60.87982165954488],[-144.01395814088096,60.05675973326158],[-142.08036437067173,59.924887421047],[-138.5647394417443,58.986969984821016],[-136.71903630928452,58.06931384768346],[-134.4816074077718,56.21348849007009],[-134.78544252843844,58.34713473418922],[-135.4446222416414,59.19014660690132],[-136.3159854782398,59.4203774653748],[-136.6253127318002,59.74517347635442],[-136.91679019482007,59.88081310313772],[-136.91679024245983,60.525002379261714],[-140.7880854665634,62.111220063119326],[-143.24902298466066,62.701503904112265],[-149.37939403802804,62.254769051975366],[-149.15966741919016,61.43576106518889],[-149.88476507908354,60.55148747169202],[-151.88427686283785,59.29634124249106],[-150.95731748305514,59.07741924376406]]]}"
0_00000000000000000003,96051,197.33523391362667,coastSouth,5.192556835028435,northAmerica,2002.0,"{""type"":""Polygon"",""coordinates"":[[[-133.2782989996175,56.80493643199192],[-130.33396313526515,55.10775609165685],[-130.42185367252972,54.115287634622916],[-127.21384593006563,51.23904791498195],[-123.56638493970132,49.21526220973648],[-121.14939280876122,49.415795278669094],[-121.72068186474563,50.824500515972744],[-125.36814273714766,52.27269291983206],[-126.94889528196218,53.80376949343217],[-126.33453717507061,55.564666185931564],[-126.81793551293563,56.576417568071385],[-128.4658847739345,57.58536845107009],[-131.68044159400736,58.13457891001171],[-133.3503633909476,59.095719556845616],[-135.0422579271946,60.01968175432444],[-136.25075407625658,60.27942497747531],[-136.6990690933612,59.8427222644708],[-136.49582187800283,59.65176252258751],[-136.3447598343445,59.44435373297306],[-135.94925210140013,59.41781374208707],[-135.44042251571287,59.22686417965966],[-134.79222918448076,58.355946709594214],[-133.2782989996175,56.80493643199192]]]}"
0_00000000000000000004,16866,197.27568655643194,interiorNorth,3.4075014324180826,northAmerica,2002.0,"{""type"":""Polygon"",""coordinates"":[[[-125.78851588947568,62.43386310228569],[-130.1830471539296,65.00048607099345],[-133.3471097882411,64.8888229349521],[-127.01898467392469,56.924285665026815],[-123.10785197460164,57.13950927662316],[-125.78851588947568,62.43386310228569]]]}"
0_00000000000000000005,30940,197.19157442712674,interiorSouth,2.217690752750658,northAmerica,2002.0,"{""type"":""Polygon"",""coordinates"":[[[-117.86198040610651,53.54658015284136],[-121.81705857133142,55.20997693940518],[-122.43229293599396,54.117130845973364],[-109.24869921644746,41.844692424458984],[-109.10805103639578,45.17589845079466],[-114.52213665245216,50.29608344354586],[-117.86198040610651,53.54658015284136]]]}"
1_00000000000000000001,115707,196.30035069887342,alaskaRange,4.657617058511163,northAmerica,2003.0,"{""type"":""Polygon"",""coordinates"":[[[-142.69559869497132,63.658576890554436],[-147.52958311191153,64.12271798795739],[-155.6155207040104,62.34209439983524],[-154.82450508970584,59.61513665231871],[-152.7151300766197,59.615136623340106],[-151.39677069111144,60.96524980420053],[-151.4846612750807,62.17845808075143],[-148.1448175845232,63.26589949552079],[-144.2776299416444,62.947860195816155],[-142.69559869497132,63.658576890554436]]]}"
1_00000000000000000002,111190,196.3470311378651,coastNorth,5.817198604511538,northAmerica,2003.0,"{""type"":""Polygon"",""coordinates"":[[[-150.95731748305514,59.07741924376406],[-148.05692687971768,59.792488943975286],[-147.26591140896588,60.87982165954488],[-144.01395814088096,60.05675973326158],[-142.08036437067173,59.924887421047],[-138.5647394417443,58.986969984821016],[-136.71903630928452,58.06931384768346],[-134.4816074077718,56.21348849007009],[-134.78544252843844,58.34713473418922],[-135.4446222416414,59.19014660690132],[-136.3159854782398,59.4203774653748],[-136.6253127318002,59.74517347635442],[-136.91679019482007,59.88081310313772],[-136.91679024245983,60.525002379261714],[-140.7880854665634,62.111220063119326],[-143.24902298466066,62.701503904112265],[-149.37939403802804,62.254769051975366],[-149.15966741919016,61.43576106518889],[-149.88476507908354,60.55148747169202],[-151.88427686283785,59.29634124249106],[-150.95731748305514,59.07741924376406]]]}"
1_00000000000000000003,97669,199.31086377346307,coastSouth,5.581466837678972,northAmerica,2003.0,"{""type"":""Polygon"",""coordinates"":[[[-133.2782989996175,56.80493643199192],[-130.33396313526515,55.10775609165685],[-130.42185367252972,54.115287634622916],[-127.21384593006563,51.23904791498195],[-123.56638493970132,49.21526220973648],[-121.14939280876122,49.415795278669094],[-121.72068186474563,50.824500515972744],[-125.36814273714766,52.27269291983206],[-126.94889528196218,53.80376949343217],[-126.33453717507061,55.564666185931564],[-126.81793551293563,56.576417568071385],[-128.4658847739345,57.58536845107009],[-131.68044159400736,58.13457891001171],[-133.3503633909476,59.095719556845616],[-135.0422579271946,60.01968175432444],[-136.25075407625658,60.27942497747531],[-136.6990690933612,59.8427222644708],[-136.49582187800283,59.65176252258751],[-136.3447598343445,59.44435373297306],[-135.94925210140013,59.41781374208707],[-135.44042251571287,59.22686417965966],[-134.79222918448076,58.355946709594214],[-133.2782989996175,56.80493643199192]]]}"
1_00000000000000000004,16866,200.37390035848003,interiorNorth,4.089924779379065,northAmerica,2003.0,"{""type"":""Polygon"",""coordinates"":[[[-125.78851588947568,62.43386310228569],[-130.1830471539296,65.00048607099345],[-133.3471097882411,64.8888229349521],[-127.01898467392469,56.924285665026815],[-123.10785197460164,57.13950927662316],[-125.78851588947568,62.43386310228569]]]}"
1_00000000000000000005,30910,198.61653800965328,interiorSouth,4.2606158877945655,northAmerica,2003.0,"{""type"":""Polygon"",""coordinates"":[[[-117.86198040610651,53.54658015284136],[-121.81705857133142,55.20997693940518],[-122.43229293599396,54.117130845973364],[-109.24869921644746,41.844692424458984],[-109.10805103639578,45.17589845079466],[-114.52213665245216,50.29608344354586],[-117.86198040610651,53.54658015284136]]]}"
2_00000000000000000001,115781,195.28024850922753,alaskaRange,5.370682364305105,northAmerica,2004.0,"{""type"":""Polygon"",""coordinates"":[[[-142.69559869497132,63.658576890554436],[-147.52958311191153,64.12271798795739],[-155.6155207040104,62.34209439983524],[-154.82450508970584,59.61513665231871],[-152.7151300766197,59.615136623340106],[-151.39677069111144,60.96524980420053],[-151.4846612750807,62.17845808075143],[-148.1448175845232,63.26589949552079],[-144.2776299416444,62.947860195816155],[-142.69559869497132,63.658576890554436]]]}"
2_00000000000000000002,132463,195.96575551990549,coastNorth,6.58419295448643,northAmerica,2004.0,"{""type"":""Polygon"",""coordinates"":[[[-150.95731748305514,59.07741924376406],[-148.05692687971768,59.792488943975286],[-147.26591140896588,60.87982165954488],[-144.01395814088096,60.05675973326158],[-142.08036437067173,59.924887421047],[-138.5647394417443,58.986969984821016],[-136.71903630928452,58.06931384768346],[-134.4816074077718,56.21348849007009],[-134.78544252843844,58.34713473418922],[-135.4446222416414,59.19014660690132],[-136.3159854782398,59.4203774653748],[-136.6253127318002,59.74517347635442],[-136.91679019482007,59.88081310313772],[-136.91679024245983,60.525002379261714],[-140.7880854665634,62.111220063119326],[-143.24902298466066,62.701503904112265],[-149.37939403802804,62.254769051975366],[-149.15966741919016,61.43576106518889],[-149.88476507908354,60.55148747169202],[-151.88427686283785,59.29634124249106],[-150.95731748305514,59.07741924376406]]]}"
2_00000000000000000003,105659,197.8196426652797,coastSouth,5.028011857847916,northAmerica,2004.0,"{""type"":""Polygon"",""coordinates"":[[[-133.2782989996175,56.80493643199192],[-130.33396313526515,55.10775609165685],[-130.42185367252972,54.115287634622916],[-127.21384593006563,51.23904791498195],[-123.56638493970132,49.21526220973648],[-121.14939280876122,49.415795278669094],[-121.72068186474563,50.824500515972744],[-125.36814273714766,52.27269291983206],[-126.94889528196218,53.80376949343217],[-126.33453717507061,55.564666185931564],[-126.81793551293563,56.576417568071385],[-128.4658847739345,57.58536845107009],[-131.68044159400736,58.13457891001171],[-133.3503633909476,59.095719556845616],[-135.0422579271946,60.01968175432444],[-136.25075407625658,60.27942497747531],[-136.6990690933612,59.8427222644708],[-136.49582187800283,59.65176252258751],[-136.3447598343445,59.44435373297306],[-135.94925210140013,59.41781374208707],[-135.44042251571287,59.22686417965966],[-134.79222918448076,58.355946709594214],[-133.2782989996175,56.80493643199192]]]}"
2_00000000000000000004,16866,196.94982562619137,interiorNorth,3.849165299560693,northAmerica,2004.0,"{""type"":""Polygon"",""coordinates"":[[[-125.78851588947568,62.43386310228569],[-130.1830471539296,65.00048607099345],[-133.3471097882411,64.8888229349521],[-127.01898467392469,56.924285665026815],[-123.10785197460164,57.13950927662316],[-125.78851588947568,62.43386310228569]]]}"
2_00000000000000000005,30934,199.4536459289518,interiorSouth,3.8386979352548303,northAmerica,2004.0,"{""type"":""Polygon"",""coordinates"":[[[-117.86198040610651,53.54658015284136],[-121.81705857133142,55.20997693940518],[-122.43229293599396,54.117130845973364],[-109.24869921644746,41.844692424458984],[-109.10805103639578,45.17589845079466],[-114.52213665245216,50.29608344354586],[-117.86198040610651,53.54658015284136]]]}"
3_00000000000000000001,116827,195.35629433914096,alaskaRange,4.2882413105352235,northAmerica,2005.0,"{""type"":""Polygon"",""coordinates"":[[[-142.69559869497132,63.658576890554436],[-147.52958311191153,64.12271798795739],[-155.6155207040104,62.34209439983524],[-154.82450508970584,59.61513665231871],[-152.7151300766197,59.615136623340106],[-151.39677069111144,60.96524980420053],[-151.4846612750807,62.17845808075143],[-148.1448175845232,63.26589949552079],[-144.2776299416444,62.947860195816155],[-142.69559869497132,63.658576890554436]]]}"
3_00000000000000000002,128116,195.70402488643643,coastNorth,5.803709355908195,northAmerica,2005.0,"{""type"":""Polygon"",""coordinates"":[[[-150.95731748305514,59.07741924376406],[-148.05692687971768,59.792488943975286],[-147.26591140896588,60.87982165954488],[-144.01395814088096,60.05675973326158],[-142.08036437067173,59.924887421047],[-138.5647394417443,58.986969984821016],[-136.71903630928452,58.06931384768346],[-134.4816074077718,56.21348849007009],[-134.78544252843844,58.34713473418922],[-135.4446222416414,59.19014660690132],[-136.3159854782398,59.4203774653748],[-136.6253127318002,59.74517347635442],[-136.91679019482007,59.88081310313772],[-136.91679024245983,60.525002379261714],[-140.7880854665634,62.111220063119326],[-143.24902298466066,62.701503904112265],[-149.37939403802804,62.254769051975366],[-149.15966741919016,61.43576106518889],[-149.88476507908354,60.55148747169202],[-151.88427686283785,59.29634124249106],[-150.95731748305514,59.07741924376406]]]}"
3_00000000000000000003,102141,198.48975116685216,coastSouth,4.858708211157834,northAmerica,2005.0,"{""type"":""Polygon"",""coordinates"":[[[-133.2782989996175,56.80493643199192],[-130.33396313526515,55.10775609165685],[-130.42185367252972,54.115287634622916],[-127.21384593006563,51.23904791498195],[-123.56638493970132,49.21526220973648],[-121.14939280876122,49.415795278669094],[-121.72068186474563,50.824500515972744],[-125.36814273714766,52.27269291983206],[-126.94889528196218,53.80376949343217],[-126.33453717507061,55.564666185931564],[-126.81793551293563,56.576417568071385],[-128.4658847739345,57.58536845107009],[-131.68044159400736,58.13457891001171],[-133.3503633909476,59.095719556845616],[-135.0422579271946,60.01968175432444],[-136.25075407625658,60.27942497747531],[-136.6990690933612,59.8427222644708],[-136.49582187800283,59.65176252258751],[-136.3447598343445,59.44435373297306],[-135.94925210140013,59.41781374208707],[-135.44042251571287,59.22686417965966],[-134.79222918448076,58.355946709594214],[-133.2782989996175,56.80493643199192]]]}"
3_00000000000000000004,16866,197.28584781342659,interiorNorth,2.9255372959945483,northAmerica,2005.0,"{""type"":""Polygon"",""coordinates"":[[[-125.78851588947568,62.43386310228569],[-130.1830471539296,65.00048607099345],[-133.3471097882411,64.8888229349521],[-127.01898467392469,56.924285665026815],[-123.10785197460164,57.13950927662316],[-125.78851588947568,62.43386310228569]]]}"
3_00000000000000000005,30948,197.059914347423,interiorSouth,3.135401456974554,northAmerica,2005.0,"{""type"":""Polygon"",""coordinates"":[[[-117.86198040610651,53.54658015284136],[-121.81705857133142,55.20997693940518],[-122.43229293599396,54.117130845973364],[-109.24869921644746,41.844692424458984],[-109.10805103639578,45.17589845079466],[-114.52213665245216,50.29608344354586],[-117.86198040610651,53.54658015284136]]]}"
4_00000000000000000001,116248,196.15060024549507,alaskaRange,5.219429163950768,northAmerica,2006.0,"{""type"":""Polygon"",""coordinates"":[[[-142.69559869497132,63.658576890554436],[-147.52958311191153,64.12271798795739],[-155.6155207040104,62.34209439983524],[-154.82450508970584,59.61513665231871],[-152.7151300766197,59.615136623340106],[-151.39677069111144,60.96524980420053],[-151.4846612750807,62.17845808075143],[-148.1448175845232,63.26589949552079],[-144.2776299416444,62.947860195816155],[-142.69559869497132,63.658576890554436]]]}"
4_00000000000000000002,127789,196.21283517422484,coastNorth,5.7957335135727535,northAmerica,2006.0,"{""type"":""Polygon"",""coordinates"":[[[-150.95731748305514,59.07741924376406],[-148.05692687971768,59.792488943975286],[-147.26591140896588,60.87982165954488],[-144.01395814088096,60.05675973326158],[-142.08036437067173,59.924887421047],[-138.5647394417443,58.986969984821016],[-136.71903630928452,58.06931384768346],[-134.4816074077718,56.21348849007009],[-134.78544252843844,58.34713473418922],[-135.4446222416414,59.19014660690132],[-136.3159854782398,59.4203774653748],[-136.6253127318002,59.74517347635442],[-136.91679019482007,59.88081310313772],[-136.91679024245983,60.525002379261714],[-140.7880854665634,62.111220063119326],[-143.24902298466066,62.701503904112265],[-149.37939403802804,62.254769051975366],[-149.15966741919016,61.43576106518889],[-149.88476507908354,60.55148747169202],[-151.88427686283785,59.29634124249106],[-150.95731748305514,59.07741924376406]]]}"
4_00000000000000000003,91978,197.55378090274405,coastSouth,5.557830629819701,northAmerica,2006.0,"{""type"":""Polygon"",""coordinates"":[[[-133.2782989996175,56.80493643199192],[-130.33396313526515,55.10775609165685],[-130.42185367252972,54.115287634622916],[-127.21384593006563,51.23904791498195],[-123.56638493970132,49.21526220973648],[-121.14939280876122,49.415795278669094],[-121.72068186474563,50.824500515972744],[-125.36814273714766,52.27269291983206],[-126.94889528196218,53.80376949343217],[-126.33453717507061,55.564666185931564],[-126.81793551293563,56.576417568071385],[-128.4658847739345,57.58536845107009],[-131.68044159400736,58.13457891001171],[-133.3503633909476,59.095719556845616],[-135.0422579271946,60.01968175432444],[-136.25075407625658,60.27942497747531],[-136.6990690933612,59.8427222644708],[-136.49582187800283,59.65176252258751],[-136.3447598343445,59.44435373297306],[-135.94925210140013,59.41781374208707],[-135.44042251571287,59.22686417965966],[-134.79222918448076,58.355946709594214],[-133.2782989996175,56.80493643199192]]]}"
4_00000000000000000004,16866,196.54888217950443,interiorNorth,3.868274410446056,northAmerica,2006.0,"{""type"":""Polygon"",""coordinates"":[[[-125.78851588947568,62.43386310228569],[-130.1830471539296,65.00048607099345],[-133.3471097882411,64.8888229349521],[-127.01898467392469,56.924285665026815],[-123.10785197460164,57.13950927662316],[-125.78851588947568,62.43386310228569]]]}"
4_00000000000000000005,30948,195.07691840467095,interiorSouth,4.104937387436272,northAmerica,2006.0,"{""type"":""Polygon"",""coordinates"":[[[-117.86198040610651,53.54658015284136],[-121.81705857133142,55.20997693940518],[-122.43229293599396,54.117130845973364],[-109.24869921644746,41.844692424458984],[-109.10805103639578,45.17589845079466],[-114.52213665245216,50.29608344354586],[-117.86198040610651,53.54658015284136]]]}"
5_00000000000000000001,113751,198.1048863451528,alaskaRange,4.924943208063537,northAmerica,2007.0,"{""type"":""Polygon"",""coordinates"":[[[-142.69559869497132,63.658576890554436],[-147.52958311191153,64.12271798795739],[-155.6155207040104,62.34209439983524],[-154.82450508970584,59.61513665231871],[-152.7151300766197,59.615136623340106],[-151.39677069111144,60.96524980420053],[-151.4846612750807,62.17845808075143],[-148.1448175845232,63.26589949552079],[-144.2776299416444,62.947860195816155],[-142.69559869497132,63.658576890554436]]]}"
5_00000000000000000002,108245,197.6201450566643,coastNorth,5.621525182780199,northAmerica,2007.0,"{""type"":""Polygon"",""coordinates"":[[[-150.95731748305514,59.07741924376406],[-148.05692687971768,59.792488943975286],[-147.26591140896588,60.87982165954488],[-144.01395814088096,60.05675973326158],[-142.08036437067173,59.924887421047],[-138.5647394417443,58.986969984821016],[-136.71903630928452,58.06931384768346],[-134.4816074077718,56.21348849007009],[-134.78544252843844,58.34713473418922],[-135.4446222416414,59.19014660690132],[-136.3159854782398,59.4203774653748],[-136.6253127318002,59.74517347635442],[-136.91679019482007,59.88081310313772],[-136.91679024245983,60.525002379261714],[-140.7880854665634,62.111220063119326],[-143.24902298466066,62.701503904112265],[-149.37939403802804,62.254769051975366],[-149.15966741919016,61.43576106518889],[-149.88476507908354,60.55148747169202],[-151.88427686283785,59.29634124249106],[-150.95731748305514,59.07741924376406]]]}"
5_00000000000000000003,77418,199.11677137915112,coastSouth,5.5027703065910805,northAmerica,2007.0,"{""type"":""Polygon"",""coordinates"":[[[-133.2782989996175,56.80493643199192],[-130.33396313526515,55.10775609165685],[-130.42185367252972,54.115287634622916],[-127.21384593006563,51.23904791498195],[-123.56638493970132,49.21526220973648],[-121.14939280876122,49.415795278669094],[-121.72068186474563,50.824500515972744],[-125.36814273714766,52.27269291983206],[-126.94889528196218,53.80376949343217],[-126.33453717507061,55.564666185931564],[-126.81793551293563,56.576417568071385],[-128.4658847739345,57.58536845107009],[-131.68044159400736,58.13457891001171],[-133.3503633909476,59.095719556845616],[-135.0422579271946,60.01968175432444],[-136.25075407625658,60.27942497747531],[-136.6990690933612,59.8427222644708],[-136.49582187800283,59.65176252258751],[-136.3447598343445,59.44435373297306],[-135.94925210140013,59.41781374208707],[-135.44042251571287,59.22686417965966],[-134.79222918448076,58.355946709594214],[-133.2782989996175,56.80493643199192]]]}"
5_00000000000000000004,16866,197.81746963838503,interiorNorth,3.3835466835636585,northAmerica,2007.0,"{""type"":""Polygon"",""coordinates"":[[[-125.78851588947568,62.43386310228569],[-130.1830471539296,65.00048607099345],[-133.3471097882411,64.8888229349521],[-127.01898467392469,56.924285665026815],[-123.10785197460164,57.13950927662316],[-125.78851588947568,62.43386310228569]]]}"
5_00000000000000000005,30936,196.09440448268273,interiorSouth,3.516496264478233,northAmerica,2007.0,"{""type"":""Polygon"",""coordinates"":[[[-117.86198040610651,53.54658015284136],[-121.81705857133142,55.20997693940518],[-122.43229293599396,54.117130845973364],[-109.24869921644746,41.844692424458984],[-109.10805103639578,45.17589845079466],[-114.52213665245216,50.29608344354586],[-117.86198040610651,53.54658015284136]]]}"
6_00000000000000000001,111378,196.25066692156608,alaskaRange,6.65878737401722,northAmerica,2008.0,"{""type"":""Polygon"",""coordinates"":[[[-142.69559869497132,63.658576890554436],[-147.52958311191153,64.12271798795739],[-155.6155207040104,62.34209439983524],[-154.82450508970584,59.61513665231871],[-152.7151300766197,59.615136623340106],[-151.39677069111144,60.96524980420053],[-151.4846612750807,62.17845808075143],[-148.1448175845232,63.26589949552079],[-144.2776299416444,62.947860195816155],[-142.69559869497132,63.658576890554436]]]}"
6_00000000000000000002,107353,196.0497383934045,coastNorth,5.855990573620289,northAmerica,2008.0,"{""type"":""Polygon"",""coordinates"":[[[-150.95731748305514,59.07741924376406],[-148.05692687971768,59.792488943975286],[-147.26591140896588,60.87982165954488],[-144.01395814088096,60.05675973326158],[-142.08036437067173,59.924887421047],[-138.5647394417443,58.986969984821016],[-136.71903630928452,58.06931384768346],[-134.4816074077718,56.21348849007009],[-134.78544252843844,58.34713473418922],[-135.4446222416414,59.19014660690132],[-136.3159854782398,59.4203774653748],[-136.6253127318002,59.74517347635442],[-136.91679019482007,59.88081310313772],[-136.91679024245983,60.525002379261714],[-140.7880854665634,62.111220063119326],[-143.24902298466066,62.701503904112265],[-149.37939403802804,62.254769051975366],[-149.15966741919016,61.43576106518889],[-149.88476507908354,60.55148747169202],[-151.88427686283785,59.29634124249106],[-150.95731748305514,59.07741924376406]]]}"
6_00000000000000000003,90968,197.14346993149832,coastSouth,5.650077158546157,northAmerica,2008.0,"{""type"":""Polygon"",""coordinates"":[[[-133.2782989996175,56.80493643199192],[-130.33396313526515,55.10775609165685],[-130.42185367252972,54.115287634622916],[-127.21384593006563,51.23904791498195],[-123.56638493970132,49.21526220973648],[-121.14939280876122,49.415795278669094],[-121.72068186474563,50.824500515972744],[-125.36814273714766,52.27269291983206],[-126.94889528196218,53.80376949343217],[-126.33453717507061,55.564666185931564],[-126.81793551293563,56.576417568071385],[-128.4658847739345,57.58536845107009],[-131.68044159400736,58.13457891001171],[-133.3503633909476,59.095719556845616],[-135.0422579271946,60.01968175432444],[-136.25075407625658,60.27942497747531],[-136.6990690933612,59.8427222644708],[-136.49582187800283,59.65176252258751],[-136.3447598343445,59.44435373297306],[-135.94925210140013,59.41781374208707],[-135.44042251571287,59.22686417965966],[-134.79222918448076,58.355946709594214],[-133.2782989996175,56.80493643199192]]]}"
6_00000000000000000004,16846,199.54717616230212,interiorNorth,3.808950355901784,northAmerica,2008.0,"{""type"":""Polygon"",""coordinates"":[[[-125.78851588947568,62.43386310228569],[-130.1830471539296,65.00048607099345],[-133.3471097882411,64.8888229349521],[-127.01898467392469,56.924285665026815],[-123.10785197460164,57.13950927662316],[-125.78851588947568,62.43386310228569]]]}"
6_00000000000000000005,30942,198.46279297348548,interiorSouth,2.963329970599241,northAmerica,2008.0,"{""type"":""Polygon"",""coordinates"":[[[-117.86198040610651,53.54658015284136],[-121.81705857133142,55.20997693940518],[-122.43229293599396,54.117130845973364],[-109.24869921644746,41.844692424458984],[-109.10805103639578,45.17589845079466],[-114.52213665245216,50.29608344354586],[-117.86198040610651,53.54658015284136]]]}"
7_00000000000000000001,115199,192.8685239262377,alaskaRange,6.46162057835969,northAmerica,2009.0,"{""type"":""Polygon"",""coordinates"":[[[-142.69559869497132,63.658576890554436],[-147.52958311191153,64.12271798795739],[-155.6155207040104,62.34209439983524],[-154.82450508970584,59.61513665231871],[-152.7151300766197,59.615136623340106],[-151.39677069111144,60.96524980420053],[-151.4846612750807,62.17845808075143],[-148.1448175845232,63.26589949552079],[-144.2776299416444,62.947860195816155],[-142.69559869497132,63.658576890554436]]]}"
7_00000000000000000002,136211,192.5116445210484,coastNorth,6.369370121225552,northAmerica,2009.0,"{""type"":""Polygon"",""coordinates"":[[[-150.95731748305514,59.07741924376406],[-148.05692687971768,59.792488943975286],[-147.26591140896588,60.87982165954488],[-144.01395814088096,60.05675973326158],[-142.08036437067173,59.924887421047],[-138.5647394417443,58.986969984821016],[-136.71903630928452,58.06931384768346],[-134.4816074077718,56.21348849007009],[-134.78544252843844,58.34713473418922],[-135.4446222416414,59.19014660690132],[-136.3159854782398,59.4203774653748],[-136.6253127318002,59.74517347635442],[-136.91679019482007,59.88081310313772],[-136.91679024245983,60.525002379261714],[-140.7880854665634,62.111220063119326],[-143.24902298466066,62.701503904112265],[-149.37939403802804,62.254769051975366],[-149.15966741919016,61.43576106518889],[-149.88476507908354,60.55148747169202],[-151.88427686283785,59.29634124249106],[-150.95731748305514,59.07741924376406]]]}"
7_00000000000000000003,88053,197.24729226934252,coastSouth,5.132882299524335,northAmerica,2009.0,"{""type"":""Polygon"",""coordinates"":[[[-133.2782989996175,56.80493643199192],[-130.33396313526515,55.10775609165685],[-130.42185367252972,54.115287634622916],[-127.21384593006563,51.23904791498195],[-123.56638493970132,49.21526220973648],[-121.14939280876122,49.415795278669094],[-121.72068186474563,50.824500515972744],[-125.36814273714766,52.27269291983206],[-126.94889528196218,53.80376949343217],[-126.33453717507061,55.564666185931564],[-126.81793551293563,56.576417568071385],[-128.4658847739345,57.58536845107009],[-131.68044159400736,58.13457891001171],[-133.3503633909476,59.095719556845616],[-135.0422579271946,60.01968175432444],[-136.25075407625658,60.27942497747531],[-136.6990690933612,59.8427222644708],[-136.49582187800283,59.65176252258751],[-136.3447598343445,59.44435373297306],[-135.94925210140013,59.41781374208707],[-135.44042251571287,59.22686417965966],[-134.79222918448076,58.355946709594214],[-133.2782989996175,56.80493643199192]]]}"
7_00000000000000000004,16850,199.74880914529464,interiorNorth,4.1044274184837555,northAmerica,2009.0,"{""type"":""Polygon"",""coordinates"":[[[-125.78851588947568,62.43386310228569],[-130.1830471539296,65.00048607099345],[-133.3471097882411,64.8888229349521],[-127.01898467392469,56.924285665026815],[-123.10785197460164,57.13950927662316],[-125.78851588947568,62.43386310228569]]]}"
7_00000000000000000005,30872,197.96648856548597,interiorSouth,3.962543876733019,northAmerica,2009.0,"{""type"":""Polygon"",""coordinates"":[[[-117.86198040610651,53.54658015284136],[-121.81705857133142,55.20997693940518],[-122.43229293599396,54.117130845973364],[-109.24869921644746,41.844692424458984],[-109.10805103639578,45.17589845079466],[-114.52213665245216,50.29608344354586],[-117.86198040610651,53.54658015284136]]]}"
8_00000000000000000001,111751,195.28645458697386,alaskaRange,4.760449521997336,northAmerica,2010.0,"{""type"":""Polygon"",""coordinates"":[[[-142.69559869497132,63.658576890554436],[-147.52958311191153,64.12271798795739],[-155.6155207040104,62.34209439983524],[-154.82450508970584,59.61513665231871],[-152.7151300766197,59.615136623340106],[-151.39677069111144,60.96524980420053],[-151.4846612750807,62.17845808075143],[-148.1448175845232,63.26589949552079],[-144.2776299416444,62.947860195816155],[-142.69559869497132,63.658576890554436]]]}"
8_00000000000000000002,115588,197.4719514749456,coastNorth,5.696975069888247,northAmerica,2010.0,"{""type"":""Polygon"",""coordinates"":[[[-150.95731748305514,59.07741924376406],[-148.05692687971768,59.792488943975286],[-147.26591140896588,60.87982165954488],[-144.01395814088096,60.05675973326158],[-142.08036437067173,59.924887421047],[-138.5647394417443,58.986969984821016],[-136.71903630928452,58.06931384768346],[-134.4816074077718,56.21348849007009],[-134.78544252843844,58.34713473418922],[-135.4446222416414,59.19014660690132],[-136.3159854782398,59.4203774653748],[-136.6253127318002,59.74517347635442],[-136.91679019482007,59.88081310313772],[-136.91679024245983,60.525002379261714],[-140.7880854665634,62.111220063119326],[-143.24902298466066,62.701503904112265],[-149.37939403802804,62.254769051975366],[-149.15966741919016,61.43576106518889],[-149.88476507908354,60.55148747169202],[-151.88427686283785,59.29634124249106],[-150.95731748305514,59.07741924376406]]]}"
8_00000000000000000003,101477,200.20279338455163,coastSouth,4.676595158730965,northAmerica,2010.0,"{""type"":""Polygon"",""coordinates"":[[[-133.2782989996175,56.80493643199192],[-130.33396313526515,55.10775609165685],[-130.42185367252972,54.115287634622916],[-127.21384593006563,51.23904791498195],[-123.56638493970132,49.21526220973648],[-121.14939280876122,49.415795278669094],[-121.72068186474563,50.824500515972744],[-125.36814273714766,52.27269291983206],[-126.94889528196218,53.80376949343217],[-126.33453717507061,55.564666185931564],[-126.81793551293563,56.576417568071385],[-128.4658847739345,57.58536845107009],[-131.68044159400736,58.13457891001171],[-133.3503633909476,59.095719556845616],[-135.0422579271946,60.01968175432444],[-136.25075407625658,60.27942497747531],[-136.6990690933612,59.8427222644708],[-136.49582187800283,59.65176252258751],[-136.3447598343445,59.44435373297306],[-135.94925210140013,59.41781374208707],[-135.44042251571287,59.22686417965966],[-134.79222918448076,58.355946709594214],[-133.2782989996175,56.80493643199192]]]}"
8_00000000000000000004,16866,197.15020840482623,interiorNorth,3.8545589156176323,northAmerica,2010.0,"{""type"":""Polygon"",""coordinates"":[[[-125.78851588947568,62.43386310228569],[-130.1830471539296,65.00048607099345],[-133.3471097882411,64.8888229349521],[-127.01898467392469,56.924285665026815],[-123.10785197460164,57.13950927662316],[-125.78851588947568,62.43386310228569]]]}"
8_00000000000000000005,30937,200.00922785244398,interiorSouth,2.975128541990749,northAmerica,2010.0,"{""type"":""Polygon"",""coordinates"":[[[-117.86198040610651,53.54658015284136],[-121.81705857133142,55.20997693940518],[-122.43229293599396,54.117130845973364],[-109.24869921644746,41.844692424458984],[-109.10805103639578,45.17589845079466],[-114.52213665245216,50.29608344354586],[-117.86198040610651,53.54658015284136]]]}"
9_00000000000000000001,114882,197.38682228587,alaskaRange,5.309775460596376,northAmerica,2011.0,"{""type"":""Polygon"",""coordinates"":[[[-142.69559869497132,63.658576890554436],[-147.52958311191153,64.12271798795739],[-155.6155207040104,62.34209439983524],[-154.82450508970584,59.61513665231871],[-152.7151300766197,59.615136623340106],[-151.39677069111144,60.96524980420053],[-151.4846612750807,62.17845808075143],[-148.1448175845232,63.26589949552079],[-144.2776299416444,62.947860195816155],[-142.69559869497132,63.658576890554436]]]}"
9_00000000000000000002,113148,197.22862564209277,coastNorth,5.480295825882843,northAmerica,2011.0,"{""type"":""Polygon"",""coordinates"":[[[-150.95731748305514,59.07741924376406],[-148.05692687971768,59.792488943975286],[-147.26591140896588,60.87982165954488],[-144.01395814088096,60.05675973326158],[-142.08036437067173,59.924887421047],[-138.5647394417443,58.986969984821016],[-136.71903630928452,58.06931384768346],[-134.4816074077718,56.21348849007009],[-134.78544252843844,58.34713473418922],[-135.4446222416414,59.19014660690132],[-136.3159854782398,59.4203774653748],[-136.6253127318002,59.74517347635442],[-136.91679019482007,59.88081310313772],[-136.91679024245983,60.525002379261714],[-140.7880854665634,62.111220063119326],[-143.24902298466066,62.701503904112265],[-149.37939403802804,62.254769051975366],[-149.15966741919016,61.43576106518889],[-149.88476507908354,60.55148747169202],[-151.88427686283785,59.29634124249106],[-150.95731748305514,59.07741924376406]]]}"
9_00000000000000000003,85733,197.17041130454263,coastSouth,5.567394774963774,northAmerica,2011.0,"{""type"":""Polygon"",""coordinates"":[[[-133.2782989996175,56.80493643199192],[-130.33396313526515,55.10775609165685],[-130.42185367252972,54.115287634622916],[-127.21384593006563,51.23904791498195],[-123.56638493970132,49.21526220973648],[-121.14939280876122,49.415795278669094],[-121.72068186474563,50.824500515972744],[-125.36814273714766,52.27269291983206],[-126.94889528196218,53.80376949343217],[-126.33453717507061,55.564666185931564],[-126.81793551293563,56.576417568071385],[-128.4658847739345,57.58536845107009],[-131.68044159400736,58.13457891001171],[-133.3503633909476,59.095719556845616],[-135.0422579271946,60.01968175432444],[-136.25075407625658,60.27942497747531],[-136.6990690933612,59.8427222644708],[-136.49582187800283,59.65176252258751],[-136.3447598343445,59.44435373297306],[-135.94925210140013,59.41781374208707],[-135.44042251571287,59.22686417965966],[-134.79222918448076,58.355946709594214],[-133.2782989996175,56.80493643199192]]]}"
9_00000000000000000004,16836,196.08381433772337,interiorNorth,3.8806859771385107,northAmerica,2011.0,"{""type"":""Polygon"",""coordinates"":[[[-125.78851588947568,62.43386310228569],[-130.1830471539296,65.00048607099345],[-133.3471097882411,64.8888229349521],[-127.01898467392469,56.924285665026815],[-123.10785197460164,57.13950927662316],[-125.78851588947568,62.43386310228569]]]}"
9_00000000000000000005,30948,198.90648045660842,interiorSouth,3.4794286638604537,northAmerica,2011.0,"{""type"":""Polygon"",""coordinates"":[[[-117.86198040610651,53.54658015284136],[-121.81705857133142,55.20997693940518],[-122.43229293599396,54.117130845973364],[-109.24869921644746,41.844692424458984],[-109.10805103639578,45.17589845079466],[-114.52213665245216,50.29608344354586],[-117.86198040610651,53.54658015284136]]]}"
10_00000000000000000001,113433,200.54763914881346,alaskaRange,5.443548025201916,northAmerica,2012.0,"{""type"":""Polygon"",""coordinates"":[[[-142.69559869497132,63.658576890554436],[-147.52958311191153,64.12271798795739],[-155.6155207040104,62.34209439983524],[-154.82450508970584,59.61513665231871],[-152.7151300766197,59.615136623340106],[-151.39677069111144,60.96524980420053],[-151.4846612750807,62.17845808075143],[-148.1448175845232,63.26589949552079],[-144.2776299416444,62.947860195816155],[-142.69559869497132,63.658576890554436]]]}"
10_00000000000000000002,90958,202.47582761210748,coastNorth,6.408662370673968,northAmerica,2012.0,"{""type"":""Polygon"",""coordinates"":[[[-150.95731748305514,59.07741924376406],[-148.05692687971768,59.792488943975286],[-147.26591140896588,60.87982165954488],[-144.01395814088096,60.05675973326158],[-142.08036437067173,59.924887421047],[-138.5647394417443,58.986969984821016],[-136.71903630928452,58.06931384768346],[-134.4816074077718,56.21348849007009],[-134.78544252843844,58.34713473418922],[-135.4446222416414,59.19014660690132],[-136.3159854782398,59.4203774653748],[-136.6253127318002,59.74517347635442],[-136.91679019482007,59.88081310313772],[-136.91679024245983,60.525002379261714],[-140.7880854665634,62.111220063119326],[-143.24902298466066,62.701503904112265],[-149.37939403802804,62.254769051975366],[-149.15966741919016,61.43576106518889],[-149.88476507908354,60.55148747169202],[-151.88427686283785,59.29634124249106],[-150.95731748305514,59.07741924376406]]]}"
10_00000000000000000003,81011,199.224122457523,coastSouth,5.609100418209495,northAmerica,2012.0,"{""type"":""Polygon"",""coordinates"":[[[-133.2782989996175,56.80493643199192],[-130.33396313526515,55.10775609165685],[-130.42185367252972,54.115287634622916],[-127.21384593006563,51.23904791498195],[-123.56638493970132,49.21526220973648],[-121.14939280876122,49.415795278669094],[-121.72068186474563,50.824500515972744],[-125.36814273714766,52.27269291983206],[-126.94889528196218,53.80376949343217],[-126.33453717507061,55.564666185931564],[-126.81793551293563,56.576417568071385],[-128.4658847739345,57.58536845107009],[-131.68044159400736,58.13457891001171],[-133.3503633909476,59.095719556845616],[-135.0422579271946,60.01968175432444],[-136.25075407625658,60.27942497747531],[-136.6990690933612,59.8427222644708],[-136.49582187800283,59.65176252258751],[-136.3447598343445,59.44435373297306],[-135.94925210140013,59.41781374208707],[-135.44042251571287,59.22686417965966],[-134.79222918448076,58.355946709594214],[-133.2782989996175,56.80493643199192]]]}"
10_00000000000000000004,16859,198.4552597522626,interiorNorth,3.722656818482109,northAmerica,2012.0,"{""type"":""Polygon"",""coordinates"":[[[-125.78851588947568,62.43386310228569],[-130.1830471539296,65.00048607099345],[-133.3471097882411,64.8888229349521],[-127.01898467392469,56.924285665026815],[-123.10785197460164,57.13950927662316],[-125.78851588947568,62.43386310228569]]]}"
10_00000000000000000005,30904,198.53645050163843,interiorSouth,3.505790175257491,northAmerica,2012.0,"{""type"":""Polygon"",""coordinates"":[[[-117.86198040610651,53.54658015284136],[-121.81705857133142,55.20997693940518],[-122.43229293599396,54.117130845973364],[-109.24869921644746,41.844692424458984],[-109.10805103639578,45.17589845079466],[-114.52213665245216,50.29608344354586],[-117.86198040610651,53.54658015284136]]]}"
11_00000000000000000001,113442,199.11553980497345,alaskaRange,6.267207569834953,northAmerica,2013.0,"{""type"":""Polygon"",""coordinates"":[[[-142.69559869497132,63.658576890554436],[-147.52958311191153,64.12271798795739],[-155.6155207040104,62.34209439983524],[-154.82450508970584,59.61513665231871],[-152.7151300766197,59.615136623340106],[-151.39677069111144,60.96524980420053],[-151.4846612750807,62.17845808075143],[-148.1448175845232,63.26589949552079],[-144.2776299416444,62.947860195816155],[-142.69559869497132,63.658576890554436]]]}"
11_00000000000000000002,112658,200.2515142250651,coastNorth,6.609387926616828,northAmerica,2013.0,"{""type"":""Polygon"",""coordinates"":[[[-150.95731748305514,59.07741924376406],[-148.05692687971768,59.792488943975286],[-147.26591140896588,60.87982165954488],[-144.01395814088096,60.05675973326158],[-142.08036437067173,59.924887421047],[-138.5647394417443,58.986969984821016],[-136.71903630928452,58.06931384768346],[-134.4816074077718,56.21348849007009],[-134.78544252843844,58.34713473418922],[-135.4446222416414,59.19014660690132],[-136.3159854782398,59.4203774653748],[-136.6253127318002,59.74517347635442],[-136.91679019482007,59.88081310313772],[-136.91679024245983,60.525002379261714],[-140.7880854665634,62.111220063119326],[-143.24902298466066,62.701503904112265],[-149.37939403802804,62.254769051975366],[-149.15966741919016,61.43576106518889],[-149.88476507908354,60.55148747169202],[-151.88427686283785,59.29634124249106],[-150.95731748305514,59.07741924376406]]]}"
11_00000000000000000003,106890,197.43884024239978,coastSouth,4.543704647395314,northAmerica,2013.0,"{""type"":""Polygon"",""coordinates"":[[[-133.2782989996175,56.80493643199192],[-130.33396313526515,55.10775609165685],[-130.42185367252972,54.115287634622916],[-127.21384593006563,51.23904791498195],[-123.56638493970132,49.21526220973648],[-121.14939280876122,49.415795278669094],[-121.72068186474563,50.824500515972744],[-125.36814273714766,52.27269291983206],[-126.94889528196218,53.80376949343217],[-126.33453717507061,55.564666185931564],[-126.81793551293563,56.576417568071385],[-128.4658847739345,57.58536845107009],[-131.68044159400736,58.13457891001171],[-133.3503633909476,59.095719556845616],[-135.0422579271946,60.01968175432444],[-136.25075407625658,60.27942497747531],[-136.6990690933612,59.8427222644708],[-136.49582187800283,59.65176252258751],[-136.3447598343445,59.44435373297306],[-135.94925210140013,59.41781374208707],[-135.44042251571287,59.22686417965966],[-134.79222918448076,58.355946709594214],[-133.2782989996175,56.80493643199192]]]}"
11_00000000000000000004,16866,196.16235766026472,interiorNorth,4.17101945781163,northAmerica,2013.0,"{""type"":""Polygon"",""coordinates"":[[[-125.78851588947568,62.43386310228569],[-130.1830471539296,65.00048607099345],[-133.3471097882411,64.8888229349521],[-127.01898467392469,56.924285665026815],[-123.10785197460164,57.13950927662316],[-125.78851588947568,62.43386310228569]]]}"
11_00000000000000000005,30948,196.4017727155397,interiorSouth,3.8966702291579978,northAmerica,2013.0,"{""type"":""Polygon"",""coordinates"":[[[-117.86198040610651,53.54658015284136],[-121.81705857133142,55.20997693940518],[-122.43229293599396,54.117130845973364],[-109.24869921644746,41.844692424458984],[-109.10805103639578,45.17589845079466],[-114.52213665245216,50.29608344354586],[-117.86198040610651,53.54658015284136]]]}"
12_00000000000000000001,114323,200.5165213567669,alaskaRange,4.219546509867792,northAmerica,2014.0,"{""type"":""Polygon"",""coordinates"":[[[-142.69559869497132,63.658576890554436],[-147.52958311191153,64.12271798795739],[-155.6155207040104,62.34209439983524],[-154.82450508970584,59.61513665231871],[-152.7151300766197,59.615136623340106],[-151.39677069111144,60.96524980420053],[-151.4846612750807,62.17845808075143],[-148.1448175845232,63.26589949552079],[-144.2776299416444,62.947860195816155],[-142.69559869497132,63.658576890554436]]]}"
12_00000000000000000002,116200,199.0231553302137,coastNorth,5.190161149074842,northAmerica,2014.0,"{""type"":""Polygon"",""coordinates"":[[[-150.95731748305514,59.07741924376406],[-148.05692687971768,59.792488943975286],[-147.26591140896588,60.87982165954488],[-144.01395814088096,60.05675973326158],[-142.08036437067173,59.924887421047],[-138.5647394417443,58.986969984821016],[-136.71903630928452,58.06931384768346],[-134.4816074077718,56.21348849007009],[-134.78544252843844,58.34713473418922],[-135.4446222416414,59.19014660690132],[-136.3159854782398,59.4203774653748],[-136.6253127318002,59.74517347635442],[-136.91679019482007,59.88081310313772],[-136.91679024245983,60.525002379261714],[-140.7880854665634,62.111220063119326],[-143.24902298466066,62.701503904112265],[-149.37939403802804,62.254769051975366],[-149.15966741919016,61.43576106518889],[-149.88476507908354,60.55148747169202],[-151.88427686283785,59.29634124249106],[-150.95731748305514,59.07741924376406]]]}"
12_00000000000000000003,92867,197.53653835563452,coastSouth,5.371017529795061,northAmerica,2014.0,"{""type"":""Polygon"",""coordinates"":[[[-133.2782989996175,56.80493643199192],[-130.33396313526515,55.10775609165685],[-130.42185367252972,54.115287634622916],[-127.21384593006563,51.23904791498195],[-123.56638493970132,49.21526220973648],[-121.14939280876122,49.415795278669094],[-121.72068186474563,50.824500515972744],[-125.36814273714766,52.27269291983206],[-126.94889528196218,53.80376949343217],[-126.33453717507061,55.564666185931564],[-126.81793551293563,56.576417568071385],[-128.4658847739345,57.58536845107009],[-131.68044159400736,58.13457891001171],[-133.3503633909476,59.095719556845616],[-135.0422579271946,60.01968175432444],[-136.25075407625658,60.27942497747531],[-136.6990690933612,59.8427222644708],[-136.49582187800283,59.65176252258751],[-136.3447598343445,59.44435373297306],[-135.94925210140013,59.41781374208707],[-135.44042251571287,59.22686417965966],[-134.79222918448076,58.355946709594214],[-133.2782989996175,56.80493643199192]]]}"
12_00000000000000000004,16866,198.08467676746628,interiorNorth,3.435790349572317,northAmerica,2014.0,"{""type"":""Polygon"",""coordinates"":[[[-125.78851588947568,62.43386310228569],[-130.1830471539296,65.00048607099345],[-133.3471097882411,64.8888229349521],[-127.01898467392469,56.924285665026815],[-123.10785197460164,57.13950927662316],[-125.78851588947568,62.43386310228569]]]}"
12_00000000000000000005,30923,196.81809009340554,interiorSouth,3.98211867314592,northAmerica,2014.0,"{""type"":""Polygon"",""coordinates"":[[[-117.86198040610651,53.54658015284136],[-121.81705857133142,55.20997693940518],[-122.43229293599396,54.117130845973364],[-109.24869921644746,41.844692424458984],[-109.10805103639578,45.17589845079466],[-114.52213665245216,50.29608344354586],[-117.86198040610651,53.54658015284136]]]}"
13_00000000000000000001,113354,198.48462851786397,alaskaRange,5.6857746237838365,northAmerica,2015.0,"{""type"":""Polygon"",""coordinates"":[[[-142.69559869497132,63.658576890554436],[-147.52958311191153,64.12271798795739],[-155.6155207040104,62.34209439983524],[-154.82450508970584,59.61513665231871],[-152.7151300766197,59.615136623340106],[-151.39677069111144,60.96524980420053],[-151.4846612750807,62.17845808075143],[-148.1448175845232,63.26589949552079],[-144.2776299416444,62.947860195816155],[-142.69559869497132,63.658576890554436]]]}"
13_00000000000000000002,110853,196.5177422568995,coastNorth,6.313909945244717,northAmerica,2015.0,"{""type"":""Polygon"",""coordinates"":[[[-150.95731748305514,59.07741924376406],[-148.05692687971768,59.792488943975286],[-147.26591140896588,60.87982165954488],[-144.01395814088096,60.05675973326158],[-142.08036437067173,59.924887421047],[-138.5647394417443,58.986969984821016],[-136.71903630928452,58.06931384768346],[-134.4816074077718,56.21348849007009],[-134.78544252843844,58.34713473418922],[-135.4446222416414,59.19014660690132],[-136.3159854782398,59.4203774653748],[-136.6253127318002,59.74517347635442],[-136.91679019482007,59.88081310313772],[-136.91679024245983,60.525002379261714],[-140.7880854665634,62.111220063119326],[-143.24902298466066,62.701503904112265],[-149.37939403802804,62.254769051975366],[-149.15966741919016,61.43576106518889],[-149.88476507908354,60.55148747169202],[-151.88427686283785,59.29634124249106],[-150.95731748305514,59.07741924376406]]]}"
13_00000000000000000003,94773,193.27015431419088,coastSouth,6.143489694667324,northAmerica,2015.0,"{""type"":""Polygon"",""coordinates"":[[[-133.2782989996175,56.80493643199192],[-130.33396313526515,55.10775609165685],[-130.42185367252972,54.115287634622916],[-127.21384593006563,51.23904791498195],[-123.56638493970132,49.21526220973648],[-121.14939280876122,49.415795278669094],[-121.72068186474563,50.824500515972744],[-125.36814273714766,52.27269291983206],[-126.94889528196218,53.80376949343217],[-126.33453717507061,55.564666185931564],[-126.81793551293563,56.576417568071385],[-128.4658847739345,57.58536845107009],[-131.68044159400736,58.13457891001171],[-133.3503633909476,59.095719556845616],[-135.0422579271946,60.01968175432444],[-136.25075407625658,60.27942497747531],[-136.6990690933612,59.8427222644708],[-136.49582187800283,59.65176252258751],[-136.3447598343445,59.44435373297306],[-135.94925210140013,59.41781374208707],[-135.44042251571287,59.22686417965966],[-134.79222918448076,58.355946709594214],[-133.2782989996175,56.80493643199192]]]}"
13_00000000000000000004,16866,193.41618639335752,interiorNorth,3.930759811533057,northAmerica,2015.0,"{""type"":""Polygon"",""coordinates"":[[[-125.78851588947568,62.43386310228569],[-130.1830471539296,65.00048607099345],[-133.3471097882411,64.8888229349521],[-127.01898467392469,56.924285665026815],[-123.10785197460164,57.13950927662316],[-125.78851588947568,62.43386310228569]]]}"
13_00000000000000000005,30944,192.7990147799725,interiorSouth,4.199216590101541,northAmerica,2015.0,"{""type"":""Polygon"",""coordinates"":[[[-117.86198040610651,53.54658015284136],[-121.81705857133142,55.20997693940518],[-122.43229293599396,54.117130845973364],[-109.24869921644746,41.844692424458984],[-109.10805103639578,45.17589845079466],[-114.52213665245216,50.29608344354586],[-117.86198040610651,53.54658015284136]]]}"
14_00000000000000000001,112899,196.1246373281358,alaskaRange,4.362673395440966,northAmerica,2016.0,"{""type"":""Polygon"",""coordinates"":[[[-142.69559869497132,63.658576890554436],[-147.52958311191153,64.12271798795739],[-155.6155207040104,62.34209439983524],[-154.82450508970584,59.61513665231871],[-152.7151300766197,59.615136623340106],[-151.39677069111144,60.96524980420053],[-151.4846612750807,62.17845808075143],[-148.1448175845232,63.26589949552079],[-144.2776299416444,62.947860195816155],[-142.69559869497132,63.658576890554436]]]}"
14_00000000000000000002,101708,196.2226732512109,coastNorth,5.798224299713118,northAmerica,2016.0,"{""type"":""Polygon"",""coordinates"":[[[-150.95731748305514,59.07741924376406],[-148.05692687971768,59.792488943975286],[-147.26591140896588,60.87982165954488],[-144.01395814088096,60.05675973326158],[-142.08036437067173,59.924887421047],[-138.5647394417443,58.986969984821016],[-136.71903630928452,58.06931384768346],[-134.4816074077718,56.21348849007009],[-134.78544252843844,58.34713473418922],[-135.4446222416414,59.19014660690132],[-136.3159854782398,59.4203774653748],[-136.6253127318002,59.74517347635442],[-136.91679019482007,59.88081310313772],[-136.91679024245983,60.525002379261714],[-140.7880854665634,62.111220063119326],[-143.24902298466066,62.701503904112265],[-149.37939403802804,62.254769051975366],[-149.15966741919016,61.43576106518889],[-149.88476507908354,60.55148747169202],[-151.88427686283785,59.29634124249106],[-150.95731748305514,59.07741924376406]]]}"
14_00000000000000000003,94211,198.20101683657984,coastSouth,5.5207253444034645,northAmerica,2016.0,"{""type"":""Polygon"",""coordinates"":[[[-133.2782989996175,56.80493643199192],[-130.33396313526515,55.10775609165685],[-130.42185367252972,54.115287634622916],[-127.21384593006563,51.23904791498195],[-123.56638493970132,49.21526220973648],[-121.14939280876122,49.415795278669094],[-121.72068186474563,50.824500515972744],[-125.36814273714766,52.27269291983206],[-126.94889528196218,53.80376949343217],[-126.33453717507061,55.564666185931564],[-126.81793551293563,56.576417568071385],[-128.4658847739345,57.58536845107009],[-131.68044159400736,58.13457891001171],[-133.3503633909476,59.095719556845616],[-135.0422579271946,60.01968175432444],[-136.25075407625658,60.27942497747531],[-136.6990690933612,59.8427222644708],[-136.49582187800283,59.65176252258751],[-136.3447598343445,59.44435373297306],[-135.94925210140013,59.41781374208707],[-135.44042251571287,59.22686417965966],[-134.79222918448076,58.355946709594214],[-133.2782989996175,56.80493643199192]]]}"
14_00000000000000000004,16863,197.53211549083335,interiorNorth,4.327786655541882,northAmerica,2016.0,"{""type"":""Polygon"",""coordinates"":[[[-125.78851588947568,62.43386310228569],[-130.1830471539296,65.00048607099345],[-133.3471097882411,64.8888229349521],[-127.01898467392469,56.924285665026815],[-123.10785197460164,57.13950927662316],[-125.78851588947568,62.43386310228569]]]}"
14_00000000000000000005,30918,198.1257687173327,interiorSouth,3.838848875405599,northAmerica,2016.0,"{""type"":""Polygon"",""coordinates"":[[[-117.86198040610651,53.54658015284136],[-121.81705857133142,55.20997693940518],[-122.43229293599396,54.117130845973364],[-109.24869921644746,41.844692424458984],[-109.10805103639578,45.17589845079466],[-114.52213665245216,50.29608344354586],[-117.86198040610651,53.54658015284136]]]}"
15_00000000000000000001,113710,195.91408978532002,alaskaRange,5.502943429768917,northAmerica,2017.0,"{""type"":""Polygon"",""coordinates"":[[[-142.69559869497132,63.658576890554436],[-147.52958311191153,64.12271798795739],[-155.6155207040104,62.34209439983524],[-154.82450508970584,59.61513665231871],[-152.7151300766197,59.615136623340106],[-151.39677069111144,60.96524980420053],[-151.4846612750807,62.17845808075143],[-148.1448175845232,63.26589949552079],[-144.2776299416444,62.947860195816155],[-142.69559869497132,63.658576890554436]]]}"
15_00000000000000000002,110098,197.71177595277646,coastNorth,5.72419932384826,northAmerica,2017.0,"{""type"":""Polygon"",""coordinates"":[[[-150.95731748305514,59.07741924376406],[-148.05692687971768,59.792488943975286],[-147.26591140896588,60.87982165954488],[-144.01395814088096,60.05675973326158],[-142.08036437067173,59.924887421047],[-138.5647394417443,58.986969984821016],[-136.71903630928452,58.06931384768346],[-134.4816074077718,56.21348849007009],[-134.78544252843844,58.34713473418922],[-135.4446222416414,59.19014660690132],[-136.3159854782398,59.4203774653748],[-136.6253127318002,59.74517347635442],[-136.91679019482007,59.88081310313772],[-136.91679024245983,60.525002379261714],[-140.7880854665634,62.111220063119326],[-143.24902298466066,62.701503904112265],[-149.37939403802804,62.254769051975366],[-149.15966741919016,61.43576106518889],[-149.88476507908354,60.55148747169202],[-151.88427686283785,59.29634124249106],[-150.95731748305514,59.07741924376406]]]}"
15_00000000000000000003,99499,198.5346261869855,coastSouth,5.010297737857822,northAmerica,2017.0,"{""type"":""Polygon"",""coordinates"":[[[-133.2782989996175,56.80493643199192],[-130.33396313526515,55.10775609165685],[-130.42185367252972,54.115287634622916],[-127.21384593006563,51.23904791498195],[-123.56638493970132,49.21526220973648],[-121.14939280876122,49.415795278669094],[-121.72068186474563,50.824500515972744],[-125.36814273714766,52.27269291983206],[-126.94889528196218,53.80376949343217],[-126.33453717507061,55.564666185931564],[-126.81793551293563,56.576417568071385],[-128.4658847739345,57.58536845107009],[-131.68044159400736,58.13457891001171],[-133.3503633909476,59.095719556845616],[-135.0422579271946,60.01968175432444],[-136.25075407625658,60.27942497747531],[-136.6990690933612,59.8427222644708],[-136.49582187800283,59.65176252258751],[-136.3447598343445,59.44435373297306],[-135.94925210140013,59.41781374208707],[-135.44042251571287,59.22686417965966],[-134.79222918448076,58.355946709594214],[-133.2782989996175,56.80493643199192]]]}"
15_00000000000000000004,16861,197.15430411135668,interiorNorth,3.6754335213695724,northAmerica,2017.0,"{""type"":""Polygon"",""coordinates"":[[[-125.78851588947568,62.43386310228569],[-130.1830471539296,65.00048607099345],[-133.3471097882411,64.8888229349521],[-127.01898467392469,56.924285665026815],[-123.10785197460164,57.13950927662316],[-125.78851588947568,62.43386310228569]]]}"
15_00000000000000000005,30909,196.75768010013584,interiorSouth,4.012546395262215,northAmerica,2017.0,"{""type"":""Polygon"",""coordinates"":[[[-117.86198040610651,53.54658015284136],[-121.81705857133142,55.20997693940518],[-122.43229293599396,54.117130845973364],[-109.24869921644746,41.844692424458984],[-109.10805103639578,45.17589845079466],[-114.52213665245216,50.29608344354586],[-117.86198040610651,53.54658015284136]]]}"
16_00000000000000000001,111107,197.51697931127177,alaskaRange,5.306521696416986,northAmerica,2018.0,"{""type"":""Polygon"",""coordinates"":[[[-142.69559869497132,63.658576890554436],[-147.52958311191153,64.12271798795739],[-155.6155207040104,62.34209439983524],[-154.82450508970584,59.61513665231871],[-152.7151300766197,59.615136623340106],[-151.39677069111144,60.96524980420053],[-151.4846612750807,62.17845808075143],[-148.1448175845232,63.26589949552079],[-144.2776299416444,62.947860195816155],[-142.69559869497132,63.658576890554436]]]}"
16_00000000000000000002,102526,196.8351503062025,coastNorth,5.847427053633775,northAmerica,2018.0,"{""type"":""Polygon"",""coordinates"":[[[-150.95731748305514,59.07741924376406],[-148.05692687971768,59.792488943975286],[-147.26591140896588,60.87982165954488],[-144.01395814088096,60.05675973326158],[-142.08036437067173,59.924887421047],[-138.5647394417443,58.986969984821016],[-136.71903630928452,58.06931384768346],[-134.4816074077718,56.21348849007009],[-134.78544252843844,58.34713473418922],[-135.4446222416414,59.19014660690132],[-136.3159854782398,59.4203774653748],[-136.6253127318002,59.74517347635442],[-136.91679019482007,59.88081310313772],[-136.91679024245983,60.525002379261714],[-140.7880854665634,62.111220063119326],[-143.24902298466066,62.701503904112265],[-149.37939403802804,62.254769051975366],[-149.15966741919016,61.43576106518889],[-149.88476507908354,60.55148747169202],[-151.88427686283785,59.29634124249106],[-150.95731748305514,59.07741924376406]]]}"
16_00000000000000000003,105565,197.77418110305936,coastSouth,6.0811007397665175,northAmerica,2018.0,"{""type"":""Polygon"",""coordinates"":[[[-133.2782989996175,56.80493643199192],[-130.33396313526515,55.10775609165685],[-130.42185367252972,54.115287634622916],[-127.21384593006563,51.23904791498195],[-123.56638493970132,49.21526220973648],[-121.14939280876122,49.415795278669094],[-121.72068186474563,50.824500515972744],[-125.36814273714766,52.27269291983206],[-126.94889528196218,53.80376949343217],[-126.33453717507061,55.564666185931564],[-126.81793551293563,56.576417568071385],[-128.4658847739345,57.58536845107009],[-131.68044159400736,58.13457891001171],[-133.3503633909476,59.095719556845616],[-135.0422579271946,60.01968175432444],[-136.25075407625658,60.27942497747531],[-136.6990690933612,59.8427222644708],[-136.49582187800283,59.65176252258751],[-136.3447598343445,59.44435373297306],[-135.94925210140013,59.41781374208707],[-135.44042251571287,59.22686417965966],[-134.79222918448076,58.355946709594214],[-133.2782989996175,56.80493643199192]]]}"
16_00000000000000000004,16852,196.25153253306365,interiorNorth,5.135355022016622,northAmerica,2018.0,"{""type"":""Polygon"",""coordinates"":[[[-125.78851588947568,62.43386310228569],[-130.1830471539296,65.00048607099345],[-133.3471097882411,64.8888229349521],[-127.01898467392469,56.924285665026815],[-123.10785197460164,57.13950927662316],[-125.78851588947568,62.43386310228569]]]}"
16_00000000000000000005,30943,197.11238459722958,interiorSouth,4.118970551881087,northAmerica,2018.0,"{""type"":""Polygon"",""coordinates"":[[[-117.86198040610651,53.54658015284136],[-121.81705857133142,55.20997693940518],[-122.43229293599396,54.117130845973364],[-109.24869921644746,41.844692424458984],[-109.10805103639578,45.17589845079466],[-114.52213665245216,50.29608344354586],[-117.86198040610651,53.54658015284136]]]}"
17_00000000000000000001,115888,194.99153903386676,alaskaRange,4.844833455373895,northAmerica,2019.0,"{""type"":""Polygon"",""coordinates"":[[[-142.69559869497132,63.658576890554436],[-147.52958311191153,64.12271798795739],[-155.6155207040104,62.34209439983524],[-154.82450508970584,59.61513665231871],[-152.7151300766197,59.615136623340106],[-151.39677069111144,60.96524980420053],[-151.4846612750807,62.17845808075143],[-148.1448175845232,63.26589949552079],[-144.2776299416444,62.947860195816155],[-142.69559869497132,63.658576890554436]]]}"
17_00000000000000000002,127916,194.21096583279953,coastNorth,5.919865475326743,northAmerica,2019.0,"{""type"":""Polygon"",""coordinates"":[[[-150.95731748305514,59.07741924376406],[-148.05692687971768,59.792488943975286],[-147.26591140896588,60.87982165954488],[-144.01395814088096,60.05675973326158],[-142.08036437067173,59.924887421047],[-138.5647394417443,58.986969984821016],[-136.71903630928452,58.06931384768346],[-134.4816074077718,56.21348849007009],[-134.78544252843844,58.34713473418922],[-135.4446222416414,59.19014660690132],[-136.3159854782398,59.4203774653748],[-136.6253127318002,59.74517347635442],[-136.91679019482007,59.88081310313772],[-136.91679024245983,60.525002379261714],[-140.7880854665634,62.111220063119326],[-143.24902298466066,62.701503904112265],[-149.37939403802804,62.254769051975366],[-149.15966741919016,61.43576106518889],[-149.88476507908354,60.55148747169202],[-151.88427686283785,59.29634124249106],[-150.95731748305514,59.07741924376406]]]}"
17_00000000000000000003,108807,193.61714041221757,coastSouth,4.797474208458022,northAmerica,2019.0,"{""type"":""Polygon"",""coordinates"":[[[-133.2782989996175,56.80493643199192],[-130.33396313526515,55.10775609165685],[-130.42185367252972,54.115287634622916],[-127.21384593006563,51.23904791498195],[-123.56638493970132,49.21526220973648],[-121.14939280876122,49.415795278669094],[-121.72068186474563,50.824500515972744],[-125.36814273714766,52.27269291983206],[-126.94889528196218,53.80376949343217],[-126.33453717507061,55.564666185931564],[-126.81793551293563,56.576417568071385],[-128.4658847739345,57.58536845107009],[-131.68044159400736,58.13457891001171],[-133.3503633909476,59.095719556845616],[-135.0422579271946,60.01968175432444],[-136.25075407625658,60.27942497747531],[-136.6990690933612,59.8427222644708],[-136.49582187800283,59.65176252258751],[-136.3447598343445,59.44435373297306],[-135.94925210140013,59.41781374208707],[-135.44042251571287,59.22686417965966],[-134.79222918448076,58.355946709594214],[-133.2782989996175,56.80493643199192]]]}"
17_00000000000000000004,16866,194.28821447013877,interiorNorth,3.617304328723116,northAmerica,2019.0,"{""type"":""Polygon"",""coordinates"":[[[-125.78851588947568,62.43386310228569],[-130.1830471539296,65.00048607099345],[-133.3471097882411,64.8888229349521],[-127.01898467392469,56.924285665026815],[-123.10785197460164,57.13950927662316],[-125.78851588947568,62.43386310228569]]]}"
17_00000000000000000005,30948,198.40670426376235,interiorSouth,3.600912661875381,northAmerica,2019.0,"{""type"":""Polygon"",""coordinates"":[[[-117.86198040610651,53.54658015284136],[-121.81705857133142,55.20997693940518],[-122.43229293599396,54.117130845973364],[-109.24869921644746,41.844692424458984],[-109.10805103639578,45.17589845079466],[-114.52213665245216,50.29608344354586],[-117.86198040610651,53.54658015284136]]]}"
18_00000000000000000001,116768,196.86393783711674,alaskaRange,4.568133308033853,northAmerica,2020.0,"{""type"":""Polygon"",""coordinates"":[[[-142.69559869497132,63.658576890554436],[-147.52958311191153,64.12271798795739],[-155.6155207040104,62.34209439983524],[-154.82450508970584,59.61513665231871],[-152.7151300766197,59.615136623340106],[-151.39677069111144,60.96524980420053],[-151.4846612750807,62.17845808075143],[-148.1448175845232,63.26589949552079],[-144.2776299416444,62.947860195816155],[-142.69559869497132,63.658576890554436]]]}"
18_00000000000000000002,130861,198.6473817139278,coastNorth,5.943198950372908,northAmerica,2020.0,"{""type"":""Polygon"",""coordinates"":[[[-150.95731748305514,59.07741924376406],[-148.05692687971768,59.792488943975286],[-147.26591140896588,60.87982165954488],[-144.01395814088096,60.05675973326158],[-142.08036437067173,59.924887421047],[-138.5647394417443,58.986969984821016],[-136.71903630928452,58.06931384768346],[-134.4816074077718,56.21348849007009],[-134.78544252843844,58.34713473418922],[-135.4446222416414,59.19014660690132],[-136.3159854782398,59.4203774653748],[-136.6253127318002,59.74517347635442],[-136.91679019482007,59.88081310313772],[-136.91679024245983,60.525002379261714],[-140.7880854665634,62.111220063119326],[-143.24902298466066,62.701503904112265],[-149.37939403802804,62.254769051975366],[-149.15966741919016,61.43576106518889],[-149.88476507908354,60.55148747169202],[-151.88427686283785,59.29634124249106],[-150.95731748305514,59.07741924376406]]]}"
18_00000000000000000003,94093,201.93837776818472,coastSouth,5.47582121439131,northAmerica,2020.0,"{""type"":""Polygon"",""coordinates"":[[[-133.2782989996175,56.80493643199192],[-130.33396313526515,55.10775609165685],[-130.42185367252972,54.115287634622916],[-127.21384593006563,51.23904791498195],[-123.56638493970132,49.21526220973648],[-121.14939280876122,49.415795278669094],[-121.72068186474563,50.824500515972744],[-125.36814273714766,52.27269291983206],[-126.94889528196218,53.80376949343217],[-126.33453717507061,55.564666185931564],[-126.81793551293563,56.576417568071385],[-128.4658847739345,57.58536845107009],[-131.68044159400736,58.13457891001171],[-133.3503633909476,59.095719556845616],[-135.0422579271946,60.01968175432444],[-136.25075407625658,60.27942497747531],[-136.6990690933612,59.8427222644708],[-136.49582187800283,59.65176252258751],[-136.3447598343445,59.44435373297306],[-135.94925210140013,59.41781374208707],[-135.44042251571287,59.22686417965966],[-134.79222918448076,58.355946709594214],[-133.2782989996175,56.80493643199192]]]}"
18_00000000000000000004,16857,202.5290500428204,interiorNorth,3.990545281389605,northAmerica,2020.0,"{""type"":""Polygon"",""coordinates"":[[[-125.78851588947568,62.43386310228569],[-130.1830471539296,65.00048607099345],[-133.3471097882411,64.8888229349521],[-127.01898467392469,56.924285665026815],[-123.10785197460164,57.13950927662316],[-125.78851588947568,62.43386310228569]]]}"
18_00000000000000000005,30945,203.14749778905355,interiorSouth,3.1061993138273816,northAmerica,2020.0,"{""type"":""Polygon"",""coordinates"":[[[-117.86198040610651,53.54658015284136],[-121.81705857133142,55.20997693940518],[-122.43229293599396,54.117130845973364],[-109.24869921644746,41.844692424458984],[-109.10805103639578,45.17589845079466],[-114.52213665245216,50.29608344354586],[-117.86198040610651,53.54658015284136]]]}"
19_00000000000000000001,113969,195.5090679399036,alaskaRange,4.711688945807722,northAmerica,2021.0,"{""type"":""Polygon"",""coordinates"":[[[-142.69559869497132,63.658576890554436],[-147.52958311191153,64.12271798795739],[-155.6155207040104,62.34209439983524],[-154.82450508970584,59.61513665231871],[-152.7151300766197,59.615136623340106],[-151.39677069111144,60.96524980420053],[-151.4846612750807,62.17845808075143],[-148.1448175845232,63.26589949552079],[-144.2776299416444,62.947860195816155],[-142.69559869497132,63.658576890554436]]]}"
19_00000000000000000002,118473,198.58506951345703,coastNorth,5.894813434039545,northAmerica,2021.0,"{""type"":""Polygon"",""coordinates"":[[[-150.95731748305514,59.07741924376406],[-148.05692687971768,59.792488943975286],[-147.26591140896588,60.87982165954488],[-144.01395814088096,60.05675973326158],[-142.08036437067173,59.924887421047],[-138.5647394417443,58.986969984821016],[-136.71903630928452,58.06931384768346],[-134.4816074077718,56.21348849007009],[-134.78544252843844,58.34713473418922],[-135.4446222416414,59.19014660690132],[-136.3159854782398,59.4203774653748],[-136.6253127318002,59.74517347635442],[-136.91679019482007,59.88081310313772],[-136.91679024245983,60.525002379261714],[-140.7880854665634,62.111220063119326],[-143.24902298466066,62.701503904112265],[-149.37939403802804,62.254769051975366],[-149.15966741919016,61.43576106518889],[-149.88476507908354,60.55148747169202],[-151.88427686283785,59.29634124249106],[-150.95731748305514,59.07741924376406]]]}"
19_00000000000000000003,95700,197.1702363588665,coastSouth,5.414033246990389,northAmerica,2021.0,"{""type"":""Polygon"",""coordinates"":[[[-133.2782989996175,56.80493643199192],[-130.33396313526515,55.10775609165685],[-130.42185367252972,54.115287634622916],[-127.21384593006563,51.23904791498195],[-123.56638493970132,49.21526220973648],[-121.14939280876122,49.415795278669094],[-121.72068186474563,50.824500515972744],[-125.36814273714766,52.27269291983206],[-126.94889528196218,53.80376949343217],[-126.33453717507061,55.564666185931564],[-126.81793551293563,56.576417568071385],[-128.4658847739345,57.58536845107009],[-131.68044159400736,58.13457891001171],[-133.3503633909476,59.095719556845616],[-135.0422579271946,60.01968175432444],[-136.25075407625658,60.27942497747531],[-136.6990690933612,59.8427222644708],[-136.49582187800283,59.65176252258751],[-136.3447598343445,59.44435373297306],[-135.94925210140013,59.41781374208707],[-135.44042251571287,59.22686417965966],[-134.79222918448076,58.355946709594214],[-133.2782989996175,56.80493643199192]]]}"
19_00000000000000000004,16866,196.8694530767609,interiorNorth,3.8114239770033302,northAmerica,2021.0,"{""type"":""Polygon"",""coordinates"":[[[-125.78851588947568,62.43386310228569],[-130.1830471539296,65.00048607099345],[-133.3471097882411,64.8888229349521],[-127.01898467392469,56.924285665026815],[-123.10785197460164,57.13950927662316],[-125.78851588947568,62.43386310228569]]]}"
19_00000000000000000005,30873,193.90874109783863,interiorSouth,3.7627953792797064,northAmerica,2021.0,"{""type"":""Polygon"",""coordinates"":[[[-117.86198040610651,53.54658015284136],[-121.81705857133142,55.20997693940518],[-122.43229293599396,54.117130845973364],[-109.24869921644746,41.844692424458984],[-109.10805103639578,45.17589845079466],[-114.52213665245216,50.29608344354586],[-117.86198040610651,53.54658015284136]]]}"
20_00000000000000000001,116149,195.9473621562061,alaskaRange,5.781761387027071,northAmerica,2022.0,"{""type"":""Polygon"",""coordinates"":[[[-142.69559869497132,63.658576890554436],[-147.52958311191153,64.12271798795739],[-155.6155207040104,62.34209439983524],[-154.82450508970584,59.61513665231871],[-152.7151300766197,59.615136623340106],[-151.39677069111144,60.96524980420053],[-151.4846612750807,62.17845808075143],[-148.1448175845232,63.26589949552079],[-144.2776299416444,62.947860195816155],[-142.69559869497132,63.658576890554436]]]}"
20_00000000000000000002,132223,195.65937713947582,coastNorth,6.800552611227336,northAmerica,2022.0,"{""type"":""Polygon"",""coordinates"":[[[-150.95731748305514,59.07741924376406],[-148.05692687971768,59.792488943975286],[-147.26591140896588,60.87982165954488],[-144.01395814088096,60.05675973326158],[-142.08036437067173,59.924887421047],[-138.5647394417443,58.986969984821016],[-136.71903630928452,58.06931384768346],[-134.4816074077718,56.21348849007009],[-134.78544252843844,58.34713473418922],[-135.4446222416414,59.19014660690132],[-136.3159854782398,59.4203774653748],[-136.6253127318002,59.74517347635442],[-136.91679019482007,59.88081310313772],[-136.91679024245983,60.525002379261714],[-140.7880854665634,62.111220063119326],[-143.24902298466066,62.701503904112265],[-149.37939403802804,62.254769051975366],[-149.15966741919016,61.43576106518889],[-149.88476507908354,60.55148747169202],[-151.88427686283785,59.29634124249106],[-150.95731748305514,59.07741924376406]]]}"
20_00000000000000000003,94933,199.35026397832317,coastSouth,5.819257090187855,northAmerica,2022.0,"{""type"":""Polygon"",""coordinates"":[[[-133.2782989996175,56.80493643199192],[-130.33396313526515,55.10775609165685],[-130.42185367252972,54.115287634622916],[-127.21384593006563,51.23904791498195],[-123.56638493970132,49.21526220973648],[-121.14939280876122,49.415795278669094],[-121.72068186474563,50.824500515972744],[-125.36814273714766,52.27269291983206],[-126.94889528196218,53.80376949343217],[-126.33453717507061,55.564666185931564],[-126.81793551293563,56.576417568071385],[-128.4658847739345,57.58536845107009],[-131.68044159400736,58.13457891001171],[-133.3503633909476,59.095719556845616],[-135.0422579271946,60.01968175432444],[-136.25075407625658,60.27942497747531],[-136.6990690933612,59.8427222644708],[-136.49582187800283,59.65176252258751],[-136.3447598343445,59.44435373297306],[-135.94925210140013,59.41781374208707],[-135.44042251571287,59.22686417965966],[-134.79222918448076,58.355946709594214],[-133.2782989996175,56.80493643199192]]]}"
20_00000000000000000004,16866,199.45967793109068,interiorNorth,3.5000133283955077,northAmerica,2022.0,"{""type"":""Polygon"",""coordinates"":[[[-125.78851588947568,62.43386310228569],[-130.1830471539296,65.00048607099345],[-133.3471097882411,64.8888229349521],[-127.01898467392469,56.924285665026815],[-123.10785197460164,57.13950927662316],[-125.78851588947568,62.43386310228569]]]}"
20_00000000000000000005,30917,199.32521259401776,interiorSouth,2.9310402726163765,northAmerica,2022.0,"{""type"":""Polygon"",""coordinates"":[[[-117.86198040610651,53.54658015284136],[-121.81705857133142,55.20997693940518],[-122.43229293599396,54.117130845973364],[-109.24869921644746,41.844692424458984],[-109.10805103639578,45.17589845079466],[-114.52213665245216,50.29608344354586],[-117.86198040610651,53.54658015284136]]]}"
