name,date,mean,stdDev,count
alaskaRange,2000-06-01,3.6043309184596905E-5,8.286063850022498E-4,84632
coastNorth,2000-06-01,6.042422010717711E-6,1.576975936793703E-4,95438
coastSouth,2000-06-01,8.125049471125875E-6,1.6282125969326335E-4,75498
interiorNorth,2000-06-01,3.2893900285546265E-5,4.462286716999289E-4,12159
interiorSouth,2000-06-01,2.0568218106001106E-4,0.0010269340398775131,21674
alaskaRange,2000-06-09,0.0012769289446075683,0.005489469847425942,50869
coastNorth,2000-06-09,1.68509403091891E-5,3.062995891993732E-4,108160
coastSouth,2000-06-09,1.750758404230741E-5,2.47463352013439E-4,58466
interiorNorth,2000-06-09,7.108767629439671E-7,1.505122222293881E-5,3145
interiorSouth,2000-06-09,0.0012071228672231736,0.00207475203740547,5524
alaskaRange,2000-06-17,0.0014265372158739748,0.006060287898491244,54705
coastNorth,2000-06-17,2.864808162583712E-5,3.302044681823042E-4,110196
coastSouth,2000-06-17,7.517341246122427E-5,6.561973480532186E-4,58689
interiorNorth,2000-06-17,1.8204818151786294E-4,0.001152130399176253,1420
interiorSouth,2000-06-17,0.0015603895289042825,0.002914273515157579,1384
alaskaRange,2000-06-25,9.495765508343773E-4,0.003305805092935463,29936
coastNorth,2000-06-25,4.44995630977363E-5,5.246657720831438E-4,56771
coastSouth,2000-06-25,1.3861826704346996E-4,0.0010068236834519352,53174
interiorNorth,2000-06-25,0.002147867888839765,0.006739923125702939,3660
interiorSouth,2000-06-25,9.156920071109957E-4,0.0021251912892090844,13459
alaskaRange,2000-07-03,0.0013559168139924045,0.006058997753748515,33632
coastNorth,2000-07-03,1.9482403309104286E-4,0.0015316957392690104,85847
coastSouth,2000-07-03,8.485022807041634E-5,9.759018035852652E-4,50106
interiorNorth,2000-07-03,0.0014897473714566617,0.005284599532565064,5417
interiorSouth,2000-07-03,0.0018535419188028556,0.002898654782116727,4218
alaskaRange,2000-07-11,0.00128340208741829,0.003642076989599427,18704
coastNorth,2000-07-11,8.447312539771232E-4,0.002840915844913673,31394
coastSouth,2000-07-11,9.190864662271234E-5,7.469214143190761E-4,40403
interiorNorth,2000-07-11,7.853633590133452E-4,0.0030854640865635697,1025
interiorSouth,2000-07-11,0.004487961065509476,0.00536383893727929,6493
alaskaRange,2000-07-19,0.003267892834995238,0.0058361186169302885,31324
coastNorth,2000-07-19,0.0014147449506653966,0.004536815543179835,66589
coastSouth,2000-07-19,6.354930821561683E-4,0.0020722138132745153,11901
interiorNorth,2000-07-19,0.0034408972189255036,0.0068053620261767514,3975
interiorSouth,2000-07-19,0.005962790783012365,0.006203550478987065,4984
alaskaRange,2000-07-27,0.0023368189562881525,0.004947224156242397,7723
coastNorth,2000-07-27,0.0021569187163468133,0.005529178585335632,55231
coastSouth,2000-07-27,6.638831276955359E-4,0.0029156885615656777,34414
interiorNorth,2000-07-27,0.004161860620235953,0.007004223832626743,4069
interiorSouth,2000-07-27,0.00880629821674923,0.008914924407065218,8260
alaskaRange,2000-08-04,0.003678771716199423,0.00747413600073195,513
coastNorth,2000-08-04,0.001123497858049817,0.003745988723629607,64994
coastSouth,2000-08-04,7.704464562605438E-4,0.003091307852742524,52305
interiorNorth,2000-08-04,0.00484389450051524,0.006662350667967809,7624
interiorSouth,2000-08-04,0.005795696719554269,0.00655226919747169,14261
alaskaRange,2000-08-12,0.005002933335868084,0.008112702761377478,16543
coastNorth,2000-08-12,6.992114852170129E-4,0.003777739574563474,22089
coastSouth,2000-08-12,5.891347763080238E-4,0.0021098755633031097,24395
interiorNorth,2000-08-12,2.1213635965591912E-4,9.323880732543203E-4,6341
interiorSouth,2000-08-12,0.00240123948334849,0.005839828124399189,12248
alaskaRange,2000-08-20,0.004193532555322687,0.007392545125863012,35134
coastNorth,2000-08-20,0.0017507308700714726,0.004573757930643313,78253
coastSouth,2000-08-20,0.00133374817248218,0.0038832300825174465,18209
interiorNorth,2000-08-20,1.9605642785741525E-4,6.802795547709259E-4,1375
interiorSouth,2000-08-20,0.007630271753602366,0.009005941308180887,9033
alaskaRange,2000-08-28,0.004013913220030761,0.006988075570413717,68739
coastNorth,2000-08-28,0.0018985966502943453,0.005105123867728182,94368
coastSouth,2000-08-28,0.0013709899672059065,0.0038070364155953877,45716
interiorNorth,2000-08-28,0.0021856206275390573,0.0034456047141261017,4924
interiorSouth,2000-08-28,0.004460549694944201,0.006132233136950265,7168
alaskaRange,2001-06-02,2.1438433157830753E-4,9.608500955342889E-4,76878
coastNorth,2001-06-02,5.7351146221383865E-5,5.337729640041555E-4,111315
coastSouth,2001-06-02,2.696387990788271E-4,9.863259363526906E-4,61365
interiorNorth,2001-06-02,2.7148413111004085E-4,9.206601247454362E-4,2493
interiorSouth,2001-06-02,0.0026908858531869825,0.0031665865359382143,4107
alaskaRange,2001-06-10,9.335818330115033E-4,0.005166948139975022,66148
coastNorth,2001-06-10,1.1256134015618513E-4,7.509914267772883E-4,54436
coastSouth,2001-06-10,3.744197029612721E-5,4.0989531831378377E-4,81582
interiorNorth,2001-06-10,1.0636744886073827E-4,0.0012710902612883379,7154
interiorSouth,2001-06-10,0.0016257174065709232,0.0025206438718751076,10882
alaskaRange,2001-06-26,0.0,0.0,283
coastNorth,2001-06-26,2.6208468128461075E-6,4.416784482407407E-5,29596
coastSouth,2001-06-26,2.592002390994697E-4,0.0012678424786770604,28294
interiorNorth,2001-06-26,,,0
interiorSouth,2001-06-26,0.004364124913744318,0.004615635249199446,24659
alaskaRange,2001-07-04,0.0014088078808795316,0.004245849030832197,32005
coastNorth,2001-07-04,8.243931822639874E-4,0.002756640175929879,47895
coastSouth,2001-07-04,6.828384437772336E-4,0.00207543131755569,28132
interiorNorth,2001-07-04,9.441746264500202E-4,0.003531628311689066,3299
interiorSouth,2001-07-04,0.006149729191378263,0.007452750598305036,7501
alaskaRange,2001-07-12,0.003922867202735131,0.008998136956850332,32141
coastNorth,2001-07-12,0.0013287089742855867,0.003888285712954174,82015
coastSouth,2001-07-12,4.732990296542391E-4,0.0019115239874082871,25334
interiorNorth,2001-07-12,0.0026501979308312753,0.005778818952976668,4388
interiorSouth,2001-07-12,0.004638747101412014,0.006822514355576039,2669
alaskaRange,2001-07-20,0.0034999112546676724,0.007323879693504361,20602
coastNorth,2001-07-20,0.001814899596901624,0.005111518523423984,37852
coastSouth,2001-07-20,8.035976702371136E-4,0.002777846034829041,35260
interiorNorth,2001-07-20,0.0010794329479520254,0.003799058298766477,2880
interiorSouth,2001-07-20,0.003645680226391858,0.00629602652839039,5417
alaskaRange,2001-07-28,0.004760858489250444,0.008980053430531652,27201
coastNorth,2001-07-28,0.0029089249369071246,0.007071791677894218,59490
coastSouth,2001-07-28,8.85058265371041E-4,0.0035690283256043453,25694
interiorNorth,2001-07-28,0.0018999129830886776,0.005983939032889105,2776
interiorSouth,2001-07-28,0.0039555605500119035,0.008018324064211076,3133
alaskaRange,2001-08-05,0.007609263884272943,0.011381794849463273,36964
coastNorth,2001-08-05,0.0036746854801019383,0.007247944724417576,81004
coastSouth,2001-08-05,0.0018767432409850498,0.004436958672522206,42713
interiorNorth,2001-08-05,0.005055952688070367,0.007041844434016361,4815
interiorSouth,2001-08-05,0.006245148707135093,0.009472114146241824,16302
alaskaRange,2001-08-13,0.008610117044440082,0.012991117896875109,45404
coastNorth,2001-08-13,0.0026974562527074058,0.00698665565155543,71812
coastSouth,2001-08-13,0.001980637602303626,0.0053149579384972855,44046
interiorNorth,2001-08-13,0.00454895709564834,0.0077417814287297744,7552
interiorSouth,2001-08-13,0.006715207492202811,0.011936666464708652,16812
alaskaRange,2001-08-21,0.007974335099828065,0.012233528910747084,54523
coastNorth,2001-08-21,0.003486883289977511,0.007480826977100841,65535
coastSouth,2001-08-21,6.92080320299702E-4,0.002524242495666167,15208
interiorNorth,2001-08-21,0.002314001521659282,0.004402437363707473,2309
interiorSouth,2001-08-21,0.0025825508785418333,0.005431758678021239,10462
alaskaRange,2001-08-29,0.00621544964562259,0.01059042623248889,36590
coastNorth,2001-08-29,0.0028783990405833247,0.006400425430746046,69422
coastSouth,2001-08-29,0.0015357651353875344,0.003552666082103924,16823
interiorNorth,2001-08-29,0.006402732814464544,0.009979630818280308,4238
interiorSouth,2001-08-29,0.0033429494644983677,0.0071196281624925275,11744
alaskaRange,2002-06-02,9.395780293325525E-4,0.0039620524146256235,21207
coastNorth,2002-06-02,1.2544806777424605E-4,9.761487453478235E-4,80099
coastSouth,2002-06-02,3.2078727412162774E-4,0.0012056549337177902,31201
interiorNorth,2002-06-02,0.0015562547778783012,0.002221924985774847,5613
interiorSouth,2002-06-02,0.0011292603782145278,0.0023782362140333793,12530
alaskaRange,2002-06-10,0.0021506434861979216,0.007728023444793869,67178
coastNorth,2002-06-10,2.4213618203350112E-4,0.0023331952582051896,102706
coastSouth,2002-06-10,0.0017869460515326444,0.005078588556274054,63022
interiorNorth,2002-06-10,2.6720343640319476E-4,0.0013762511674951005,7296
interiorSouth,2002-06-10,0.0031940427938783374,0.005657727030466141,20437
alaskaRange,2002-06-18,0.00312097698250876,0.008340400774095627,37309
coastNorth,2002-06-18,6.940191044246848E-4,0.0026109940650391964,73502
coastSouth,2002-06-18,7.313298092104532E-4,0.002542494035421838,28080
interiorNorth,2002-06-18,0.0015207606082262523,0.003665313373668558,2882
interiorSouth,2002-06-18,0.0032717403291348695,0.004842527046566392,7454
alaskaRange,2002-06-26,0.0016470028949595226,0.005307872359703887,41168
coastNorth,2002-06-26,7.451882306606E-4,0.003203679895848263,72813
coastSouth,2002-06-26,1.7512352703470216E-4,0.0010679723567971968,11663
interiorNorth,2002-06-26,1.0811786320025958E-4,4.729257593456032E-4,863
interiorSouth,2002-06-26,0.005658588726255893,0.004908988678883132,10596
alaskaRange,2002-07-04,0.0023455707256488474,0.005168434038779691,3425
coastNorth,2002-07-04,2.72151656228861E-5,2.639679332891687E-4,3062
coastSouth,2002-07-04,3.479022178787243E-4,0.0014136961867308212,3990
interiorNorth,2002-07-04,,,0
interiorSouth,2002-07-04,0.003147326661209769,0.009021236718475677,3516
alaskaRange,2002-07-12,0.003874187802750278,0.007618332182056857,44071
coastNorth,2002-07-12,0.001680115444599392,0.0045375566089892695,74590
coastSouth,2002-07-12,6.907590789783736E-4,0.002064975228086027,9222
interiorNorth,2002-07-12,0.001106526831085416,0.003179259395404473,2966
interiorSouth,2002-07-12,0.013113858279613094,0.010994483571036922,7945
alaskaRange,2002-07-20,0.004210493962021104,0.008635348188789806,25766
coastNorth,2002-07-20,0.0026178555590095597,0.005607132225945021,31924
coastSouth,2002-07-20,0.001512078329677355,0.00416861761353239,23375
interiorNorth,2002-07-20,0.002277493617692662,0.005235079080447444,899
interiorSouth,2002-07-20,0.012149343460327984,0.011794140148104837,9854
alaskaRange,2002-07-28,0.007001650268346157,0.010752989018277922,56598
coastNorth,2002-07-28,0.0033789629856466846,0.007185180709748095,95192
coastSouth,2002-07-28,8.156171375583262E-4,0.003334763194543828,26516
interiorNorth,2002-07-28,0.0041665369468961355,0.0036094809797461184,7766
interiorSouth,2002-07-28,0.005315268885124823,0.008260307162837563,974
alaskaRange,2002-08-05,0.007305644370650495,0.01143910631118235,26502
coastNorth,2002-08-05,0.0034501582213405553,0.006845013861119618,51646
coastSouth,2002-08-05,0.0017630719742826213,0.004776479596906496,44230
interiorNorth,2002-08-05,0.0015884809809881197,0.0030228962081481872,1775
interiorSouth,2002-08-05,0.008713245034773862,0.009182203487490373,7841
alaskaRange,2002-08-13,0.004113683745613688,0.00869778509790589,51886
coastNorth,2002-08-13,0.004099195024695669,0.007311842189405127,93329
coastSouth,2002-08-13,0.002054408996741762,0.005155315031081802,53581
interiorNorth,2002-08-13,0.00447363622216998,0.00870842377493633,760
interiorSouth,2002-08-13,0.009743537594968819,0.010386840042119282,6634
alaskaRange,2002-08-21,0.003067948817446738,0.007691186730842786,45723
coastNorth,2002-08-21,0.003741005839962202,0.007136714069612315,87442
coastSouth,2002-08-21,0.0016250130099071895,0.004143387928705271,16612
interiorNorth,2002-08-21,0.0016557955034617064,0.0027677808323885674,759
interiorSouth,2002-08-21,0.005845991393749602,0.009974754276051946,16118
alaskaRange,2002-08-29,0.0029810182265101763,0.0069042836322394125,57919
coastNorth,2002-08-29,0.004274039464446545,0.007953480726730553,92944
coastSouth,2002-08-29,0.002505907343190909,0.004905269186229825,58085
interiorNorth,2002-08-29,0.0034446776615297565,0.005073614945280427,4928
interiorSouth,2002-08-29,0.0059574275999846734,0.010249614380847273,9597
alaskaRange,2003-06-02,0.0011949502653751086,0.003807313692546432,51362
coastNorth,2003-06-02,9.38651486610479E-4,0.0023513956531658457,105946
coastSouth,2003-06-02,5.877121907048022E-4,0.0016634192935207617,86675
interiorNorth,2003-06-02,0.0013939145450148794,0.002950665306481974,5671
interiorSouth,2003-06-02,0.0031882457099416755,0.003472530875133786,16988
alaskaRange,2003-06-10,0.004072859650031248,0.010244394191621257,66320
coastNorth,2003-06-10,9.519427493439376E-4,0.0034918419720990183,82675
coastSouth,2003-06-10,5.635211475051565E-4,0.001625284796193577,32863
interiorNorth,2003-06-10,0.0014394461403106921,0.003713480012058022,2963
interiorSouth,2003-06-10,0.002994135267830961,0.003732507219988025,7993
alaskaRange,2003-06-18,0.0019062319951693733,0.004416593909700305,22470
coastNorth,2003-06-18,2.144607029142918E-4,0.0011578682952234818,37646
coastSouth,2003-06-18,2.815137997364451E-4,0.0012805085447806987,35607
interiorNorth,2003-06-18,0.004392161451178716,0.0034858270093266223,5505
interiorSouth,2003-06-18,0.005324222056045384,0.00519992781508439,4291
alaskaRange,2003-06-26,0.002935838295703191,0.008469404881451694,45748
coastNorth,2003-06-26,7.068285553629754E-4,0.003043016242507176,77530
coastSouth,2003-06-26,2.662539639892695E-4,0.001107335083735477,26814
interiorNorth,2003-06-26,6.523097044445124E-4,0.001394648094344805,1688
interiorSouth,2003-06-26,0.0070437475724768545,0.006937539654959772,6452
alaskaRange,2003-07-04,0.004331452699886151,0.009188647716408163,44377
coastNorth,2003-07-04,0.0016056535724963067,0.005096428143587721,87376
coastSouth,2003-07-04,6.719443334671397E-4,0.002305792535041613,42291
interiorNorth,2003-07-04,0.0029823310146869578,0.006875977273823757,4485
interiorSouth,2003-07-04,0.009779711207607582,0.00746484563719264,11684
alaskaRange,2003-07-12,0.0032905524054220718,0.006405525492937907,46003
coastNorth,2003-07-12,0.0016908563707467826,0.004630932738323027,75551
coastSouth,2003-07-12,0.001437573977412052,0.003487797431356086,23870
interiorNorth,2003-07-12,0.003975545976359682,0.005218545540622292,2201
interiorSouth,2003-07-12,0.010969337944647604,0.00913697514819174,7535
alaskaRange,2003-07-20,0.004372025807653253,0.00761685667505239,18117
coastNorth,2003-07-20,0.001986130168737506,0.004446430353193543,60829
coastSouth,2003-07-20,0.0023801434700355764,0.005771444488651457,45473
interiorNorth,2003-07-20,0.005080202601097622,0.007638645561425339,4886
interiorSouth,2003-07-20,0.008942799755846675,0.009536167336350283,12073
alaskaRange,2003-07-28,0.0031101441815400187,0.0058104468923548605,54061
coastNorth,2003-07-28,0.0017661943979661225,0.004053995627973887,56563
coastSouth,2003-07-28,0.005102164661715134,0.007435677340436072,48145
interiorNorth,2003-07-28,0.007932749981789167,0.008542490325304028,7934
interiorSouth,2003-07-28,0.004856084070186038,0.009648668161877628,15537
alaskaRange,2003-08-05,0.005107429725082301,0.009619191655498927,51758
coastNorth,2003-08-05,0.0028896326602758098,0.006090898347478575,92570
coastSouth,2003-08-05,0.0026805603717862925,0.005759874691880322,55340
interiorNorth,2003-08-05,0.009641831810931185,0.010071362674802267,7153
interiorSouth,2003-08-05,0.003580601511862588,0.00777356648199467,9823
alaskaRange,2003-08-13,0.0016062948949427315,0.00451128294291229,11494
coastNorth,2003-08-13,0.002479478536408277,0.004999404194921972,53366
coastSouth,2003-08-13,0.002717466795202597,0.005899156471096661,23956
interiorNorth,2003-08-13,0.004279032219161106,0.0077920444058182685,5210
interiorSouth,2003-08-13,0.0028984880632892595,0.007537605987024555,12886
alaskaRange,2003-08-21,0.0037233513760948386,0.006821777269029034,45660
coastNorth,2003-08-21,0.0033329892761019674,0.00580685946338574,73507
coastSouth,2003-08-21,0.0029259690683532793,0.005305133304080925,51464
interiorNorth,2003-08-21,0.002187902960030249,0.004872832157188714,4125
interiorSouth,2003-08-21,0.0035001467483526385,0.009148983379411847,8729
alaskaRange,2003-08-29,0.0016766049468878066,0.004562432616637273,29444
coastNorth,2003-08-29,0.0022779549849872927,0.004398898633702704,82965
coastSouth,2003-08-29,0.0029483623600495956,0.005788799766430081,45757
interiorNorth,2003-08-29,0.0067313193335358954,0.007104751102058485,5144
interiorSouth,2003-08-29,0.0025703232294672657,0.007777964022263447,15383
alaskaRange,2004-06-01,0.0017789173735228518,0.006872289667129264,48471
coastNorth,2004-06-01,6.82836557349818E-5,9.302164876105143E-4,100884
coastSouth,2004-06-01,4.5634036604225994E-4,0.0016869696165160162,46313
interiorNorth,2004-06-01,0.0011784435934051247,0.0018153568067392678,6591
interiorSouth,2004-06-01,6.068350582566205E-4,0.0017156621998111077,14618
alaskaRange,2004-06-09,9.38680827665567E-4,0.005082200243667639,26880
coastNorth,2004-06-09,2.304610984593319E-4,0.0015223537726961442,45342
coastSouth,2004-06-09,4.939837799693018E-4,0.0017403469574719566,44279
interiorNorth,2004-06-09,7.251163608653128E-4,0.002081579507287251,6297
interiorSouth,2004-06-09,6.939663080408244E-4,0.002033308440890086,3166
alaskaRange,2004-06-17,0.0022656245738365034,0.006862250272049366,56991
coastNorth,2004-06-17,0.0017929234496735322,0.007305852098042897,94056
coastSouth,2004-06-17,0.0024923259849043713,0.004829318971592647,71022
interiorNorth,2004-06-17,0.02165950346763867,0.01776996263814406,10789
interiorSouth,2004-06-17,0.004375871105913741,0.005281359671617358,20334
alaskaRange,2004-06-25,0.008831621341925017,0.011300223590747397,74382
coastNorth,2004-06-25,0.012536445021655749,0.01349429380485267,97978
coastSouth,2004-06-25,0.015132539069288634,0.01210164697259448,45783
interiorNorth,2004-06-25,0.009213594791132438,0.009043810671268283,5269
interiorSouth,2004-06-25,0.017909798058818798,0.010932920568950961,14781
alaskaRange,2004-07-03,0.002609675437835738,0.006310033062495008,23055
coastNorth,2004-07-03,0.002770295448676804,0.005953213673896652,70649
coastSouth,2004-07-03,0.003511996088412737,0.005271695981179956,14450
interiorNorth,2004-07-03,0.007963048276966114,0.009577385903988218,4766
interiorSouth,2004-07-03,0.005456286345633774,0.006740477195655117,2027
alaskaRange,2004-07-11,0.003424561019402066,0.007093480702411376,44850
coastNorth,2004-07-11,0.0041857591076793375,0.007555224176829159,81128
coastSouth,2004-07-11,0.003021010818219998,0.005406496862297097,51775
interiorNorth,2004-07-11,0.00480933948148779,0.007786707020557092,6913
interiorSouth,2004-07-11,0.006220849139406359,0.007972131504650069,7229
alaskaRange,2004-07-19,0.0027295367000878226,0.0066765566878761355,26547
coastNorth,2004-07-19,0.00217422927729706,0.005140600026669575,53856
coastSouth,2004-07-19,0.0019109791437086031,0.0046677212567876065,39660
interiorNorth,2004-07-19,0.005048121822281399,0.009131501844388622,5254
interiorSouth,2004-07-19,0.005558310626222739,0.008311171135842295,10801
alaskaRange,2004-07-27,0.003319899357661273,0.007589360883339767,45696
coastNorth,2004-07-27,0.0035525253893394144,0.00717043876949881,78083
coastSouth,2004-07-27,0.002425522255459427,0.005180698059599506,30354
interiorNorth,2004-07-27,0.003752340228946342,0.008543315360025895,3861
interiorSouth,2004-07-27,0.004083557234113347,0.0065986009401544365,13105
alaskaRange,2004-08-04,0.0034308109850317396,0.00781076809448208,53979
coastNorth,2004-08-04,0.0037464705783880558,0.0077486595908222485,90019
coastSouth,2004-08-04,0.0019214996912900323,0.004636761488081246,54979
interiorNorth,2004-08-04,0.004639367450968469,0.008956062982982906,6802
interiorSouth,2004-08-04,0.0020241542112071314,0.004987370487163144,14615
alaskaRange,2004-08-12,0.00341515699237817,0.007720114614440116,53563
coastNorth,2004-08-12,0.004017905198874722,0.007632711939980859,98170
coastSouth,2004-08-12,0.0026961194896379607,0.005748668676639309,63064
interiorNorth,2004-08-12,0.002952570364476946,0.0075873054508175455,9397
interiorSouth,2004-08-12,0.0016285849191833312,0.00613771389123194,16293
alaskaRange,2004-08-20,0.003607780732928709,0.007840218462128342,52425
coastNorth,2004-08-20,0.004540299896629727,0.008100028111226624,93760
coastSouth,2004-08-20,0.0029329969479297354,0.005451602263260722,56519
interiorNorth,2004-08-20,0.0045150407212007915,0.008474017174901637,5584
interiorSouth,2004-08-20,0.0015128711657647282,0.004448343089624217,5741
alaskaRange,2004-08-28,0.003821717836676789,0.0072649421971240635,50593
coastNorth,2004-08-28,0.005089622811093647,0.007773065134097596,98359
coastSouth,2004-08-28,0.0022320911113742725,0.004527354726958878,46324
interiorNorth,2004-08-28,0.0024088606243624425,0.004829771224878829,3680
interiorSouth,2004-08-28,2.925469445961787E-4,0.0013163089771652818,3581
alaskaRange,2005-06-02,7.878424615785259E-4,0.0036987282008852716,56824
coastNorth,2005-06-02,3.048757604888665E-4,0.0013849821403175986,90781
coastSouth,2005-06-02,3.2807385661747E-4,0.0015620366520348247,48110
interiorNorth,2005-06-02,0.001732791035737495,0.005075490325012841,5117
interiorSouth,2005-06-02,0.002122386577142771,0.003979268138749707,2370
alaskaRange,2005-06-10,0.0030545630774419597,0.008055643394904667,51815
coastNorth,2005-06-10,0.0011920726207097563,0.005883842563602507,88992
coastSouth,2005-06-10,7.806174094640729E-4,0.002501502424427513,38133
interiorNorth,2005-06-10,0.002030194778178514,0.003326219789857474,9130
interiorSouth,2005-06-10,0.002901617922138831,0.0036591094244381897,1383
alaskaRange,2005-06-18,0.005729147641576079,0.008693916863714376,41245
coastNorth,2005-06-18,0.002564249180109828,0.006580454213512125,80427
coastSouth,2005-06-18,0.0012545829300545824,0.0035556006171837966,38534
interiorNorth,2005-06-18,0.007584811627568435,0.005030138884142974,3331
interiorSouth,2005-06-18,0.004008084957555814,0.005845394492059277,4287
alaskaRange,2005-06-26,0.015967067090375577,0.014984735923504808,42970
coastNorth,2005-06-26,0.0019893033465551223,0.006874556432427836,64084
coastSouth,2005-06-26,0.0015745237112913656,0.003712098528997659,13904
interiorNorth,2005-06-26,0.0045593202628318045,0.0060460972137283955,3760
interiorSouth,2005-06-26,0.006016123678051705,0.0069192986088854715,2686
alaskaRange,2005-07-04,0.00825503571068466,0.012272400188413522,41646
coastNorth,2005-07-04,0.0032940972009809374,0.0070696509785841116,61736
coastSouth,2005-07-04,0.0035531090108989207,0.0064891971436184265,9973
interiorNorth,2005-07-04,0.008191368074523187,0.013003018866230433,1343
interiorSouth,2005-07-04,0.008013146006402159,0.00930440550470145,1736
alaskaRange,2005-07-12,0.01066642327169918,0.012277678931208643,52860
coastNorth,2005-07-12,0.004872534168732276,0.008653587656788283,48151
coastSouth,2005-07-12,0.003358068987371037,0.007292957491214962,17161
interiorNorth,2005-07-12,0.011242912437088082,0.015482971160557826,1530
interiorSouth,2005-07-12,0.01162384953358696,0.011724115619870731,2757
alaskaRange,2005-07-20,0.012176891480564363,0.014355574390714304,55922
coastNorth,2005-07-20,0.0055506706140121854,0.009308410310765609,69502
coastSouth,2005-07-20,0.004366450261146293,0.0075983639204204425,18033
interiorNorth,2005-07-20,0.003592427279078237,0.0047309654471580035,1698
interiorSouth,2005-07-20,0.010396885559294645,0.011699641986439819,5850
alaskaRange,2005-07-28,0.006972632043332575,0.011452111779682793,23637
coastNorth,2005-07-28,0.002871624829702771,0.006566688111561355,7162
coastSouth,2005-07-28,0.004196776635294511,0.007667871434795178,9662
interiorNorth,2005-07-28,0.01135738215315997,0.014266037172640206,3107
interiorSouth,2005-07-28,0.007362961379729254,0.009309336580437809,9202
alaskaRange,2005-08-05,0.00893881299307035,0.013078873726814802,60600
coastNorth,2005-08-05,0.005692178731875645,0.00831488868741617,94880
coastSouth,2005-08-05,0.004689409186401975,0.007985914638695498,62442
interiorNorth,2005-08-05,0.020036532061834388,0.02004635725490718,7229
interiorSouth,2005-08-05,0.0051755265178292705,0.008882226788221877,10984
alaskaRange,2005-08-13,0.006812956348949743,0.010943020624193169,53085
coastNorth,2005-08-13,0.005142844028950164,0.009037058092876813,84358
coastSouth,2005-08-13,0.006259411206584866,0.008279577692859726,60191
interiorNorth,2005-08-13,0.018977510566842902,0.02068930317180564,6424
interiorSouth,2005-08-13,0.0053684199055458615,0.009756232474716832,16297
alaskaRange,2005-08-21,0.004234233909350766,0.008193146572810223,50992
coastNorth,2005-08-21,0.0044101642251418195,0.007632929568577566,82755
coastSouth,2005-08-21,0.0030727325170722642,0.00609874340383609,29177
interiorNorth,2005-08-21,0.013422139710582568,0.015572783777043731,6667
interiorSouth,2005-08-21,0.0037673699561524914,0.00700063880273604,15660
alaskaRange,2005-08-29,0.004887454711506886,0.008708942613768466,49414
coastNorth,2005-08-29,0.005997426624293449,0.0074509243044746706,67884
coastSouth,2005-08-29,0.0036510544730509317,0.005333011165270304,18297
interiorNorth,2005-08-29,0.002062180479575996,0.0037306405477954266,2337
interiorSouth,2005-08-29,0.0020137395910195667,0.0053439162764599216,2437
alaskaRange,2006-06-02,0.0015630986042795654,0.004928100676163747,66457
coastNorth,2006-06-02,0.001107259221131909,0.0029311137717165044,101627
coastSouth,2006-06-02,1.1005841086894723E-4,7.502416999691739E-4,63148
interiorNorth,2006-06-02,0.0017738347969409513,0.0041769248405943505,9339
interiorSouth,2006-06-02,0.004017377770974177,0.0047784825621698685,4012
alaskaRange,2006-06-10,5.447026571598518E-4,0.003548929056624682,21542
coastNorth,2006-06-10,5.644041291556028E-4,0.0030978191952615573,47982
coastSouth,2006-06-10,1.3666322898381493E-4,0.0010051553617901555,47088
interiorNorth,2006-06-10,6.768479386656271E-4,0.002092621087196521,3887
interiorSouth,2006-06-10,0.004250938818380182,0.004687401913763446,7145
alaskaRange,2006-06-18,0.0024110768334019536,0.00524638907418709,28075
coastNorth,2006-06-18,9.559047922618077E-4,0.002901570172154151,73100
coastSouth,2006-06-18,4.0973596321187316E-4,0.0014724440588276331,18752
interiorNorth,2006-06-18,0.002481144090140089,0.0042059948925319635,3060
interiorSouth,2006-06-18,0.005243562321941355,0.005623421840035535,10279
alaskaRange,2006-06-26,0.003276099498253124,0.008445051376812205,45307
coastNorth,2006-06-26,9.527241333515628E-4,0.002760639318710222,79642
coastSouth,2006-06-26,6.541441227928418E-4,0.002660166744098316,48397
interiorNorth,2006-06-26,0.0034252973330358423,0.006904878192724985,5794
interiorSouth,2006-06-26,0.008901473192465151,0.008636224003256532,10215
alaskaRange,2006-07-04,0.0034928338700008776,0.009292855176803025,46391
coastNorth,2006-07-04,0.0019450079062832213,0.006563991294686566,73847
coastSouth,2006-07-04,3.864679537171295E-4,0.001979158596834957,31377
interiorNorth,2006-07-04,0.001979634877132548,0.005861784809726759,3718
interiorSouth,2006-07-04,0.009291978630590626,0.010478173940593846,5879
alaskaRange,2006-07-12,0.006278898485672547,0.009176042576505433,18602
coastNorth,2006-07-12,0.003238005976224378,0.006287236763984156,71266
coastSouth,2006-07-12,7.909781393230257E-4,0.002843470576649539,14836
interiorNorth,2006-07-12,0.0020689114347393865,0.005186401915450689,2471
interiorSouth,2006-07-12,0.007474303699915888,0.009102253487174238,7392
alaskaRange,2006-07-20,0.008511414457103987,0.011752448828714282,57051
coastNorth,2006-07-20,0.0032524040602207867,0.006674416733230656,30340
coastSouth,2006-07-20,0.003993771617729597,0.007604092647386284,8736
interiorNorth,2006-07-20,0.002165106744256423,0.004514906008737101,991
interiorSouth,2006-07-20,0.0049816512599464135,0.008543497008743644,11105
alaskaRange,2006-07-28,0.007654693725488313,0.010340304369622983,24137
coastNorth,2006-07-28,0.006079434381451865,0.008809501813576079,57050
coastSouth,2006-07-28,0.0021504335929833705,0.005646788494859854,29494
interiorNorth,2006-07-28,0.004972001822722463,0.007702095111825355,4373
interiorSouth,2006-07-28,0.002343483708612714,0.0057001713903016065,2596
alaskaRange,2006-08-05,0.00733166224148229,0.011071666363162959,43364
coastNorth,2006-08-05,0.0045436059624956275,0.008117303602996777,62486
coastSouth,2006-08-05,0.002211212985773885,0.005401775353596682,18224
interiorNorth,2006-08-05,0.001260784843644081,0.0038058114782121544,3025
interiorSouth,2006-08-05,0.0025538981557592997,0.0059558401674882884,9167
alaskaRange,2006-08-13,0.0027605172230713826,0.006550199344052578,11865
coastNorth,2006-08-13,0.004743266585599673,0.006741420605834852,42896
coastSouth,2006-08-13,0.003133571486596826,0.006502023822845182,25175
interiorNorth,2006-08-13,0.007668236354827627,0.010641154623161522,6962
interiorSouth,2006-08-13,0.0015694553526620042,0.00521555443765172,16155
alaskaRange,2006-08-21,0.002195771817196003,0.005738061375801801,45258
coastNorth,2006-08-21,0.002270355906493759,0.004996682226143314,53648
coastSouth,2006-08-21,0.0021685153712127075,0.004929548653225189,16334
interiorNorth,2006-08-21,0.003952286150855981,0.0066328896952163935,2771
interiorSouth,2006-08-21,0.0012664748183614908,0.004503290272658778,17380
alaskaRange,2006-08-29,0.003154514232670154,0.006828332405850496,53140
coastNorth,2006-08-29,0.004341341471112495,0.007450470105000758,80318
coastSouth,2006-08-29,0.0017664086687545783,0.004972308933209638,30295
interiorNorth,2006-08-29,0.007535098427069549,0.012151159098827368,5218
interiorSouth,2006-08-29,0.0020360989232603047,0.006467790399387252,17334
alaskaRange,2007-06-02,7.038238689420618E-4,0.0023831401482123666,25345
coastNorth,2007-06-02,5.353159879223944E-5,5.040475048328188E-4,52472
coastSouth,2007-06-02,6.454238509387323E-5,4.64727945345281E-4,24683
interiorNorth,2007-06-02,0.005165423792176253,0.007240835500622755,6714
interiorSouth,2007-06-02,0.0013748863793577408,0.00288559727713005,15689
alaskaRange,2007-06-10,0.001885247696129656,0.00676541345774155,41322
coastNorth,2007-06-10,8.083651753407019E-4,0.005464173589007264,90026
coastSouth,2007-06-10,4.1690586180786015E-5,3.317048359209241E-4,19026
interiorNorth,2007-06-10,7.901754843189243E-4,0.0034756675305062127,3713
interiorSouth,2007-06-10,0.0025593023333026635,0.004502094906203288,2432
alaskaRange,2007-06-18,0.004831761563514821,0.010863392905328353,38074
coastNorth,2007-06-18,7.166535599099716E-4,0.00362694284912498,67715
coastSouth,2007-06-18,1.3268384575649701E-5,1.6374949910847808E-4,15147
interiorNorth,2007-06-18,0.00269899902452965,0.008791413910704392,1135
interiorSouth,2007-06-18,0.005355550614082097,0.005853309757428563,2879
alaskaRange,2007-06-26,0.0025862910570827687,0.0051137747846833875,36435
coastNorth,2007-06-26,7.284484838052811E-4,0.0028954984314032988,65697
coastSouth,2007-06-26,3.9510113301748754E-5,4.5711337483226547E-4,16032
interiorNorth,2007-06-26,5.368188123456687E-5,5.387617350755466E-4,2219
interiorSouth,2007-06-26,0.005105762214048711,0.005531650938794896,5124
alaskaRange,2007-07-04,0.0033744895720131947,0.009545988398451171,25505
coastNorth,2007-07-04,0.0011625740195361635,0.005330474289002846,59001
coastSouth,2007-07-04,3.5179092188307323E-4,0.0017723388796492534,29116
interiorNorth,2007-07-04,0.001069989956539568,0.0021859198567325327,1192
interiorSouth,2007-07-04,0.012069778279797974,0.011102677859372547,11588
alaskaRange,2007-07-12,0.004710544036227038,0.008847555224956007,39474
coastNorth,2007-07-12,0.0021981237423941403,0.0051753060227716,61452
coastSouth,2007-07-12,0.0012136125597936851,0.0034496876254194488,25917
interiorNorth,2007-07-12,0.003457747678740148,0.006589835326724772,2825
interiorSouth,2007-07-12,0.02134549721763202,0.015272341371191794,10685
alaskaRange,2007-07-20,0.004034325713461559,0.006991536539074735,39252
coastNorth,2007-07-20,0.0018067877820305952,0.004842567021779148,42096
coastSouth,2007-07-20,0.0027719975082554534,0.006196637279766756,18776
interiorNorth,2007-07-20,0.0010241884879849696,0.003752986059287936,1389
interiorSouth,2007-07-20,0.012833911806244942,0.012649781027209504,10092
alaskaRange,2007-07-28,0.003925191090854769,0.006619015827614507,26610
coastNorth,2007-07-28,0.0019104039012009266,0.005184644047065056,55749
coastSouth,2007-07-28,0.0016388362494279883,0.005162596488354441,38339
interiorNorth,2007-07-28,0.0028676654321956813,0.007630768197137568,2544
interiorSouth,2007-07-28,0.00895770435503183,0.012187137712936441,12262
alaskaRange,2007-08-05,0.004840732298503672,0.008285760620914953,50106
coastNorth,2007-08-05,0.002329194571719799,0.006067557345855837,76075
coastSouth,2007-08-05,0.0017024071733639128,0.006386239430803237,24652
interiorNorth,2007-08-05,0.0042378194071009,0.0070017588571244325,4745
interiorSouth,2007-08-05,0.005638720323784791,0.009234844373455028,4381
alaskaRange,2007-08-13,0.0033142318850104104,0.007521317073158171,45457
coastNorth,2007-08-13,0.001722658633008809,0.005025747948376941,70813
coastSouth,2007-08-13,0.0022513516028353315,0.007296264336607929,43557
interiorNorth,2007-08-13,0.004688619483254393,0.00996874150158012,6654
interiorSouth,2007-08-13,0.00498439644536152,0.008690594638838915,14967
alaskaRange,2007-08-21,0.0030767831246768704,0.0072492067348987835,51443
coastNorth,2007-08-21,0.0019978783458720955,0.005382389875094858,81165
coastSouth,2007-08-21,0.0030527638673067754,0.008632986395812841,22049
interiorNorth,2007-08-21,0.00158453646369279,0.0051400752526648275,3284
interiorSouth,2007-08-21,0.00257929567543166,0.005764709415060893,4432
alaskaRange,2007-08-29,0.0016402475232904835,0.004890630809587476,43759
coastNorth,2007-08-29,0.0020616374716558574,0.004944238557923947,83095
coastSouth,2007-08-29,0.002878220019918372,0.0079559363236216,16926
interiorNorth,2007-08-29,0.0013796926304424373,0.0037991657483335117,4464
interiorSouth,2007-08-29,0.0017403396193187005,0.004675174032361141,8062
alaskaRange,2008-06-01,2.845001094033108E-4,0.0014322648133546741,28740
coastNorth,2008-06-01,5.820948179692333E-4,0.001604944224594948,35884
coastSouth,2008-06-01,4.0290579175379914E-4,0.0015022155495448026,30730
interiorNorth,2008-06-01,1.0481328177155557E-4,5.713707829764978E-4,2745
interiorSouth,2008-06-01,0.0036558669284162994,0.003862122387112131,3649
alaskaRange,2008-06-09,0.004076156698768878,0.011465566707621446,38958
coastNorth,2008-06-09,4.1759897185660006E-4,0.0029438240765778364,72640
coastSouth,2008-06-09,4.8103934463924265E-4,0.0014482756411616868,55546
interiorNorth,2008-06-09,0.002236001366109949,0.003811043743248461,5981
interiorSouth,2008-06-09,0.0012273863168256929,0.0025219139344840515,3430
alaskaRange,2008-06-17,0.0054017011387303936,0.014340815049424041,29589
coastNorth,2008-06-17,4.916356185148943E-4,0.0016341826016396546,72027
coastSouth,2008-06-17,1.9952179099952107E-4,0.0014899449539787029,23693
interiorNorth,2008-06-17,3.9152025665125604E-4,0.0013622816739225782,4952
interiorSouth,2008-06-17,0.0023099725879264935,0.0033473307934473624,2974
alaskaRange,2008-06-25,0.0014771810374947154,0.004132354067593631,23466
coastNorth,2008-06-25,0.0021039394375254937,0.006304656157838385,82387
coastSouth,2008-06-25,0.0013498212378504379,0.0033490790424904405,39201
interiorNorth,2008-06-25,0.002363998065828264,0.0039509420518215165,5675
interiorSouth,2008-06-25,0.008569070757568582,0.007181741566096463,14163
alaskaRange,2008-07-03,0.0035529978351963197,0.00553741562735524,22326
coastNorth,2008-07-03,0.0032921539623819865,0.006254366265673843,24091
coastSouth,2008-07-03,0.0011620179779584048,0.0038702225508868877,11515
interiorNorth,2008-07-03,2.7433712797702732E-5,2.082392208847217E-4,1980
interiorSouth,2008-07-03,0.0112310465734183,0.007348510543743399,4265
alaskaRange,2008-07-11,0.006966677162042102,0.009652100897399716,24011
coastNorth,2008-07-11,0.0035492740642129052,0.0075607738708346655,55559
coastSouth,2008-07-11,8.869882113019338E-4,0.003106424803598962,20066
interiorNorth,2008-07-11,0.0030210480257619535,0.005793609254585566,3038
interiorSouth,2008-07-11,0.010304071500241013,0.010725140694947562,3176
alaskaRange,2008-07-19,0.005816326022741661,0.008063878664284178,38210
coastNorth,2008-07-19,0.00521585795300073,0.00776252089756619,26723
coastSouth,2008-07-19,0.002472967205594866,0.0047847747601087,16590
interiorNorth,2008-07-19,0.004560493914725485,0.00855765736794576,2304
interiorSouth,2008-07-19,0.014648325326417924,0.013345222521078082,8420
alaskaRange,2008-07-27,0.007295854985758804,0.010148005831510898,34380
coastNorth,2008-07-27,0.0037818220929794794,0.007140174976387442,52546
coastSouth,2008-07-27,0.0022130484325114125,0.005853496307984155,20511
interiorNorth,2008-07-27,0.004821539295878019,0.007295693285324828,3115
interiorSouth,2008-07-27,0.00728273332256488,0.010143015214625233,3210
alaskaRange,2008-08-04,0.005875929212168954,0.009569721852922299,37510
coastNorth,2008-08-04,0.006630210331733044,0.00886954790508514,68277
coastSouth,2008-08-04,0.002415635646975924,0.0055927180535194805,40496
interiorNorth,2008-08-04,0.009184517467857936,0.010885123688903407,5726
interiorSouth,2008-08-04,0.014384077374615204,0.01422022231555453,12535
alaskaRange,2008-08-12,0.005646411398338387,0.009673660281046728,29200
coastNorth,2008-08-12,0.005942087041769105,0.007362304113359149,40620
coastSouth,2008-08-12,0.002457423981721527,0.005606492712466523,15344
interiorNorth,2008-08-12,0.0091039371129605,0.010191406545780485,4165
interiorSouth,2008-08-12,0.007508135975201032,0.011766989861388123,14369
alaskaRange,2008-08-20,0.005436900436489804,0.009906254762300634,33437
coastNorth,2008-08-20,0.005107897517186043,0.007078422162334798,31565
coastSouth,2008-08-20,0.0016375415392041214,0.003936434846995389,9404
interiorNorth,2008-08-20,4.8662682772794764E-4,0.002165345403563878,1675
interiorSouth,2008-08-20,0.002365496986280538,0.0055624973405517695,3018
alaskaRange,2008-08-28,0.006570151490265067,0.010006850165730876,44016
coastNorth,2008-08-28,0.005895373012260894,0.008259933213932744,77744
coastSouth,2008-08-28,0.0027194305232738354,0.004929082510569323,30977
interiorNorth,2008-08-28,0.004331790870886962,0.006602010325165814,3761
interiorSouth,2008-08-28,0.0035644409724018503,0.005782561941953838,3364
alaskaRange,2009-06-02,0.004181199611065103,0.00875573087064505,47906
coastNorth,2009-06-02,0.0023789333942632177,0.004971301501963164,90796
coastSouth,2009-06-02,1.5110786082812839E-4,9.8010783671921E-4,56362
interiorNorth,2009-06-02,0.0012312902923620618,0.0027342377908070015,3556
interiorSouth,2009-06-02,0.003310243813583575,0.003414898621337978,22757
alaskaRange,2009-06-10,0.004093175980463066,0.010040479275481235,34354
coastNorth,2009-06-10,0.0018334732598584598,0.0047774983638229065,76333
coastSouth,2009-06-10,7.68083017840632E-4,0.0022092417129918602,23346
interiorNorth,2009-06-10,0.005772134632059112,0.007167156275011684,4449
interiorSouth,2009-06-10,0.003172329971129229,0.004144669918327181,6768
alaskaRange,2009-06-18,0.0021126846788283456,0.004293396383698311,23126
coastNorth,2009-06-18,0.0031302385556799734,0.005629829786783184,68820
coastSouth,2009-06-18,0.0011092028697775827,0.0027672388333671587,14619
interiorNorth,2009-06-18,7.845876508496733E-4,0.002141207807765655,1205
interiorSouth,2009-06-18,0.0031297406248419275,0.004466436083953294,2067
alaskaRange,2009-06-26,0.0061490858918204685,0.01295093340010711,37878
coastNorth,2009-06-26,0.006078501613607882,0.010054450727381262,71831
coastSouth,2009-06-26,7.485653046490125E-4,0.002310743944916436,38765
interiorNorth,2009-06-26,7.405829977048472E-4,0.0024007837904754118,733
interiorSouth,2009-06-26,0.006936841945953018,0.006555455635894489,7958
alaskaRange,2009-07-04,0.008952982753741883,0.012023390435707978,38097
coastNorth,2009-07-04,0.007663698802442708,0.009333530242695393,86652
coastSouth,2009-07-04,0.003012018636371033,0.006223030739080683,45191
interiorNorth,2009-07-04,0.004044120750179724,0.007504665268825294,3581
interiorSouth,2009-07-04,0.0093630810605919,0.008223854625009372,4633
alaskaRange,2009-07-12,0.00704694449840789,0.011090961623899071,25735
coastNorth,2009-07-12,0.006555046838932629,0.008949804462643159,76169
coastSouth,2009-07-12,0.0035365712427547396,0.00666435313033154,33307
interiorNorth,2009-07-12,0.010385427406754813,0.008382553609150314,5257
interiorSouth,2009-07-12,0.010687834749429241,0.01054738471809698,7042
alaskaRange,2009-07-20,0.0012413948872530235,0.004397997981563261,9161
coastNorth,2009-07-20,0.004608766286056585,0.007870304165944945,39914
coastSouth,2009-07-20,0.0036812603533339433,0.00638829691536253,22733
interiorNorth,2009-07-20,0.00881334145785941,0.009348329104514599,3885
interiorSouth,2009-07-20,0.012097845170019264,0.013588714835813549,13634
alaskaRange,2009-07-28,0.005211174745673437,0.010942932409798954,51292
coastNorth,2009-07-28,0.006604247301828591,0.009583605587114595,93401
coastSouth,2009-07-28,0.00599619205738964,0.008369848407486828,70495
interiorNorth,2009-07-28,0.009312254847489923,0.012239837525873418,8562
interiorSouth,2009-07-28,0.006424685736182873,0.01155216408273432,14080
alaskaRange,2009-08-05,0.003360818143877212,0.00894255156598691,49600
coastNorth,2009-08-05,0.0048784232695720945,0.008746694820140006,67349
coastSouth,2009-08-05,0.004833345443313557,0.00785981428283144,43230
interiorNorth,2009-08-05,0.009058641901951868,0.012077104585420008,9058
interiorSouth,2009-08-05,0.0043145006530614345,0.008176207809152326,15665
alaskaRange,2009-08-13,0.0017831386620773032,0.0061036372173500575,39976
coastNorth,2009-08-13,0.00440094960507832,0.00871102206184503,33360
coastSouth,2009-08-13,0.002912260650804147,0.0063495863225028195,25069
interiorNorth,2009-08-13,0.0018707642226825354,0.005190177039734807,3001
interiorSouth,2009-08-13,0.0024088217625603497,0.006392240262656996,14215
alaskaRange,2009-08-21,0.0025172693090412105,0.006329055541662701,46579
coastNorth,2009-08-21,0.007657485423081259,0.010147765789192789,51648
coastSouth,2009-08-21,0.004350321496760273,0.0076585078824333895,14479
interiorNorth,2009-08-21,0.004432403780327154,0.006149208732660272,3188
interiorSouth,2009-08-21,0.0025953212907724806,0.007108421383384077,15179
alaskaRange,2009-08-29,0.0017162593207243927,0.005353228023833424,51359
coastNorth,2009-08-29,0.0055407637623521005,0.008984690378654027,79780
coastSouth,2009-08-29,0.00333776040800959,0.007088259926641198,43427
interiorNorth,2009-08-29,0.00552744342445081,0.00936878857394815,7874
interiorSouth,2009-08-29,0.002378953550928112,0.006828546984012117,14340
alaskaRange,2010-06-02,8.183228395584478E-4,0.002886329369857044,37634
coastNorth,2010-06-02,3.232346853148491E-4,0.0016934341123821294,69166
coastSouth,2010-06-02,6.176965299571635E-4,0.0017656306601043829,43546
interiorNorth,2010-06-02,0.0017041320523673521,0.0058601065421958,1868
interiorSouth,2010-06-02,5.51746063436627E-4,0.001738275681775321,4647
alaskaRange,2010-06-10,0.001612361909065884,0.006372264428988173,27451
coastNorth,2010-06-10,3.73686548429366E-4,0.0015935006384584854,51389
coastSouth,2010-06-10,0.0019691606218021442,0.0034372594374207544,30117
interiorNorth,2010-06-10,0.006270106864295281,0.012185402914531903,2461
interiorSouth,2010-06-10,0.0012023815792912645,0.0026789546497630696,7009
alaskaRange,2010-06-18,0.0020454531941455547,0.005298917863392653,28875
coastNorth,2010-06-18,1.7030936426614735E-4,0.0013666954000556579,57956
coastSouth,2010-06-18,0.0013008672291718523,0.003179485831320017,31361
interiorNorth,2010-06-18,0.003224915776218065,0.009236786544774677,3658
interiorSouth,2010-06-18,0.0039037447936740737,0.007535283739480915,7687
alaskaRange,2010-06-26,0.004773146280277501,0.011759438939301977,24876
coastNorth,2010-06-26,0.0011115860776501679,0.0038216212834109096,37967
coastSouth,2010-06-26,0.0011166817551247347,0.0029618935196763035,7552
interiorNorth,2010-06-26,0.0020475496334754714,0.0033505205958764715,1636
interiorSouth,2010-06-26,0.004858458458694,0.006503567403406741,1118
alaskaRange,2010-07-04,0.005238294592289392,0.010383493514572194,36840
coastNorth,2010-07-04,0.004055655511258772,0.006942422794858909,51126
coastSouth,2010-07-04,0.003001687614864362,0.00623840478580254,23220
interiorNorth,2010-07-04,0.010070631142799737,0.01350437805109449,2713
interiorSouth,2010-07-04,0.010685417136691836,0.009217589138259293,9113
alaskaRange,2010-07-12,0.0046406274376508605,0.00855078980730753,43087
coastNorth,2010-07-12,0.003272512262256963,0.007001571012901328,73582
coastSouth,2010-07-12,0.0050907763341911045,0.007304976006681051,49693
interiorNorth,2010-07-12,0.0076999145089827765,0.00880299088769893,2015
interiorSouth,2010-07-12,0.017114609591000435,0.013356436383230079,9073
alaskaRange,2010-07-20,0.004099255642795929,0.008407298500099643,22185
coastNorth,2010-07-20,0.004935600275858037,0.008894490636277572,22509
coastSouth,2010-07-20,0.0074785153167093036,0.009605186008938612,64436
interiorNorth,2010-07-20,0.006105957427197518,0.00893443405640034,2854
interiorSouth,2010-07-20,0.018218639087972617,0.016321437722010206,12694
alaskaRange,2010-07-28,0.002527642828704725,0.008399256832762157,14019
coastNorth,2010-07-28,0.00635677346565127,0.010892222361037667,79181
coastSouth,2010-07-28,0.011348433992431926,0.01187274010467472,70030
interiorNorth,2010-07-28,0.006925177036874331,0.009265951377843456,8707
interiorSouth,2010-07-28,0.014945485249425586,0.01580659739029663,10295
alaskaRange,2010-08-05,0.005440343919080788,0.009426998119874637,10510
coastNorth,2010-08-05,0.004128323773948311,0.0084914944102089,42254
coastSouth,2010-08-05,0.004109629207559747,0.0070175019140619145,43036
interiorNorth,2010-08-05,0.00118712960450467,0.0034361411266509876,4612
interiorSouth,2010-08-05,0.01025817848334206,0.013651333565369735,7324
alaskaRange,2010-08-13,0.006657528903206399,0.010980846969534198,52502
coastNorth,2010-08-13,0.004665658731036231,0.008715685086904765,62998
coastSouth,2010-08-13,0.005040917376344665,0.008760463262665398,60682
interiorNorth,2010-08-13,0.004440159049642807,0.008985913866674603,6690
interiorSouth,2010-08-13,0.005080460068782145,0.011500875298470985,16471
alaskaRange,2010-08-21,0.006090002137295096,0.011048405339383574,49806
coastNorth,2010-08-21,0.004873840163241277,0.00947072794713145,87806
coastSouth,2010-08-21,0.004371694393824056,0.007243643037325155,28004
interiorNorth,2010-08-21,0.0010612692243409003,0.003374470928397572,3036
interiorSouth,2010-08-21,0.002197948677395044,0.00625534626387531,8080
alaskaRange,2010-08-29,0.003790205831718199,0.007705231673087941,47079
coastNorth,2010-08-29,0.0037319072132948484,0.008391391757426783,83361
coastSouth,2010-08-29,0.003362519890567617,0.006565188659906281,23029
interiorNorth,2010-08-29,0.00251008464729196,0.006035723915170752,3404
interiorSouth,2010-08-29,0.003504069504548551,0.005646299744266224,7670
alaskaRange,2011-06-02,0.0036819836599627587,0.006190833694967694,46097
coastNorth,2011-06-02,4.1434340372128314E-4,0.001752975281204756,86113
coastSouth,2011-06-02,1.1451816321631105E-4,6.710804646002372E-4,37591
interiorNorth,2011-06-02,0.004713779703600192,0.004539396668907366,6030
interiorSouth,2011-06-02,0.0011263301847697416,0.002891500728315375,7400
alaskaRange,2011-06-10,0.002480508432125233,0.006204164588128192,23641
coastNorth,2011-06-10,3.0370722529844674E-4,0.0014381652266307603,65069
coastSouth,2011-06-10,7.139795117782625E-5,6.268462591791914E-4,23991
interiorNorth,2011-06-10,0.007185173184930396,0.006981178830081436,4527
interiorSouth,2011-06-10,8.814015745348592E-4,0.0016301559650067018,2447
alaskaRange,2011-06-18,0.004586852242311204,0.00903602913904249,39976
coastNorth,2011-06-18,0.002491001056986902,0.00861376413701275,50548
coastSouth,2011-06-18,2.351208379534538E-4,0.0011857558274577982,20495
interiorNorth,2011-06-18,0.0015897030101297413,0.00327239524129764,4182
interiorSouth,2011-06-18,0.0013857962245160344,0.002903140404387357,3942
alaskaRange,2011-06-26,0.0018891855565791147,0.004721844513518707,24241
coastNorth,2011-06-26,0.0016950817246130724,0.005195136723229046,55038
coastSouth,2011-06-26,4.5160505642609296E-4,0.0016578260097685055,24711
interiorNorth,2011-06-26,0.001820050368131947,0.0035002947129670224,4171
interiorSouth,2011-06-26,0.003424624940797037,0.004997876678684034,3679
alaskaRange,2011-07-04,0.0033487452532800738,0.008195793435886946,31755
coastNorth,2011-07-04,0.003179039704218347,0.007391353027941985,73086
coastSouth,2011-07-04,7.156601599275324E-4,0.002429499966873301,13482
interiorNorth,2011-07-04,0.00584982425118894,0.010468852594039147,764
interiorSouth,2011-07-04,0.006322062270655687,0.007581942553002558,5331
alaskaRange,2011-07-12,0.005654750844171471,0.008941767105064726,33938
coastNorth,2011-07-12,0.0027916378329461925,0.007460327478874702,45088
coastSouth,2011-07-12,0.0019459976405023984,0.004938858219794545,35872
interiorNorth,2011-07-12,0.007069054317615049,0.009502136860444564,3024
interiorSouth,2011-07-12,0.008369098097149771,0.008265370590604202,1722
alaskaRange,2011-07-20,0.008537134993825298,0.012363933819402697,39015
coastNorth,2011-07-20,0.006067700935907947,0.010693843860401906,62928
coastSouth,2011-07-20,0.0020775542057060938,0.005550311781032172,17650
interiorNorth,2011-07-20,0.007252483140488639,0.010138005011252943,2257
interiorSouth,2011-07-20,0.013134206411589626,0.01566638450991327,2972
alaskaRange,2011-07-28,0.006042608565254793,0.009869496983283634,32545
coastNorth,2011-07-28,0.003698804366161526,0.008898699242262659,48960
coastSouth,2011-07-28,0.0014196573179948398,0.004098718942237597,24461
interiorNorth,2011-07-28,0.007822958513614985,0.011522507648773949,6965
interiorSouth,2011-07-28,0.022080537043459216,0.017693369373303378,5563
alaskaRange,2011-08-05,0.004481122202410158,0.006674274696832026,44957
coastNorth,2011-08-05,0.004575712970728862,0.008009136374456527,70526
coastSouth,2011-08-05,0.003097715783444526,0.005683238328789754,36190
interiorNorth,2011-08-05,0.004658299060722934,0.009809357030638463,5615
interiorSouth,2011-08-05,0.0131201838101274,0.016665050682350913,8079
alaskaRange,2011-08-13,0.005925761611132722,0.01006212858397395,38945
coastNorth,2011-08-13,0.002450587653318461,0.006082967543179484,49375
coastSouth,2011-08-13,0.0010958754278966698,0.0036387916573292494,16863
interiorNorth,2011-08-13,5.64430700658487E-4,0.002022548089244142,1876
interiorSouth,2011-08-13,0.012644676632118056,0.017366907890835927,7653
alaskaRange,2011-08-21,0.004895867828320779,0.009513894937002216,51936
coastNorth,2011-08-21,0.0026714940671508417,0.005747109046789993,55550
coastSouth,2011-08-21,0.0029530555623580312,0.005330539290178714,27904
interiorNorth,2011-08-21,4.343315264692597E-4,0.002533904364518165,1162
interiorSouth,2011-08-21,0.007260265684581627,0.012287224918521281,12895
alaskaRange,2011-08-29,0.003978785456634337,0.00895681003213259,44849
coastNorth,2011-08-29,0.003024751824868472,0.006230834155813652,91000
coastSouth,2011-08-29,0.001963329993554573,0.004313481141119212,23368
interiorNorth,2011-08-29,0.001965285135419138,0.004094241426995612,3090
interiorSouth,2011-08-29,0.006124404514175593,0.009128738967580286,11314
alaskaRange,2012-06-01,0.002105387874649324,0.008115796967913038,36610
coastNorth,2012-06-01,2.5236637466585303E-5,2.532725337566171E-4,84352
coastSouth,2012-06-01,1.1443459674676077E-4,6.526803376602985E-4,41108
interiorNorth,2012-06-01,4.1016798528130415E-4,0.0014350067717002048,4752
interiorSouth,2012-06-01,9.4599760602053E-4,0.0025105058919655024,2288
alaskaRange,2012-06-09,8.914573585955164E-4,0.004764770443682155,38017
coastNorth,2012-06-09,9.054859674792875E-6,1.8478342312976332E-4,44476
coastSouth,2012-06-09,6.9411178519095575E-6,2.176286164309518E-4,35235
interiorNorth,2012-06-09,9.19122850404563E-5,6.707006217118204E-4,1557
interiorSouth,2012-06-09,3.6203818899779004E-4,0.0015968437665972814,3685
alaskaRange,2012-06-17,0.0018444757821211768,0.008080505512833451,60236
coastNorth,2012-06-17,2.2871484935174614E-4,0.0024066553575640467,71817
coastSouth,2012-06-17,1.2582555456078833E-5,3.254186913215255E-4,29844
interiorNorth,2012-06-17,0.001778491144801095,0.006478936431634217,4694
interiorSouth,2012-06-17,7.170387630516551E-4,0.0020539926375215058,5626
alaskaRange,2012-06-25,7.434765065827279E-4,0.003683448356723757,27991
coastNorth,2012-06-25,4.066249125305875E-4,0.002491729460853969,34685
coastSouth,2012-06-25,3.4399160942065394E-5,4.760161323397174E-4,6654
interiorNorth,2012-06-25,0.001284895818689544,0.0056190009217335826,2517
interiorSouth,2012-06-25,0.0011388214605168039,0.0033818602789060983,1294
alaskaRange,2012-07-03,0.0037455365212037484,0.007489311502083975,27866
coastNorth,2012-07-03,4.99858575756035E-4,0.0019890542873100044,24155
coastSouth,2012-07-03,8.371257744749785E-4,0.0020382054557178076,18095
interiorNorth,2012-07-03,0.0010447782266303472,0.003276483511154433,3214
interiorSouth,2012-07-03,0.004827852488732466,0.0062100754040500025,10461
alaskaRange,2012-07-11,0.003989236648387022,0.007287705099650954,56631
coastNorth,2012-07-11,5.404875857968239E-4,0.0026211163965351087,61518
coastSouth,2012-07-11,4.194846892240462E-4,0.0019777560668279882,30071
interiorNorth,2012-07-11,0.0037050919317588287,0.005903855101825587,2705
interiorSouth,2012-07-11,0.005498948219733279,0.006768743038141863,8312
alaskaRange,2012-07-19,0.0073417053306723155,0.009562799302952564,51421
coastNorth,2012-07-19,0.0013699951518257951,0.00419898805248108,70877
coastSouth,2012-07-19,7.293345684279035E-4,0.0025375786635990828,46328
interiorNorth,2012-07-19,0.004479122723051362,0.006777733241830694,4786
interiorSouth,2012-07-19,0.005802954886875278,0.007445937691741062,5553
alaskaRange,2012-07-27,0.005873646322740974,0.009903331930713896,43766
coastNorth,2012-07-27,0.0019058521307160976,0.005293076631607708,57572
coastSouth,2012-07-27,6.414595292365791E-4,0.002718667964296551,11295
interiorNorth,2012-07-27,0.002590653549161525,0.0049038663077254595,2726
interiorSouth,2012-07-27,0.005901172971599225,0.008947455471844046,5405
alaskaRange,2012-08-04,0.006609299917968036,0.00991106109181084,41655
coastNorth,2012-08-04,0.002943741914566397,0.006895030575470886,39943
coastSouth,2012-08-04,7.109956594182611E-4,0.0032696547937015163,26045
interiorNorth,2012-08-04,0.006250210489680196,0.008208973493728934,3493
interiorSouth,2012-08-04,0.009815394172912807,0.010887192658871465,12202
alaskaRange,2012-08-12,0.006650693464996395,0.009716787902180297,49476
coastNorth,2012-08-12,0.0028770780223052205,0.006884275037361657,75632
coastSouth,2012-08-12,0.0013432044750356221,0.0044134703844700566,49068
interiorNorth,2012-08-12,0.005591609566064151,0.009794829139342143,8003
interiorSouth,2012-08-12,0.005985786319015452,0.009091132137503235,15260
alaskaRange,2012-08-20,0.005541723714370653,0.00885441241417692,58135
coastNorth,2012-08-20,0.0032183132160368507,0.006977882608679487,67733
coastSouth,2012-08-20,0.001392780693791693,0.003926656967540822,34343
interiorNorth,2012-08-20,0.005227208542250542,0.009224972473773484,9100
interiorSouth,2012-08-20,0.003963642280972079,0.007225686153463729,11493
alaskaRange,2012-08-28,0.007038717715845211,0.009484581231686839,45766
coastNorth,2012-08-28,0.00278249480432617,0.0070167516325290325,77982
coastSouth,2012-08-28,0.0018140275528636131,0.0048537731173514745,51482
interiorNorth,2012-08-28,0.004342081921307166,0.0072577062262462804,7136
interiorSouth,2012-08-28,0.005205189025366532,0.007797389019829057,4750
alaskaRange,2013-06-02,7.808718765868618E-4,0.004267886546122125,61491
coastNorth,2013-06-02,6.200069039977121E-5,5.383895229124939E-4,87491
coastSouth,2013-06-02,6.1631954372022E-5,5.784759255513817E-4,10885
interiorNorth,2013-06-02,0.007674967749579328,0.010244522465071643,1497
interiorSouth,2013-06-02,4.67502314923958E-4,0.0019223438293829774,5158
alaskaRange,2013-06-10,0.001779743860655144,0.007329032618503777,74317
coastNorth,2013-06-10,3.036469256670404E-4,0.003387021412349641,94857
coastSouth,2013-06-10,1.6700311259941464E-4,0.0011188227609124468,28115
interiorNorth,2013-06-10,0.0013053472373895174,0.00423122636817255,2830
interiorSouth,2013-06-10,0.0034573956028065367,0.006389911104025005,9121
alaskaRange,2013-06-18,0.003648621938066768,0.010113562528765217,44081
coastNorth,2013-06-18,0.0011136955670078732,0.005847230738155656,81364
coastSouth,2013-06-18,0.0010020669803161742,0.0035054086601852556,24179
interiorNorth,2013-06-18,0.001318472630053416,0.003885171059201802,2842
interiorSouth,2013-06-18,0.009610337794153405,0.009873021914834763,2908
alaskaRange,2013-06-26,0.0016114453936728994,0.006332136321539432,32656
coastNorth,2013-06-26,3.3278573996797057E-4,0.0031289579120817894,49894
coastSouth,2013-06-26,0.0018352731715505824,0.005299880414791153,13665
interiorNorth,2013-06-26,0.0027927431562050917,0.0053476971351913314,2806
interiorSouth,2013-06-26,0.01679717437538835,0.012556658442350065,12237
alaskaRange,2013-07-04,0.0037310776637763006,0.006446606954488104,31446
coastNorth,2013-07-04,7.260122375830049E-4,0.0030097892155507675,27238
coastSouth,2013-07-04,0.002232598586859658,0.005270750774095469,26573
interiorNorth,2013-07-04,0.003659782245178038,0.007442311484794101,1420
interiorSouth,2013-07-04,0.018450866681415233,0.017980174734714294,5687
alaskaRange,2013-07-12,0.006080194389814967,0.01056167558523749,38986
coastNorth,2013-07-12,0.001328825305297595,0.003915874785122077,78213
coastSouth,2013-07-12,0.013494961286450058,0.011562004660854571,61609
interiorNorth,2013-07-12,0.007816593676595337,0.00929128203916485,6321
interiorSouth,2013-07-12,0.022401365706215433,0.017512464874935754,7196
alaskaRange,2013-07-20,0.006336552088161727,0.01064155276444431,44517
coastNorth,2013-07-20,0.002380828823265083,0.006192674467544919,73189
coastSouth,2013-07-20,0.0034320638593462694,0.007574517585320136,20393
interiorNorth,2013-07-20,0.0034577404708143727,0.0073046563467205295,3024
interiorSouth,2013-07-20,0.015170978806941559,0.01888338950102993,9089
alaskaRange,2013-07-28,0.005535199914312136,0.010193973972263091,50467
coastNorth,2013-07-28,0.0028787260109344208,0.006783299407949204,80141
coastSouth,2013-07-28,0.0025023351112605586,0.005819887420051724,57705
interiorNorth,2013-07-28,0.0035352823653902487,0.007523673082856443,7192
interiorSouth,2013-07-28,0.01067049767129067,0.015049783168921523,10852
alaskaRange,2013-08-05,0.0029942648311709827,0.006933649009889151,24628
coastNorth,2013-08-05,0.004304286517777776,0.009368679570460616,69503
coastSouth,2013-08-05,0.0028818265457846606,0.006105923446636619,60708
interiorNorth,2013-08-05,0.0024222861741447573,0.0060913939588889176,7672
interiorSouth,2013-08-05,0.0071354052461461166,0.013473211074185988,12154
alaskaRange,2013-08-13,0.003540713675766159,0.0090229645847302,36037
coastNorth,2013-08-13,0.004343574151795103,0.009268505825926667,78768
coastSouth,2013-08-13,0.0020773571520177983,0.0050527245640387105,43172
interiorNorth,2013-08-13,4.528450014211696E-4,0.003603286260186557,3410
interiorSouth,2013-08-13,0.004222384233060232,0.010341338493869277,5496
alaskaRange,2013-08-21,0.004003003139923888,0.010971649249686466,58646
coastNorth,2013-08-21,0.005154191040012103,0.009448319289848121,72481
coastSouth,2013-08-21,0.003365953524336976,0.006863222783109884,22572
interiorNorth,2013-08-21,0.00516031039992302,0.005827519974158859,5740
interiorSouth,2013-08-21,0.0025603187833987385,0.0072899308468810375,15287
alaskaRange,2013-08-29,4.7482382369305303E-4,0.003084896360975838,5173
coastNorth,2013-08-29,0.0026937438576789203,0.00689276555333182,51387
coastSouth,2013-08-29,0.0026293645501998374,0.0057894013116180105,59466
interiorNorth,2013-08-29,0.0031088142268706287,0.007361715755628889,7781
interiorSouth,2013-08-29,0.001808414885353781,0.006600818483832881,17099
alaskaRange,2014-06-02,0.0018545676170088586,0.0064129621883499575,50504
coastNorth,2014-06-02,0.0011498579815422331,0.002961749263708307,92864
coastSouth,2014-06-02,0.001058509764370329,0.0031512834087775096,36152
interiorNorth,2014-06-02,0.0056004285572371125,0.0054380188676548735,6124
interiorSouth,2014-06-02,0.005686084823579183,0.005424690349322679,14920
alaskaRange,2014-06-10,0.002602465346059946,0.007529091523307135,19854
coastNorth,2014-06-10,9.745024052388781E-4,0.005296430454711623,64006
coastSouth,2014-06-10,4.386730100111666E-4,0.0016197751364255893,37888
interiorNorth,2014-06-10,0.0028083283508632093,0.005737103679290906,3255
interiorSouth,2014-06-10,0.0032532931649651244,0.0049691744733243014,7715
alaskaRange,2014-06-18,0.0019501889329690864,0.006000447719639965,31282
coastNorth,2014-06-18,0.002008272743643114,0.005228829958559265,59927
coastSouth,2014-06-18,0.001161201691724885,0.0031160330426156474,12531
interiorNorth,2014-06-18,0.011231749109239271,0.017863886130670668,1321
interiorSouth,2014-06-18,0.004868961907027763,0.005855849318860756,9998
alaskaRange,2014-06-26,0.0023115998831535513,0.00756780437534456,43772
coastNorth,2014-06-26,0.0020122759899044293,0.006641393802662907,73963
coastSouth,2014-06-26,0.0017856136868629234,0.0038433550850081127,27172
interiorNorth,2014-06-26,0.00342596321532408,0.008626462123605032,2467
interiorSouth,2014-06-26,0.004730867784629238,0.007020321821044254,6415
alaskaRange,2014-07-04,0.007566621284453774,0.01481845411472787,52075
coastNorth,2014-07-04,0.002936155248024034,0.006681715924281221,58398
coastSouth,2014-07-04,0.0038921761971348235,0.0069463516368679186,24418
interiorNorth,2014-07-04,0.006928574708992977,0.008938566138284317,3589
interiorSouth,2014-07-04,0.008427828153071016,0.008504207968671218,11938
alaskaRange,2014-07-12,0.0056073950507969485,0.0077760961634241055,25078
coastNorth,2014-07-12,0.004763882074876821,0.008387457004976543,67637
coastSouth,2014-07-12,0.0036981733618659503,0.006817561968998993,37193
interiorNorth,2014-07-12,0.008126353209875183,0.01044043859732192,6139
interiorSouth,2014-07-12,0.01936069510038362,0.016257083017766683,15560
alaskaRange,2014-07-20,0.011511191063441893,0.010787059883833777,57431
coastNorth,2014-07-20,0.009849067466608892,0.0111044513551023,79962
coastSouth,2014-07-20,0.004548108217330059,0.007624335232191569,19534
interiorNorth,2014-07-20,0.004389888131896956,0.007864334730172362,2376
interiorSouth,2014-07-20,0.008430292304128423,0.010816797562617391,3761
alaskaRange,2014-07-28,0.013211970505690089,0.01208087081071613,55522
coastNorth,2014-07-28,0.007320499412058092,0.010439172987185616,73352
coastSouth,2014-07-28,0.005180032272031998,0.008533061471359314,39171
interiorNorth,2014-07-28,0.005667283629354461,0.009432125335544703,7941
interiorSouth,2014-07-28,0.008078122146908586,0.012050280620186687,13501
alaskaRange,2014-08-05,0.005491363173538131,0.010560987044554812,15083
coastNorth,2014-08-05,0.007169910751238362,0.010643738300888269,38653
coastSouth,2014-08-05,0.0033507797765807393,0.006406263198457675,28528
interiorNorth,2014-08-05,0.0036860259220466655,0.00837293121347026,5428
interiorSouth,2014-08-05,0.004104945791839977,0.009066613249956116,11125
alaskaRange,2014-08-13,0.0066138699368816865,0.010610466100730147,31754
coastNorth,2014-08-13,0.004729585983870227,0.008948411844792071,71257
coastSouth,2014-08-13,0.002842414149884905,0.006015572623160992,38716
interiorNorth,2014-08-13,0.002250326453803908,0.006321957470798657,6329
interiorSouth,2014-08-13,0.002325099727592186,0.007910244366350778,11121
alaskaRange,2014-08-21,0.0056418573035375875,0.01023076446362969,34256
coastNorth,2014-08-21,0.004820057652950711,0.009122659868144131,82807
coastSouth,2014-08-21,0.003476392385966721,0.00721575802831269,39715
interiorNorth,2014-08-21,0.0033482311175976375,0.007006415920001781,3521
interiorSouth,2014-08-21,0.001073252758100785,0.004097111660643936,9681
alaskaRange,2014-08-29,0.005708860408112531,0.009356707842605186,43114
coastNorth,2014-08-29,0.005178749050775283,0.007951670177538487,66664
coastSouth,2014-08-29,0.003983226425502833,0.0076315955071959455,23631
interiorNorth,2014-08-29,0.00678152730800708,0.007140490514328772,1763
interiorSouth,2014-08-29,0.0029548392898634643,0.0057874277975793744,4003
alaskaRange,2015-06-02,6.18643456242208E-4,0.00419948531909079,27120
coastNorth,2015-06-02,1.0169340919756314E-4,7.163535244774573E-4,21428
coastSouth,2015-06-02,2.665648362111764E-4,0.0014696357724730822,25062
interiorNorth,2015-06-02,9.787154342124971E-4,0.0035489702478995215,2514
interiorSouth,2015-06-02,0.0024376188432962756,0.003975285273029748,5502
alaskaRange,2015-06-10,0.002532927292324545,0.00936949482684995,67031
coastNorth,2015-06-10,1.846976108372821E-4,0.002002345696219318,86421
coastSouth,2015-06-10,2.696352194699852E-4,0.001552451993946191,31082
interiorNorth,2015-06-10,0.0015359991926881434,0.003466279556823555,1385
interiorSouth,2015-06-10,0.004438339731778166,0.0069599555425472834,6778
alaskaRange,2015-06-18,0.003407102433123364,0.009191806032182328,59735
coastNorth,2015-06-18,0.0014625769650417279,0.006065036815091153,84944
coastSouth,2015-06-18,0.0018826410442233394,0.0041016888236761655,52839
interiorNorth,2015-06-18,0.00444505795252454,0.007097851510512733,3945
interiorSouth,2015-06-18,0.001623172270014906,0.0038996110877739104,4497
alaskaRange,2015-06-26,0.0018190138207675565,0.004855928454190335,19763
coastNorth,2015-06-26,0.0010193305592239722,0.003356514429932718,41157
coastSouth,2015-06-26,9.400357961232428E-4,0.0034299485569804066,13393
interiorNorth,2015-06-26,0.004153659555266777,0.007999148205612327,2976
interiorSouth,2015-06-26,0.004644900931010977,0.006248754348719848,10109
alaskaRange,2015-07-04,0.001983823030429689,0.005836687192781541,24888
coastNorth,2015-07-04,6.823436197317575E-4,0.0033821758093217605,50602
coastSouth,2015-07-04,0.003431362926743009,0.00772940601122815,38311
interiorNorth,2015-07-04,0.004857264120207413,0.007738249574886876,2978
interiorSouth,2015-07-04,0.008107707408972912,0.010692706279847431,14170
alaskaRange,2015-07-12,0.0026524971100148425,0.006197333950433672,27763
coastNorth,2015-07-12,9.772720233919632E-4,0.0032697663693600533,50828
coastSouth,2015-07-12,0.0010027504180891086,0.003241070689324636,18018
interiorNorth,2015-07-12,0.0013650900128745487,0.0043046730822390395,2370
interiorSouth,2015-07-12,0.001452192297553108,0.00438209098059649,4101
alaskaRange,2015-07-20,0.003937941309309111,0.008423161657244162,46172
coastNorth,2015-07-20,0.0014342283719703509,0.00453963088854096,63646
coastSouth,2015-07-20,2.728903880069252E-4,0.0015523139270604423,24518
interiorNorth,2015-07-20,0.0013419297218082921,0.0047755003612105365,1297
interiorSouth,2015-07-20,5.214891705154517E-4,0.0022136048984711353,6278
alaskaRange,2015-07-28,0.003944678305102505,0.007773637803444251,46660
coastNorth,2015-07-28,0.001761347207441077,0.005498618395847303,72408
coastSouth,2015-07-28,9.693074102268848E-4,0.0035547481332457226,19728
interiorNorth,2015-07-28,0.0014142089842645474,0.004852424072756101,4307
interiorSouth,2015-07-28,8.042055433169882E-4,0.0033249192495534343,10587
alaskaRange,2015-08-05,0.004308754512672654,0.008393805097437946,50889
coastNorth,2015-08-05,0.0019064054943028464,0.005959825168395432,59397
coastSouth,2015-08-05,9.259692481733754E-4,0.003435707235152959,48385
interiorNorth,2015-08-05,8.969786171406178E-4,0.0038153133268645292,4065
interiorSouth,2015-08-05,5.201923938220549E-4,0.002789397154261513,10511
alaskaRange,2015-08-13,0.0035177259630641278,0.007104127205633883,41270
coastNorth,2015-08-13,0.002913629241444313,0.007497375698321355,71368
coastSouth,2015-08-13,0.0013811836843573755,0.004291007768419981,57714
interiorNorth,2015-08-13,0.0034146605139271785,0.007196101397220088,3526
interiorSouth,2015-08-13,4.086890821166965E-4,0.002576999755172749,9036
alaskaRange,2015-08-21,0.003182748353794941,0.006762973230912933,47975
coastNorth,2015-08-21,0.002646717449562385,0.006208013123359376,73695
coastSouth,2015-08-21,0.001673624751703051,0.004459144923968443,48358
interiorNorth,2015-08-21,0.0025238473255398213,0.006115610965402504,3744
interiorSouth,2015-08-21,0.0010661153124062685,0.004103238058248917,16623
alaskaRange,2015-08-29,0.0038830510656541316,0.006534357953835254,56728
coastNorth,2015-08-29,0.003107985651319202,0.0060778980733252625,88369
coastSouth,2015-08-29,0.0012294788622412573,0.003247568621816173,23233
interiorNorth,2015-08-29,0.00296779521369989,0.004760782107722618,3888
interiorSouth,2015-08-29,0.0023609800209636444,0.00361433088897387,5364
alaskaRange,2016-06-01,2.581038586655783E-4,0.0018959410768695274,41228
coastNorth,2016-06-01,3.4922426585750325E-4,0.002060764656808226,84640
coastSouth,2016-06-01,5.654936998182842E-4,0.001468741513592857,13532
interiorNorth,2016-06-01,0.0013838674702407754,0.0023450589571250803,2333
interiorSouth,2016-06-01,0.0018888033754420619,0.0038001977198702406,6953
alaskaRange,2016-06-09,0.0020473841528726223,0.009212678674991079,50388
coastNorth,2016-06-09,1.791876439981182E-4,0.0012926165973456722,84661
coastSouth,2016-06-09,1.9391284526159655E-4,0.001023243976615531,28862
interiorNorth,2016-06-09,0.00537079622476836,0.011763745781024022,1948
interiorSouth,2016-06-09,0.007587794905910934,0.007803687623709544,175
alaskaRange,2016-06-17,0.0037155198585501876,0.009872383995750534,33243
coastNorth,2016-06-17,6.737367270772878E-4,0.0043343097857404525,75173
coastSouth,2016-06-17,9.975642062299765E-4,0.0029690550532093635,28316
interiorNorth,2016-06-17,0.002280182145503852,0.005963200786010541,5071
interiorSouth,2016-06-17,0.0022392574883119297,0.004876531966529515,3666
alaskaRange,2016-06-25,0.003443016717273069,0.009001643310339083,27498
coastNorth,2016-06-25,0.0012865287686788897,0.004030228532082582,32639
coastSouth,2016-06-25,7.15724226616136E-4,0.0026244949814085254,25122
interiorNorth,2016-06-25,0.0060991437810213435,0.011456957238581422,2668
interiorSouth,2016-06-25,0.010454246481773271,0.011510052687097427,7488
alaskaRange,2016-07-03,0.004390608959877131,0.009099636679920513,35090
coastNorth,2016-07-03,0.0015240904103353068,0.004616086583660084,66281
coastSouth,2016-07-03,7.889609075932833E-4,0.0030175145849608656,14704
interiorNorth,2016-07-03,0.004872533247530485,0.006908603054087463,3502
interiorSouth,2016-07-03,0.010171430087808995,0.012506773126067182,1797
alaskaRange,2016-07-11,0.00468538326362772,0.009764679333208638,51494
coastNorth,2016-07-11,0.0019485911203714881,0.0055297348456718725,72351
coastSouth,2016-07-11,0.001043554998865202,0.0035023137844392297,36508
interiorNorth,2016-07-11,0.005374406505653863,0.0089909160886089,3990
interiorSouth,2016-07-11,0.00888205515844123,0.01089889535193125,2680
alaskaRange,2016-07-19,0.0043285001582661084,0.0077237786685726995,24661
coastNorth,2016-07-19,0.007687270217786265,0.009914682831714604,45947
coastSouth,2016-07-19,0.002397350521242708,0.005993357355894999,6600
interiorNorth,2016-07-19,0.001717978939996101,0.002956448700238079,300
interiorSouth,2016-07-19,0.0064835112809856175,0.012396848399581916,6638
alaskaRange,2016-07-27,0.0030972915167025053,0.006572657423185543,10346
coastNorth,2016-07-27,0.0032640817069626567,0.007766779523611061,60090
coastSouth,2016-07-27,0.001312146822414829,0.004120622359310847,50744
interiorNorth,2016-07-27,0.002785948646618828,0.006897040185357374,3861
interiorSouth,2016-07-27,0.005923657089807213,0.011276427745595041,9036
alaskaRange,2016-08-04,0.0036313145391600643,0.007924419425984274,11981
coastNorth,2016-08-04,7.680088956493904E-4,0.002842514697737639,18331
coastSouth,2016-08-04,0.0011785885080129717,0.0038123637805120084,54068
interiorNorth,2016-08-04,8.133729824081533E-4,0.003330913601906167,5673
interiorSouth,2016-08-04,0.002573838088010292,0.006460760027371049,12147
alaskaRange,2016-08-12,0.0034291778140406234,0.008462442571226336,32687
coastNorth,2016-08-12,0.0010406072868243883,0.003590094707732379,33080
coastSouth,2016-08-12,0.0015472317356911751,0.00430111201710936,27775
interiorNorth,2016-08-12,4.939190352373575E-4,0.0023512844075329878,5612
interiorSouth,2016-08-12,6.610616274575525E-4,0.003052032310271933,12469
alaskaRange,2016-08-20,0.004036345003958118,0.008548371854277008,53047
coastNorth,2016-08-20,0.0014979721631098368,0.0045875645032563495,75789
coastSouth,2016-08-20,0.0013945917950728324,0.004234974083359206,51230
interiorNorth,2016-08-20,5.011036315963486E-4,0.0025567128676880963,6023
interiorSouth,2016-08-20,6.421418577790891E-4,0.0025273163222796157,9343
alaskaRange,2016-08-28,0.004077892585007755,0.008608873347976106,67630
coastNorth,2016-08-28,0.0021911760347093343,0.00579299374816223,92123
coastSouth,2016-08-28,0.0013886263889184268,0.00433510453453047,25538
interiorNorth,2016-08-28,0.0030080753119342937,0.005158504776108792,1204
interiorSouth,2016-08-28,5.79308445885515E-4,0.003081613615400625,13818
alaskaRange,2017-06-02,4.984203238855069E-4,0.0038726182245928755,36831
coastNorth,2017-06-02,4.636688187245512E-5,5.630261297903973E-4,63919
coastSouth,2017-06-02,1.51354466044557E-4,8.868547455394219E-4,17600
interiorNorth,2017-06-02,1.9321883638016046E-4,0.0016448384603468312,3524
interiorSouth,2017-06-02,6.192208805151838E-4,0.001977804071861743,5364
alaskaRange,2017-06-10,0.0019730448688988103,0.0077093044977717745,33273
coastNorth,2017-06-10,2.2686991503061965E-4,0.0014995852355380195,39232
coastSouth,2017-06-10,6.306611421133511E-5,6.138546974565467E-4,13945
interiorNorth,2017-06-10,0.00881887353910518,0.004183895873153052,242
interiorSouth,2017-06-10,8.392106167779712E-4,0.0027332493679263436,3839
alaskaRange,2017-06-18,0.0014348184184409902,0.0061285663366176385,26876
coastNorth,2017-06-18,1.4053125810692746E-4,0.0012178831451606347,47180
coastSouth,2017-06-18,4.442438582964712E-4,0.0017822657161643348,37607
interiorNorth,2017-06-18,9.849384853468542E-4,0.002679942809642466,2117
interiorSouth,2017-06-18,9.578045245061737E-4,0.002857221374620327,8111
alaskaRange,2017-06-26,0.0015970047985173759,0.00447698923770958,19506
coastNorth,2017-06-26,4.644424682333787E-4,0.002593613324750046,12309
coastSouth,2017-06-26,2.7973763541241594E-4,0.0014662950010000087,11914
interiorNorth,2017-06-26,0.0037808116831273965,0.008986983137028639,2941
interiorSouth,2017-06-26,0.0020682076104149142,0.004018415464073967,6582
alaskaRange,2017-07-04,0.002987342051041985,0.007676102460429206,36943
coastNorth,2017-07-04,0.002155040472172101,0.005696959296999582,48985
coastSouth,2017-07-04,6.709282128876903E-4,0.0025936321941629798,11476
interiorNorth,2017-07-04,0.004210637266267127,0.00810922348189396,6688
interiorSouth,2017-07-04,0.013881687411323996,0.014109553393293301,10395
alaskaRange,2017-07-12,0.006699779317559851,0.009336321000094634,49277
coastNorth,2017-07-12,0.0018741318424259925,0.0048118708420796545,64807
coastSouth,2017-07-12,0.006430942687578005,0.008358639218272625,39175
interiorNorth,2017-07-12,0.0014176947158117913,0.003946091739029753,3073
interiorSouth,2017-07-12,0.017276149594393657,0.016068899593598324,18862
alaskaRange,2017-07-20,0.0023712525565332903,0.0059056811635499595,44959
coastNorth,2017-07-20,0.0021866953219890402,0.005328378871396744,67838
coastSouth,2017-07-20,0.0034014701298136114,0.006794255547614158,26902
interiorNorth,2017-07-20,0.003474271794764489,0.007114260038489714,3198
interiorSouth,2017-07-20,0.014284471239273514,0.014085940736944106,12611
alaskaRange,2017-07-28,0.002425400003747285,0.006140922998901334,31758
coastNorth,2017-07-28,0.002704989833660485,0.005943214493944009,70876
coastSouth,2017-07-28,0.004367859431754441,0.007728925022209669,40411
interiorNorth,2017-07-28,0.006664777621750933,0.010569577744581787,6380
interiorSouth,2017-07-28,0.01031613377035948,0.01352804251989265,15214
alaskaRange,2017-08-05,0.0024066948554259597,0.007460679926267324,38690
coastNorth,2017-08-05,0.0017549388899449564,0.00466033942947473,71592
coastSouth,2017-08-05,0.005590322097405944,0.009544501339462332,43361
interiorNorth,2017-08-05,0.0029565132780123918,0.007041471609797799,8728
interiorSouth,2017-08-05,0.003934961603812781,0.009668630307699697,18323
alaskaRange,2017-08-13,0.0029893165483107585,0.00653573323526639,19791
coastNorth,2017-08-13,0.002834146308147701,0.0054120458294092556,60866
coastSouth,2017-08-13,0.0013435645728458493,0.0038500665593301335,10037
interiorNorth,2017-08-13,4.8003230725555116E-4,0.002915974020929429,379
interiorSouth,2017-08-13,0.003398981086715851,0.008507948044758129,2944
alaskaRange,2017-08-21,0.0016404300092335185,0.004924819057466736,34502
coastNorth,2017-08-21,0.0016004430991872782,0.004373230803633689,20889
coastSouth,2017-08-21,0.001741891453262198,0.004524323806088393,21621
interiorNorth,2017-08-21,0.002075760452199394,0.005870213105609673,5401
interiorSouth,2017-08-21,0.0013638647508005012,0.004886613670793419,13480
alaskaRange,2017-08-29,3.17615994465636E-4,0.0015021630833262484,6174
coastNorth,2017-08-29,0.0015334614466450535,0.0032385031497733047,50896
coastSouth,2017-08-29,0.0014791764707832405,0.004019621928451931,60709
interiorNorth,2017-08-29,0.002785571604470685,0.006965300003645132,6110
interiorSouth,2017-08-29,0.0012976385099517608,0.005548824672807006,15727
alaskaRange,2018-06-02,0.001241776467445142,0.006885756254339929,52861
coastNorth,2018-06-02,1.5090362625186254E-4,0.0019928943119588327,85268
coastSouth,2018-06-02,7.601009867603951E-4,0.002360332362443022,12961
interiorNorth,2018-06-02,4.109297144327518E-4,0.0015394618174375736,1922
interiorSouth,2018-06-02,0.007112004571545104,0.0074527450676359994,2310
alaskaRange,2018-06-10,5.423497290725835E-4,0.004297372630563113,37336
coastNorth,2018-06-10,4.7953188115495445E-4,0.0032508686547184306,77282
coastSouth,2018-06-10,2.867922364420322E-4,0.00149528843257407,24462
interiorNorth,2018-06-10,3.2773498186303845E-4,0.00124192503830733,1789
interiorSouth,2018-06-10,0.007209059019260115,0.009517318006398122,12789
alaskaRange,2018-06-18,0.0016548517586545007,0.007017907920266707,38484
coastNorth,2018-06-18,4.6246428929130004E-5,4.2933261769199433E-4,27129
coastSouth,2018-06-18,8.250452627016934E-4,0.0030000311894096895,22020
interiorNorth,2018-06-18,0.002068527643460903,0.004589324514873168,1273
interiorSouth,2018-06-18,0.015554256528353775,0.013750006454057025,6550
alaskaRange,2018-06-26,8.358634101895019E-4,0.003400087991120169,50681
coastNorth,2018-06-26,2.5122685245236966E-4,0.0013395806899790467,69985
coastSouth,2018-06-26,7.969975331359277E-4,0.002838083245147322,23851
interiorNorth,2018-06-26,0.007579814205613246,0.016187213408331708,2869
interiorSouth,2018-06-26,0.009777991491575823,0.010202025811526164,2985
alaskaRange,2018-07-04,0.0026629503337706824,0.005016443665763137,34698
coastNorth,2018-07-04,0.0011020201402172386,0.0032980515189399485,72491
coastSouth,2018-07-04,0.0015762576740043944,0.004495195456088892,37547
interiorNorth,2018-07-04,0.00789780650050872,0.012353823924574162,4641
interiorSouth,2018-07-04,0.030260968086424367,0.021886058706066962,5593
alaskaRange,2018-07-12,0.0019798188284202147,0.004711287255917509,44072
coastNorth,2018-07-12,0.0013551769780051548,0.0034438455488167504,72672
coastSouth,2018-07-12,0.002682435198127038,0.006820186748886413,23251
interiorNorth,2018-07-12,0.003042240619505512,0.00620654527944555,1661
interiorSouth,2018-07-12,0.02465658517648786,0.025725056806540966,10975
alaskaRange,2018-07-20,0.0037813285972106087,0.007848936856326458,50390
coastNorth,2018-07-20,0.0015647423652266651,0.004242569853613421,68721
coastSouth,2018-07-20,0.0061421558482161005,0.009475706848970547,72293
interiorNorth,2018-07-20,0.009404748333595463,0.01587153060739344,9898
interiorSouth,2018-07-20,0.019398537003719286,0.023083754049386326,13195
alaskaRange,2018-07-28,0.004057599064933064,0.006067026899401267,37037
coastNorth,2018-07-28,0.0012263312048835775,0.0034710292339638336,60676
coastSouth,2018-07-28,0.0026432376651085725,0.007309191312786854,59384
interiorNorth,2018-07-28,0.0013840753886472288,0.004686599005507885,6641
interiorSouth,2018-07-28,0.012238035368442486,0.01936828608783506,13070
alaskaRange,2018-08-05,0.0018324823113740412,0.004340247818696276,26936
coastNorth,2018-08-05,6.347705282141186E-4,0.0028554963761795306,19640
coastSouth,2018-08-05,0.003163122065920603,0.007996890682223546,48436
interiorNorth,2018-08-05,0.004061848191942925,0.008515327261953882,5305
interiorSouth,2018-08-05,0.004399860981377641,0.012521001053968946,15999
alaskaRange,2018-08-13,0.0020152578362752963,0.005116099066391857,20243
coastNorth,2018-08-13,0.0019131384188813998,0.004402098838792137,54667
coastSouth,2018-08-13,0.002552373475114361,0.006006553095312363,59148
interiorNorth,2018-08-13,0.008000666380659913,0.014363584160414437,5127
interiorSouth,2018-08-13,0.0010186190052002347,0.006679269465454576,16284
alaskaRange,2018-08-21,0.002922147922462363,0.005926680081500687,40029
coastNorth,2018-08-21,0.0015060647131237314,0.004017611369218417,43553
coastSouth,2018-08-21,0.0025250406047804823,0.0058948865853608225,60542
interiorNorth,2018-08-21,0.0035922630955518343,0.009523241499549357,6739
interiorSouth,2018-08-21,8.480184204390283E-4,0.005543028621171551,14665
alaskaRange,2018-08-29,0.0027260184369123234,0.005901026184657949,50250
coastNorth,2018-08-29,0.003004186491162432,0.005999836222265025,90251
coastSouth,2018-08-29,0.003646950095795047,0.006340248175890512,48091
interiorNorth,2018-08-29,0.00880948714029696,0.009504993199767255,4273
interiorSouth,2018-08-29,0.006861266766673809,0.0071488632431163475,15510
alaskaRange,2019-06-02,4.766752943448898E-4,0.00419410309020282,51167
coastNorth,2019-06-02,2.1198444581270673E-4,0.002254780093224585,84474
coastSouth,2019-06-02,4.4123760601907274E-4,0.0016240646053471957,14339
interiorNorth,2019-06-02,0.0012248337600075352,0.0018982724261504354,1494
interiorSouth,2019-06-02,0.0017387237778500356,0.003450836362681543,2788
alaskaRange,2019-06-10,0.0020730298105185022,0.008551370674987908,62580
coastNorth,2019-06-10,6.510578694674182E-4,0.004092215285424779,65823
coastSouth,2019-06-10,7.052906832552578E-4,0.0023057517124120113,11653
interiorNorth,2019-06-10,0.0015792963078210011,0.0031589836292603836,2590
interiorSouth,2019-06-10,0.0018907709719213092,0.003800410086764927,6469
alaskaRange,2019-06-18,0.0014046353646079675,0.0059916674432597666,52560
coastNorth,2019-06-18,8.899097096731087E-4,0.004750457429085053,84760
coastSouth,2019-06-18,0.0012792904509550495,0.0034932374298741785,25915
interiorNorth,2019-06-18,0.0029249185297431928,0.004156656550464975,2041
interiorSouth,2019-06-18,0.001818680317587403,0.0030429519226382257,1358
alaskaRange,2019-06-26,0.0036027357891810293,0.009559963094992399,48678
coastNorth,2019-06-26,0.0018893729486565676,0.0066699933024015785,70108
coastSouth,2019-06-26,0.011469267535609338,0.011855106210742929,56413
interiorNorth,2019-06-26,0.010150050474264606,0.011521621981487125,4609
interiorSouth,2019-06-26,0.007581876776605847,0.00924222397034609,3645
alaskaRange,2019-07-04,0.008251636332259294,0.01153187892049276,51498
coastNorth,2019-07-04,0.005828702407377152,0.008689491585330826,76654
coastSouth,2019-07-04,0.010450865348304651,0.011176662568363378,48962
interiorNorth,2019-07-04,0.011145710294971882,0.01431838141672703,4090
interiorSouth,2019-07-04,0.008289639194358076,0.00980045017965047,1165
alaskaRange,2019-07-12,0.0036262451794092845,0.0066776396783273595,38943
coastNorth,2019-07-12,0.002506492198617359,0.005202525993751914,33283
coastSouth,2019-07-12,0.003374507760889244,0.00602660380774214,6826
interiorNorth,2019-07-12,0.0033608111392925766,0.008367715381893672,2125
interiorSouth,2019-07-12,0.007278028505018644,0.008753435926059611,1954
alaskaRange,2019-07-20,0.00547346812193456,0.007744033179566324,42106
coastNorth,2019-07-20,0.002386560238694248,0.005548998093751878,48907
coastSouth,2019-07-20,0.003951256632419074,0.006963388389544811,33298
interiorNorth,2019-07-20,0.00510678893498599,0.012199287287094055,6492
interiorSouth,2019-07-20,0.007784033383798522,0.00991848730242985,10906
alaskaRange,2019-07-28,0.007830710760300922,0.010182543428111071,38272
coastNorth,2019-07-28,0.003411897036203296,0.006944437323605572,65103
coastSouth,2019-07-28,0.004620254125495647,0.008056621659136563,64313
interiorNorth,2019-07-28,0.0059114237779875805,0.010004520751777782,2411
interiorSouth,2019-07-28,0.006898631856868732,0.009594239674024492,4760
alaskaRange,2019-08-05,0.004705715319682421,0.009093440402216088,49447
coastNorth,2019-08-05,0.0031682901050013234,0.006729537414684442,81969
coastSouth,2019-08-05,0.0033239794068272515,0.007142695191183372,67768
interiorNorth,2019-08-05,0.003427012523740456,0.008617817484368418,6451
interiorSouth,2019-08-05,0.004282653292670863,0.008011416461113379,11048
alaskaRange,2019-08-13,0.004826090193270276,0.008657097347570138,54992
coastNorth,2019-08-13,0.004875814892245651,0.008756419959923639,88897
coastSouth,2019-08-13,0.00426086055663058,0.008592198092711473,48100
interiorNorth,2019-08-13,0.0013846754897284604,0.005088635049323287,2875
interiorSouth,2019-08-13,0.001209996716195067,0.004512781268028421,11746
alaskaRange,2019-08-21,0.0028042380344463686,0.006801451495085224,47703
coastNorth,2019-08-21,0.003990953398114021,0.007459713385368347,95671
coastSouth,2019-08-21,0.0034952862160836655,0.0066304885419685615,43754
interiorNorth,2019-08-21,0.003158955589699596,0.0055930952700272004,1854
interiorSouth,2019-08-21,0.001025099611760642,0.003894944956596193,11118
alaskaRange,2019-08-29,0.0023054644001005956,0.006161025666937304,45607
coastNorth,2019-08-29,0.0031263690475661072,0.006658270724689876,94595
coastSouth,2019-08-29,0.004592498722183859,0.008499903208807114,68250
interiorNorth,2019-08-29,0.0048975538042269305,0.009661774484130985,6203
interiorSouth,2019-08-29,4.10813725442055E-4,0.0021592776016268467,14045
alaskaRange,2020-06-01,4.791276674182723E-4,0.002556013306401043,42323
coastNorth,2020-06-01,4.807429006273275E-5,5.111005274764978E-4,74719
coastSouth,2020-06-01,5.978570193471325E-4,0.0018121335377681636,19951
interiorNorth,2020-06-01,9.232021355202294E-4,0.0022714304693083483,2083
interiorSouth,2020-06-01,0.0010504093238619039,0.0023586172350508927,2860
alaskaRange,2020-06-09,0.002478576267252234,0.008595089918515077,46280
coastNorth,2020-06-09,3.4895879690520704E-4,0.0029320001512845133,70707
coastSouth,2020-06-09,2.5088695235324387E-4,0.0012472932605469456,9906
interiorNorth,2020-06-09,8.713481888301897E-5,8.329671487857704E-4,3758
interiorSouth,2020-06-09,0.0020451217164904807,0.002797816060418199,997
alaskaRange,2020-06-17,4.7220315707440446E-4,0.0029276797823598395,11099
coastNorth,2020-06-17,2.419388031568463E-4,0.0021361056427445565,36993
coastSouth,2020-06-17,7.493936353460939E-5,8.317726259455779E-4,7710
interiorNorth,2020-06-17,4.995543954832932E-4,0.0018635330020271507,1099
interiorSouth,2020-06-17,0.0010170718515813085,0.002832950324282823,6443
alaskaRange,2020-06-25,0.0063175688974587705,0.008916328206722382,37466
coastNorth,2020-06-25,0.001487202283647909,0.004059022363288025,67989
coastSouth,2020-06-25,1.5475143941327197E-4,0.0010568183228164825,39367
interiorNorth,2020-06-25,0.002005737707100349,0.007922625581947944,1937
interiorSouth,2020-06-25,0.004390517724855141,0.005304086941381396,6855
alaskaRange,2020-07-03,0.008029748441236988,0.010600862236078826,34002
coastNorth,2020-07-03,0.002120127559344542,0.006132168988340062,54472
coastSouth,2020-07-03,6.790205056196674E-4,0.002064099536245106,5883
interiorNorth,2020-07-03,4.096566435372153E-4,0.001865225192593413,1252
interiorSouth,2020-07-03,0.0035937248958326155,0.006959908390981384,1014
alaskaRange,2020-07-11,0.009683871660974343,0.01168600517937641,38368
coastNorth,2020-07-11,0.003944768327994764,0.00774845371097484,42765
coastSouth,2020-07-11,0.0024842979243315626,0.00574614790702664,8002
interiorNorth,2020-07-11,0.0,0.0,1219
interiorSouth,2020-07-11,0.010668492832772259,0.013718536617311847,1774
alaskaRange,2020-07-19,0.00923218611989988,0.012612898297303375,34772
coastNorth,2020-07-19,0.005942502190114915,0.010203376295004967,34228
coastSouth,2020-07-19,0.0018140479140105479,0.004471445886702452,11515
interiorNorth,2020-07-19,9.290688651892694E-4,0.003921581390973252,2512
interiorSouth,2020-07-19,0.018683559276698528,0.016870560658900326,6500
alaskaRange,2020-07-27,0.008513482744011544,0.010896823871663271,48663
coastNorth,2020-07-27,0.008533427376351741,0.011721599122428284,76204
coastSouth,2020-07-27,0.004254193395480422,0.007892557206098598,36670
interiorNorth,2020-07-27,0.012496571554166596,0.013417532153403399,7427
interiorSouth,2020-07-27,0.015150796274062387,0.013927540310899121,13121
alaskaRange,2020-08-04,0.007424450129812367,0.012473134277784794,39676
coastNorth,2020-08-04,0.004883892397745847,0.00798599645715296,46990
coastSouth,2020-08-04,0.003169849785919624,0.006823847908564095,6939
interiorNorth,2020-08-04,0.0,0.0,388
interiorSouth,2020-08-04,0.012993024143647315,0.013536627935623118,6888
alaskaRange,2020-08-12,0.006194048324759267,0.011113803532065803,48595
coastNorth,2020-08-12,0.006098371052861375,0.009441165792725054,71430
coastSouth,2020-08-12,0.003325309147584404,0.007023527899811513,16168
interiorNorth,2020-08-12,0.004059310740403526,0.007125884838025051,3194
interiorSouth,2020-08-12,0.009883637278777885,0.0133802479421427,12616
alaskaRange,2020-08-20,0.002949082361237693,0.007934055247218453,36680
coastNorth,2020-08-20,0.004840907365761609,0.009210621657724356,58200
coastSouth,2020-08-20,0.001353315716067134,0.0038676359146039493,11121
interiorNorth,2020-08-20,0.0034973034013954882,0.0062116389596411125,3330
interiorSouth,2020-08-20,0.007324212168983928,0.011746237303124792,7309
alaskaRange,2020-08-28,0.0020871475868989493,0.0061461337866368405,30917
coastNorth,2020-08-28,0.003418604870772809,0.0060758809360707865,63228
coastSouth,2020-08-28,0.003033908824178255,0.005627248304279975,30079
interiorNorth,2020-08-28,9.736031665517663E-4,0.0038203950685323134,1481
interiorSouth,2020-08-28,0.005514604245351172,0.010356754181449702,9052
alaskaRange,2021-06-02,3.317945808824569E-4,0.0013538176494139035,60724
coastNorth,2021-06-02,7.606146618321691E-6,1.6816976320509425E-4,85551
coastSouth,2021-06-02,1.5307336835717844E-4,8.895998720468531E-4,45204
interiorNorth,2021-06-02,7.305932371848174E-5,4.3218850512493246E-4,4438
interiorSouth,2021-06-02,0.0019660793463939182,0.003001802064116373,8942
alaskaRange,2021-06-10,2.470074163674286E-4,0.001649922649587655,54234
coastNorth,2021-06-10,2.369229699849017E-5,3.5226011205981365E-4,93459
coastSouth,2021-06-10,2.19516187041671E-5,3.165078497562722E-4,27954
interiorNorth,2021-06-10,2.2463439076472673E-4,0.00148220601380218,2136
interiorSouth,2021-06-10,0.0026424682706998274,0.00387505311084135,2950
alaskaRange,2021-06-18,9.371631374763355E-4,0.0025454195151148953,14026
coastNorth,2021-06-18,1.2503673971425537E-4,0.001189651336286867,24253
coastSouth,2021-06-18,3.999783449609915E-5,5.633063566522051E-4,25892
interiorNorth,2021-06-18,3.595203582288237E-4,0.0014541722108071908,1764
interiorSouth,2021-06-18,0.004912922694800339,0.005520929298561456,10090
alaskaRange,2021-06-26,0.0022330172287737316,0.004451981738276389,26422
coastNorth,2021-06-26,9.113490759516473E-4,0.0029247490494472865,75750
coastSouth,2021-06-26,8.923929692807434E-4,0.0030088673469915615,43073
interiorNorth,2021-06-26,0.007186888853960593,0.009389972877355752,6107
interiorSouth,2021-06-26,0.01465545582950453,0.012713755668533121,14160
alaskaRange,2021-07-04,0.002897349388214041,0.0052716267412684994,23459
coastNorth,2021-07-04,0.0015510094571007907,0.003597405858470366,44227
coastSouth,2021-07-04,0.0020809452629125744,0.006425721815266877,28609
interiorNorth,2021-07-04,0.005732043126905285,0.0072310867728177936,3565
interiorSouth,2021-07-04,0.010185102028624413,0.011893808683525369,9594
alaskaRange,2021-07-12,0.0050017313103192795,0.007321862476137483,44423
coastNorth,2021-07-12,0.0025580977652334895,0.005815534643657719,64764
coastSouth,2021-07-12,0.002607993772809527,0.0055328473749388695,14892
interiorNorth,2021-07-12,0.007987774532729782,0.009318581108125331,2868
interiorSouth,2021-07-12,0.014649626775006164,0.015378861072849732,14404
alaskaRange,2021-07-20,0.005836450894698885,0.008486837080322105,21616
coastNorth,2021-07-20,0.0035781270971813246,0.006619437176613339,54835
coastSouth,2021-07-20,0.0014420335336984425,0.00379110614995508,15598
interiorNorth,2021-07-20,9.476109571926938E-4,0.0026523566118559845,1646
interiorSouth,2021-07-20,0.007510027249148885,0.012821842055658507,11583
alaskaRange,2021-07-28,0.004466081676277579,0.008139466863830791,43640
coastNorth,2021-07-28,0.0036560612630096396,0.0070950768363547,72765
coastSouth,2021-07-28,0.0022295267272405056,0.005504354803926028,41899
interiorNorth,2021-07-28,0.006081733135907218,0.010267273583378483,7205
interiorSouth,2021-07-28,0.003894220538894943,0.010457696477298618,17948
alaskaRange,2021-08-05,0.004299784249150229,0.007997857623264685,29476
coastNorth,2021-08-05,0.0020693538148610032,0.0054495127065697325,52276
coastSouth,2021-08-05,8.745933826958475E-4,0.0036034699070937202,18737
interiorNorth,2021-08-05,0.0028323692021412026,0.007880271797240199,878
interiorSouth,2021-08-05,0.0010298531928140979,0.004261600972916525,17394
alaskaRange,2021-08-13,0.0019404726574482622,0.005145217258918543,37671
coastNorth,2021-08-13,0.0039311826648239945,0.00790666949318578,75810
coastSouth,2021-08-13,0.0024714696303631675,0.004854696880966071,42911
interiorNorth,2021-08-13,0.0029860306400015892,0.006179360556048116,2942
interiorSouth,2021-08-13,0.0011865602257001852,0.004666702605991192,15810
alaskaRange,2021-08-21,0.0033926345517290525,0.005871242943741123,49250
coastNorth,2021-08-21,0.003918235606492687,0.007362680594253206,84505
coastSouth,2021-08-21,0.0012347444642553003,0.0038060396816998257,35138
interiorNorth,2021-08-21,0.003996937435439095,0.006219225567959362,4604
interiorSouth,2021-08-21,0.004785531664247468,0.00582945023048298,9364
alaskaRange,2021-08-29,0.0027115618791693497,0.005475857029458869,42695
coastNorth,2021-08-29,0.0033054432222072174,0.006154136779997306,82508
coastSouth,2021-08-29,0.0019092089338046203,0.004405007608802533,47042
interiorNorth,2021-08-29,0.0037108356357569636,0.0074362828285614545,6364
interiorSouth,2021-08-29,0.0034234048370378606,0.006091968727013379,7520
alaskaRange,2022-06-02,0.001064446496444038,0.005757658191574788,53777
coastNorth,2022-06-02,4.849842450183129E-4,0.0036113731420945117,77667
coastSouth,2022-06-02,1.2238252727753E-5,2.1602108571967612E-4,22224
interiorNorth,2022-06-02,0.002096257401867792,0.007115907450310333,2737
interiorSouth,2022-06-02,1.1388029994091465E-4,6.250069755330977E-4,2776
alaskaRange,2022-06-10,0.004336786494509239,0.006554427733340052,42710
coastNorth,2022-06-10,1.1208103983288613E-4,0.0017763199248777802,56322
coastSouth,2022-06-10,1.3585526690964252E-4,9.041631825962575E-4,41474
interiorNorth,2022-06-10,0.0012014958720489447,0.004375898518230144,8060
interiorSouth,2022-06-10,0.0016925994006280125,0.0030223587455510503,5128
alaskaRange,2022-06-18,0.0022759486583604476,0.007456433600693592,41492
coastNorth,2022-06-18,8.866546310367155E-4,0.005347775038911937,71811
coastSouth,2022-06-18,2.399017024878645E-4,0.0014398048308537123,39328
interiorNorth,2022-06-18,0.002097544338568054,0.007599025309537598,3515
interiorSouth,2022-06-18,0.0021791451736742026,0.0031739086037414635,7358
alaskaRange,2022-06-26,0.00705781994094318,0.01179154137877962,39967
coastNorth,2022-06-26,0.0017041806141149841,0.006953851858360072,79728
coastSouth,2022-06-26,8.669886038778232E-4,0.0027730083534544315,38248
interiorNorth,2022-06-26,0.003226777754945825,0.005819639644965505,5762
interiorSouth,2022-06-26,0.0056984751549106205,0.006265326698534441,11226
alaskaRange,2022-07-04,0.01010993181627715,0.012411579819511402,42364
coastNorth,2022-07-04,0.0026705469632832633,0.006006569212349594,57352
coastSouth,2022-07-04,0.002174123471980508,0.005329984097115448,27502
interiorNorth,2022-07-04,0.01384259636412484,0.012739309269120258,1745
interiorSouth,2022-07-04,0.009951835798392494,0.00783947858092715,3173
alaskaRange,2022-07-12,0.005897223545226303,0.00999777881567478,19745
coastNorth,2022-07-12,0.0028317477121942523,0.005473814534509958,10674
coastSouth,2022-07-12,0.003777854425914766,0.00660163679775938,9645
interiorNorth,2022-07-12,0.004095088536828565,0.006861952914796978,723
interiorSouth,2022-07-12,0.013878658828146878,0.0091197266688382,9100
alaskaRange,2022-07-20,0.006486403056703618,0.010938869702780558,43964
coastNorth,2022-07-20,0.005887720561365982,0.009779007527087817,58319
coastSouth,2022-07-20,0.005569304232009244,0.00941990878576722,26481
interiorNorth,2022-07-20,0.020242315606974492,0.01888350859092091,4612
interiorSouth,2022-07-20,0.015295687522051675,0.011862513978755287,9293
alaskaRange,2022-07-28,0.004007952534348286,0.009611593320067616,40309
coastNorth,2022-07-28,0.004295834062245037,0.008757623657600562,68293
coastSouth,2022-07-28,0.006233789561320287,0.011686678546948045,23560
interiorNorth,2022-07-28,0.01416337039054181,0.017830063953260065,3595
interiorSouth,2022-07-28,0.01338229793711211,0.013505938697650427,7940
alaskaRange,2022-08-05,0.0032622215672581086,0.006185640581098539,42075
coastNorth,2022-08-05,0.003735656034494149,0.006139971877610003,54260
coastSouth,2022-08-05,0.0064898745813846016,0.011125333955904081,51502
interiorNorth,2022-08-05,0.009648111719615736,0.013766045599591825,6660
interiorSouth,2022-08-05,0.010426488784897353,0.013071345935288999,14711
alaskaRange,2022-08-13,7.768912792074645E-4,0.0029861216412172733,11602
coastNorth,2022-08-13,0.0015204753918618842,0.0043700739098437415,26858
coastSouth,2022-08-13,0.005555898670806943,0.010794219420818615,41791
interiorNorth,2022-08-13,0.00667417750378383,0.012774116356684712,7015
interiorSouth,2022-08-13,0.00541650674747951,0.010402978608450048,13609
alaskaRange,2022-08-21,6.611840188450326E-4,0.003093207057079545,30901
coastNorth,2022-08-21,0.004005547208577603,0.007110764567391391,50722
coastSouth,2022-08-21,0.0044540869194462755,0.009264475819676916,50958
interiorNorth,2022-08-21,0.004947796532929253,0.011308130238791415,9352
interiorSouth,2022-08-21,0.003768147363701605,0.00908044285645224,12910
alaskaRange,2022-08-29,0.0017882336785435017,0.005196758220770882,41086
coastNorth,2022-08-29,0.0022931275455436505,0.004943690944693227,70215
coastSouth,2022-08-29,0.0015867446444277895,0.004750809010632114,15504
interiorNorth,2022-08-29,0.006248069140220322,0.012840577759885438,5698
interiorSouth,2022-08-29,0.0015576938972907094,0.005644807231580683,13771
